award_record_id,year,category,prize,motivation,prize_share,source_laureate_id,laureate_type,full_name,birth_date,birth_year,birth_city,birth_country,birth_coordinates,citizenship_countries,sex,affiliation_name,affiliation_city,affiliation_country,affiliation_coordinates,death_date,death_city,death_country,field_language,biographical_note,remarks
gairdner_international_award-000001,1959,,Canada Gairdner International Award,"In recognition of his contributions to the knowledge of medicine and especially for outstanding achievement in developing an operation for the treatment of congenital heart lesions, thus introducing a new era in cardiac surgery.",,11256dce-99e3-4072-8044-31feafcb4f39,Individual,Alfred Blalock,,1899,,,,,Male,,,,,1964,,,,(1899–1964),
gairdner_international_award-000002,1959,,Canada Gairdner International Award,"In recognition of his contribution to the knowledge of rheumatology and especially for achievement in introducing an agglutination test which has become a valuable investigative procedure in differentiation of rheumatoid arthritis from other rheumatic dis­eases, thus revealing a hitherto unknown avenue for the investigation of their origin.",,3752b484-5556-4dd8-9e2b-38e26be0e8ec,Individual,Charles Ragan,,1910,,,,,Male,,,,,1976,,,,(1910–1976),
gairdner_international_award-000003,1959,,Canada Gairdner International Award,"In recognition of her contribution to the knowledge of pharmacology and especially for meritorious achievement in introducing the methonium compounds, which have played a valuable role in the treatment of hypertension.",,7c3c7f63-709c-4a73-83b1-2be32300bfbd,Individual,Eleanor Zaimis,,1915,,,,,Female,,,,,1982,,,,(1915–1982),
gairdner_international_award-000004,1959,,Canada Gairdner International Award,"In recognition of his contribution to the knowledge of rheumatology and especially for achievement in introducing an agglutination test which has become a valuable investigative procedure in differentiation of rheumatoid arthritis from other rheumatic dis­eases, thus revealing a hitherto unknown avenue for the investigation of their origin.",,efd9b2b4-def8-4c4d-9532-7539ec149774,Individual,Harry M. Rose,,1906,,,,,Male,,,,,1986,,,,(1906–1986),
gairdner_international_award-000005,1959,,Canada Gairdner International Award,In recognition of his contributions to the knowledge of cardiology and especially for his achievement in developing the hypothermia method of open heart surgery.,,ac91306d-611a-4f2f-bf3e-4442fd757ee4,Individual,Wilfred G. Bigelow,,1913,,,,,Male,,,,,2005,,,,(1913–2005),
gairdner_international_award-000006,1959,,Canada Gairdner International Award,"In recognition of his contribution to the knowledge of pharmacology and especially for meritorious achievement in introducing the methonium compounds, which have played a valuable role in the treatment of hypertension.",,90425101-e783-44fe-90c1-a76e7a849750,Individual,William D.M. Paton,,1917,,,,,Male,,,,,1993,,,,(1917–1993),
gairdner_international_award-000007,1960,,Canada Gairdner International Award,"In recognition of his contributions to the knowledge of pathology and immunology, and especially for his achievements in demonstrating the role of hypersensitivity in the production of certain tissue lesions, such as those found in various rheumatic and other diseases, thus introducing new methods for their further investigation.",,67c7749d-4d8e-4e31-9db0-9726ee533c4d,Individual,Arnold R. Rich,,1893,,,,,Male,,,,,1968,,,,(1893–1968),
gairdner_international_award-000008,1960,,Canada Gairdner International Award,"In recognition of his contributions to the knowledge of cardiology, and especially for his achievement in developing and using a heart-lung machine in the first successful surgical correction of a heart defect in a human patient, thus introducing new and practical means for prolonging life among persons with congenital and acquired heart defects.",,86096ada-d653-49ed-8ffb-8cecd52c32da,Individual,John H. Gibbon,,1903,,,,,Male,,,,,1973,,,,(1903–1973),
gairdner_international_award-000009,1960,,Canada Gairdner International Award,"In recognition of his contributions to the knowledge of cardiology and clinical physiology and especially for his achievements in the early application of cardiac catheterization technique to the measurement of cardiac pressure and output, thus making an important contribution to the understanding of heart failure.",,b754c7f6-b54a-4c29-9ab8-396623d569ca,Individual,John McMichael,,1904,,,,,Male,,,,,1993,,,,(1904–1993),
gairdner_international_award-000010,1960,,Canada Gairdner International Award,"In recognition of his contributions to the knowledge of pharmacology, cardiac-physiology and vaso-neurology, and especially for his achievements in elucidating the role of various drugs, noradrenaline and the sympathetic nervous system in the excitation and control of cardio-vascular disease.",,428844f0-f24f-4415-98cd-87daf7ef3fcc,Individual,Joshua H. Burn,,1892,,,,,Male,,,,,1981,,,,(1892–1981),
gairdner_international_award-000011,1960,,Canada Gairdner International Award,"In recognition of his contributions to the knowledge of physiology and pathology, and especially for his achievements in elucidating the chemical structure of the ground substance found in connective tissue, site of the inflammatory processes involved in the rheumatic diseases.",,a7ee4f60-6cb3-4933-86b4-58647bcb8d4e,Individual,Karl Meyer,,1884,,,,,Male,,,,,1974,,,,(1884–1974),
gairdner_international_award-000012,1960,,Canada Gairdner International Award,"In recognition of his many contributions to the knowledge of cardiac physiology, and especially for his achievement in developing the dye dilution technique for determining cardiac output, which has made possible many advances in the diagnosis and investigation of heart disease.",,ddef8aa2-d33d-4db4-a6c1-fee21f2730f8,Individual,William F. Hamilton,,1893,,,,,Male,,,,,1964,,,,(1893–1964),
gairdner_international_award-000013,1961,,Canada Gairdner International Award,"In recognition of his contributions to the knowledge of cardiovascular physiology and especially for his achievements in applying the basic laws of physics to the peripheral and pulmonary circulations, thus providing scientific explanation of the factors governing the collapse, the opening up, and the size of blood vessels which has also brought about an improved understanding of the behaviour of blood vessels in health and disease.",,092b9990-f295-43e2-9041-6d054da48af2,Individual,Alan C. Burton,,1904,,,,,Male,,,,,1979,,,,(1904–1979),
gairdner_international_award-000014,1961,,Canada Gairdner International Award,"In recognition of his contributions to the knowledge of rheumatology and biochemistry, and especially for his achievements in elucidating the metabolic defects present in gout, and in demonstrating the action of certain drugs which increase the excretion of uric acid, thus leading to the present situation in which it is possible to exercise almost perfect control over attacks of acute gout and prevent gouty arthritis.",,2a4a436c-7f0a-453d-b3ac-4ca82f8cb444,Individual,Alexander B. Gutman,,1902,,,,,Male,,,,,1973,,,,(1902–1973),
gairdner_international_award-000015,1961,,Canada Gairdner International Award,"In recognition of his many contributions to the knowledge of rheumatology and epidemiology and especially for his leadership in devising and executing scientific studies of the prevalence of rheumatoid arthritis, providing for greater understanding of the natural history of this disease, thus contributing to progressive improvements in methods for its diagnosis and treatment.",,cc434188-ca10-4690-b595-c646e9217614,Individual,Jonas H. Kellgren,,1911,,,,,Male,,,,,2002,,,,(1911–2002),
gairdner_international_award-000016,1961,,Canada Gairdner International Award,"In recognition of his contributions to the knowledge of the functional pathology, investigation and surgery of congenital and rheumatic heart disease and especially for his elucidation of the factors, both valvular and muscular, which may obstruct the flow of blood from either the right or the left side of the heart into the main arteries of the lungs and body, which has led to the rational surgical management of such obstructive diseases of the heart.",,8822dd11-b490-432d-9850-f58f13f8d970,Individual,Russell Brock,,1903,,,,,Male,,,,,1980,,,,(1903–1980),
gairdner_international_award-000017,1961,,Canada Gairdner International Award,In recognition of his contributions to the knowledge of the substances released at the nerve endings of the sympathetic nervous system and especially for his recognition that noradrenaline was the most important substance and that it was present in significant amount in all body organs (including the heart) that have a sympathetic nerve supply. By these basic and important discoveries he has opened up new vistas of cardiovascular research which both he and others continue to study and continue to add to our knowledge of cardiovascular phenomena in health and disease.,,a6631623-eccb-4765-a78f-2ab7375ab76c,Individual,Ulf S. von Euler,,1905,,,,,Male,,,,,1983,,,,(1905–1983),
gairdner_international_award-000018,1962,,Canada Gairdner International Award,"In recognition of his contributions to the knowledge of pathology and immunology, and especially for his development of the fluorescent antibody technique which has cast new light on hypersensitivity reactions, and which has opened important new avenues for the study of diseases, such as rheumatoid arthritis, glomerulonephritis, rheumatic fever and disseminated lupus erythematosus, in which these reactions may be involved.",,45bd9993-5209-456e-b1a3-e8d638ed82d2,Individual,Albert H. Coons,,1912,,,,,Male,,,,,1978,,,,(1912–1978),
gairdner_international_award-000019,1962,,Canada Gairdner International Award,"In recognition of his contributions to the knowledge of cardiology and especially for his leadership in the field of cardiac surgery, including his pioneer development of operations to correct coarctation of the aorta and patent ductus arteriosus.",,e429d851-fa65-4faa-9161-7cf77a9abf1c,Individual,Clarence Crafoord,,1899,,,,,Male,,,,,1984,,,,(1899–1984),
gairdner_international_award-000020,1962,,Canada Gairdner International Award,"In recognition of his contributions to the knowledge of molecular biology and genetics, including his inspiring investigations of the nucleic acids which have shown how genetic information can be impressed and stored in the germ cells of parents and be transmitted to succeeding generations, his studies of the molecular structure of collagen and especially his brilliant development of the 'coding' theory - a concept which explains the way in which information carried in the genes determines the amino acid sequence and therefore the structure and character of all the many different proteins which are continuously being synthesized by the living organism. His theories and discoveries have opened vast avenues through which greater understanding of the basic processes of life may be achieved.",,23ff9bc0-65f9-4150-9481-d566109f1d8c,Individual,Francis H.C. Crick,,1916,,,,,Male,,,,,2004,,,,(1916–2004),
gairdner_international_award-000021,1962,,Canada Gairdner International Award,"In recognition of his contributions to the knowledge of medicine and especially for his serological, immunological and metabolic studies of protein molecules, which have increased the understanding of such diverse diseases as cirrhosis of the liver, multiple myeloma, arteriosclerosis, rheumatoid arthritis and disseminated lupus erythematosus.",,1116fc42-f586-4f8c-a887-1f42792f4192,Individual,Henry G. Kunkel,,1916,,,,,Male,,,,,1983,,,,(1916–1983),
gairdner_international_award-000022,1962,,Canada Gairdner International Award,"In recognition of his contributions to the knowledge of cardiac physiology and especially for his demonstration of the interrelated roles of the nervous system, hormones and heart size in the control of cardiac performance, thus establishing physiological principles which have assisted medical scientists to better understand the action of the heart in normal and diseased states.",,61564b45-e7a2-49a8-b47b-f69e9193cfe5,Individual,Stanley Sarnoff,,1917,,,,,Male,,,,,1990,,,,(1917–1990),
gairdner_international_award-000023,1963,,Canada Gairdner International Award,"In recognition of his distinguished contribution to the knowledge of cardiac surgery and cardiac physiology and, in particular, for his pioneering contributions to open heart surgery before the development of pump oxygenators, his contributions to the improvement of the mechanical means of extra corporeal circulation, his early use of cardiac pace makers, and his practical and theoretical leadership in the development of successful surgical techniques for the correction of congenital and acquired heart defects.",,6de619ee-7923-4e32-8c96-71bfc03ae2af,Individual,C. Walton Lillehei,,1918,,,,,Male,,,,,1999,,,,(1918–1999),
gairdner_international_award-000024,1963,,Canada Gairdner International Award,"In recognition of his distinguished contributions to the knowledge of rheumatology and pediatrics and, in particular, for his painstaking delineations of the natural history of juvenile rheumatoid arthritis, and for his penetrating and critical descriptions of several other rheumatic syndromes, which have provided criteria for diagnosis and prognosis, establishing an improved basis for the treatment decisions which must be made on behalf of patients suffering from these diseases.",,e7788940-b282-47dc-b33f-3f735f540eef,Individual,Eric G.L. Bywaters,,1910,,,,,Male,,,,,2003,,,,(1910–2003),
gairdner_international_award-000025,1963,,Canada Gairdner International Award,"In recognition of his distinguished contributions to the knowledge of cardiac and vascular physiology, pharmacology, and endocrinology, and, in particular, for his persevering leadership in these fields, which in association with numerous colleagues has led to several discoveries of importance, notably the existence and synthesis of angiotensin, an important factor in the understanding and management of hypertension, and the existence of serotonin, which has laid the foundation for many advances in neuro chemistry.",,741e8dc7-5046-40c7-bbb2-726276fcc9f6,Individual,Irvine H. Page,,1901,,,,,Male,,,,,1991,,,,(1901–1991),
gairdner_international_award-000026,1963,,Canada Gairdner International Award,"In recognition of his distinguished contributions to the knowledge of vascular physiology and, in particular, for his studies of the mechanism of hypertension, and especially for his demonstration that the increased secretion of aldosterone observed in many patients suffering from this disorder is stimulated by angiotensin.",,5ce88e1a-240c-4076-8ae6-020045ab796c,Individual,Jacques Genest,,1919,,,,,Male,,,,,2018,,,,(1919–2018),
gairdner_international_award-000027,1963,,Canada Gairdner International Award,"In recognition of his outstanding contributions to the knowledge of micro anatomy and human cytogenetics and, in particular, for his discovery of a technique for the specific identification of male and female cells, thus opening vast new areas for research into the normal and abnormal development of bodily structures, which have led to an improved understanding of several important congenital anomalies including some errors of sexual development and some forms of mental retardation.",,fc5b8909-6ddd-4ede-b525-2967f680e46f,Individual,Murray L. Barr,,1908,,,,,Male,,,,,1995,,,,(1908–1995),
gairdner_international_award-000028,1963,,Canada Gairdner International Award,"In recognition of his distinguished contributions to the knowledge of biochemistry and, in particular, for his contributions to immunohistochemistry, including the development of the immunoelectrophoretic technique, which has made possible the specific identification of many bodily proteins, thus opening important new avenues for research in diseases, such as rheumatoid arthritis, in which disordered immunological responses appear to be implicated.",,ef49e505-e14d-4b52-97d6-fb3e087aecfa,Individual,Pierre Grabar,,1898,,,,,Male,,,,,1986,,,,(1898–1986),
gairdner_international_award-000029,1964,,Canada Gairdner International Award,"In recognition of her important contributions to the knowledge of immunology and, in particular, for her demonstration of the presence of thyroglobulin antibodies in the serum of patients with Hashimoto's disease, and the stimulation which her research has given to the developing concept and understanding of diseases of auto-immunity",,0e104f98-e984-42ce-925b-b985e4e21fbd,Individual,Deborah Doniach,,1912,,,,,Female,,,,,2004,,,,(1912–2004),
gairdner_international_award-000030,1964,,Canada Gairdner International Award,"In recognition of his important contributions to the knowledge of cardiac physiology and pathology, and the development of several important techniques in cardiac surgery, and especially for his scientific courage in the pursuit of knowledge of clinical significance in many fields of medicine and surgery.",,b082270f-8185-4ad2-8fd5-ed87509d5ab4,Individual,Gordon D.W. Murray,,1894,,,,,Male,,,,,1976,,,,(1894–1976),
gairdner_international_award-000031,1964,,Canada Gairdner International Award,"In recognition of his important contributions to the knowledge of immunology and, in particular, for the demonstration of the presence of thyroglobulin antibodies in the serum of patients with Hashimoto's disease, and the stimulation which his research has given to the developing concept and understanding of diseases of auto-immunity.",,49490731-1f8d-454a-a478-e6605a42242e,Individual,Ivan M. Roitt,,,,,,,Male,,,,,,,,,,
gairdner_international_award-000032,1964,,Canada Gairdner International Award,"In recognition of his significant contributions to the knowledge of pharmacology and the understanding of renal physiology and, in particular, for his painstaking research, perceptive observations and scientific leadership resulting in the discovery of uricosuric and improved diuretic drugs, which now bring relief to millions of sufferers from gout and gouty arthritis, and the edema associated with heart disease.",,1218f87b-e540-46eb-97d8-764cf121c9f3,Individual,Karl H. Beyer Jr.,,1914,,,,,Male,,,,,1996,,,,(1914–1996),
gairdner_international_award-000033,1964,,Canada Gairdner International Award,"In recognition of his distinguished contributions to the knowledge of cellular biology and, in particular, for his development and application of sophisticated techniques of electron microscopy resulting in his early demonstration of many important features of the fine structure of cells, including the endoplasmic reticulum.",,3d3d7982-7bfa-48d0-9112-c579bebaf429,Individual,Keith R. Porter,,1912,,,,,Male,,,,,1997,,,,(1912–1997),
gairdner_international_award-000034,1964,,Canada Gairdner International Award,"In recognition of his outstanding contributions to the knowledge of genetics and molecular biology, and in particular for his elucidation of the fine structure of genes, which has made it possible to extend the limits of genetic resolution by relating genetic changes to chemical alterations in deoxyribonucleic acid, thus clarifying the chemical bases of heredity in determining the nature and properties of cells and viruses.",,1c9bb455-95bc-45b7-b8a5-feb80f7e5483,Individual,Seymour Benzer,,1921,,,,,Male,,,,,2007,,,,(1921–2007),
gairdner_international_award-000035,1965,,Canada Gairdner International Award,"In recognition of his contributions in the field of human metabolism and his role as the first to apply the technique of paper chromatography to the isolation and identification of substances in the blood and body fluids of patients, a technique which has revolutionized investigation of a number of genetic disorders involving amino acids and other substances.",,11578b31-c0a1-47b4-9ce1-63e1c6ec925f,Individual,Charles E. Dent,,1911,,,,,Male,,,,,1976,,,,(1911–1976),
gairdner_international_award-000036,1965,,Canada Gairdner International Award,In recognition of his contributions to the knowledge of cellular biology by developing the technique of autoradiography with which he has studied the functioning of the thyroid gland and the rate of cell growth and renewal in various tissues of the body.,,af328667-28da-4fec-a7c4-1fa6d61f7ebd,Individual,Charles P. Leblond,,1910,,,,,Male,,,,,2007,,,,(1910–2007),
gairdner_international_award-000037,1965,,Canada Gairdner International Award,In recognition of his contributions in the field of rheumatology and in particular for his demonstration that crystals of uric acid and calcium in the fluids in and about the joints are ingested by leukocytes which then release a substance which causes an inflammatory reaction. This discovery has had a bearing on the mechanism of acute attacks of gout and may also contribute to better knowledge of the causes of rheumatoid arthritis.,,49caa9e2-ebc1-455a-a42b-5e8c6a83131a,Individual,Daniel J. McCarty,,,,,,,Male,,,,,,,,,,
gairdner_international_award-000038,1965,,Canada Gairdner International Award,In recognition of his total contribution to our understanding of the causes and treatment of hypertension and in particular for his clinical evaluation of nerve-blocking drugs in the treatment of high blood pressure.,,ae6f6f40-7dee-43bb-bbb2-99a36c3aff1a,Individual,F. Horace Smirk,,1902,,,,,Male,,,,,1991,,,,(1902–1991),
gairdner_international_award-000039,1965,,Canada Gairdner International Award,"In recognition of his contributions in the field of endocrinology and in particular for his investigations establishing the clinical significance of aldosterone, a hormone of the adrenal cortex, in various types of hypertension and edema; also in recognition of his studies in the use of oral medications for the control of diabetes.",,2707f15a-1671-4ef0-8dff-769e9411b313,Individual,Jerome W. Conn,,1907,,,,,Male,,,,,1994,,,,(1907–1994),
gairdner_international_award-000040,1965,,Canada Gairdner International Award,In recognition of his contributions in the development of serological techniques and in particular for the test he introduced to detect the presence of Rh antibodies on red blood cells. This discovery has been fundamental to advances in the field of blood transfusion and has increased our understanding of diseases in which antibodies seem to be involved.,,58271b39-8af6-481e-84e9-9e77888a9af1,Individual,Robin R.A. Coombs,,1921,,,,,Male,,,,,2006,,,,(1921–2006),
gairdner_international_award-000041,1966,,Canada Gairdner International Award,"In recognition of his pioneer work in the treatment of cancer with hormonal substances, and his use of a chemical means of monitoring the response in carcinoma of the prostate. Both these principles have subsequently been applied to other types of cancer with good effect.",,9310a86a-26f2-4576-a2a7-f8b972113599,Individual,Charles Huggins,,1901,,,,,Male,,,,,1997,,,,(1901–1997),
gairdner_international_award-000042,1966,,Canada Gairdner International Award,"For his outstanding contributions to our understanding of the physiological behaviour and biochemical changes occurring in the foetus in utero, and in particular for his clarification of the adjustments that occur at birth during the changeover to extra-uterine life. His basic investigations have added greatly to the knowledge of resuscitation of the newborn and resulted in the saving of many infant lives.",,27553c55-7b31-4085-aeb9-fef777ec1c09,Individual,Geoffrey S. Dawes,,1918,,,,,Male,,,,,1996,,,,(1918–1996),
gairdner_international_award-000043,1966,,Canada Gairdner International Award,"In recognition of his fundamental contributions to our understanding of the role of the thymus in the development of normal immunological mechanisms in early life, and in their maintenance in the adult, and for the stimulus which his studies of the thymus gave to the rapidly developing field of immunobiology.",,dce80b4b-d251-4710-bf5c-9d971d6a8028,Individual,Jacques F.A.P. Miller,,,,,,,Male,,,,,,,,,,
gairdner_international_award-000044,1966,,Canada Gairdner International Award,"In recognition of his contributions to our knowledge of certain metabolic disorders and in particular for his clarification of the serum protein abnormalities in multiple myeloma and in essential macroglobulinaemia.These observations have contributed materially to a better understanding of the function of certain high molecular weight antibodies, the structure of gamma globulins, and the cell types which gave rise to them.",,a31c0360-c597-4139-930a-573971b8a0dd,Individual,Jan Waldenström,,1906,,,,,Male,,,,,1996,,,,(1906–1996),
gairdner_international_award-000045,1966,,Canada Gairdner International Award,"In recognition of his outstanding contributions to the field of carbohydrate chemistry and metabolism and, in particular, for his discovery of the sugar nucleotides and their fundamental reactions in the biosynthesis of disaccharides and polysaccharides. This work has opened new lines of research to many other workers in relation to drug detoxification, bile pigment metabolism, and the immunochemistry of bacterial and tissue cell walls.",,c2f70a26-f169-4904-b8f4-af3272a0ec1d,Individual,Luis F. Leloir,,1906,,,,,Male,,,,,1987,,,,(1906–1987),Official API year corrected from 1996 to 1966 after cross-checking the historical winners list.
gairdner_international_award-000046,1966,,Canada Gairdner International Award,In recognition of his outstanding achievements in the field of immunochemistry. He has applied with incisive clarity the tools of the protein chemist to the problem of antibody structure. His methods for breaking antibodies into smaller molecular fragments provided a foundation for our understanding of the molecular architecture of these complex molecules.,,6ad53045-47ee-4a32-96d9-08c95b2219f6,Individual,Rodney R. Porter,,1917,,,,,Male,,,,,1985,,,,(1917–1985),
gairdner_international_award-000047,1966,,Canada Gairdner International Award,"In recognition of his early work on the development of an artificial kidney, which has in recent years contributed to the prolongation of life of many patients suffering from renal failure, and has made it practical to consider the use of kidney transplants. His work continues in an effort to develop other artificial organs.",,3e3b662a-c380-45dc-840c-32f7b5f0bb50,Individual,Willem J. Kolff,,1911,,,,,Male,,,,,2009,,,,(1911–2009),
gairdner_international_award-000048,1967,,Canada Gairdner International Award,For the discovery of Iysosomes. These are membrane bound subcellular particles containing hydrolytic enzymes and other biologically active substances. He isolated the characterized Iysosomes chemically and ultrastructurally. These subcellular particles play an important role in physiological and pathological processes. Their discovery has led to a better understanding of many disease processes and has opened innumerable new avenues of research.,,d7d30e8e-bb05-4c28-9f38-0530b3dddbad,Individual,Christian de Duve,,1917,,,,,Male,,,,,2013,,,,(1917–2013),
gairdner_international_award-000049,1967,,Canada Gairdner International Award,"In recognition of his important contributions to the problems of calcium homeostasis, particularly his demonstration of the existence of a new hormone ""calcitonin"" which directly alters blood calcium levels and also his confirmation that the source of the hormone is the ultimobranchial glands.",,b26dec73-9f66-46f5-910e-6a1b5252f22f,Individual,D. Harold Copp,,1915,,,,,Male,,,,,1998,,,,(1915–1998),
gairdner_international_award-000050,1967,,Canada Gairdner International Award,"In recognition of his many contributions to the development of methods of preparing cells and tissues so that subcellular components could be adequately preserved and visualized in the electron microscope, and to his pioneering use of these methods to develop knowledge about structure and function of cellular components.",,df7f97fc-6d41-442d-bf1f-eb6258bb19fd,Individual,George E. Palade,,1912,,,,,Male,,,,,2008,,,,(1912–2008),
gairdner_international_award-000051,1967,,Canada Gairdner International Award,"In recognition of his important contributions in the field of mineral metabolism, and in particular for his studies of the physiology of calcitonin, and for his elucidation of numerous aspects of magnesium metabolism in experimental animals and man.",,e7857b31-04ba-433c-a7ef-bd3da86fd153,Individual,Iain Macintyre,,1924,,,,,Male,,,,,2008,,,,(1924–2008),
gairdner_international_award-000052,1967,,Canada Gairdner International Award,"In recognition of his outstanding contributions in the fields of thrombosis and artherosclerosis, particularly his investigation of platelet economy, function, and metabolism, which have pointed to a relationship between thrombosis and artherosclerosis, and specifically for his classical experimental flow model demonstrating sites of thrombus accumulation, for the demonstration of platelet phagocytosis, and for the elucidation of factors affecting platelet aggregation.",,f7f01513-e26b-48f8-a469-d9becde3b9b4,Individual,J. Fraser Mustard,,1927,,,,,Male,,,,,2011,,,,(1927–2011),
gairdner_international_award-000053,1967,,Canada Gairdner International Award,"In recognition of his wide-ranging and fundamental discoveries in relation to the chemistry, biosynthesis, metabolism and pharmacology of biogenic amines, especially the catecholamines.This work has had a major influence in the fields of hypertension and psychopharmacology.",,7697d979-1689-4e29-ba81-9a6336879a2d,Individual,Julius Axelrod,,1912,,,,,Male,,,,,2004,,,,(1912–2004),
gairdner_international_award-000054,1967,,Canada Gairdner International Award,In recognition of his contributions to our understanding of the mechanisms of protein synthesis. His work demonstrated the validity of concepts of the role of various nucleic acid species in the cell. He initiated and pursued studies which eventually led to a complete understanding of the chemical basis of the genetic code.,,e7c0148c-8bcd-420e-8174-9aebf651f712,Individual,Marshall W. Nirenberg,,1927,,,,,Male,,,,,2010,,,,(1927–2010),
gairdner_international_award-000055,1967,,Canada Gairdner International Award,"In recognition of a long and distinguished career marked by many important contributions to immunology and diabetes.This has included the introduction of toxoids for immunization against diptheria and tetanus, the demonstration in animals and man of antibodies against insulin and the development of sulphated insulin, which is effective in patients who have become insulin resistant.",,f96dc3fa-b306-485f-8901-2469ec3905eb,Individual,Peter J. Moloney,,1891,,,,,Male,,,,,1989,,,,(1891–1989),
gairdner_international_award-000056,1967,,Canada Gairdner International Award,"In recognition of his wide-ranging and fundamental discoveries in relation to the chemistry, biosynthesis, metabolism and pharmacology of biogenic amines, especially the catecholamines.This work has had a major influence in the fields of hypertension and psychopharmacology.",,ba46e4e3-1be4-43c9-8baf-aaf493b86c0d,Individual,Sidney Udenfriend,,1918,,,,,Male,,,,,1999,,,,(1918–1999),
gairdner_international_award-000057,1968,,Canada Gairdner International Award,"For his valuable contributions to the knowledge of human blood groups and particularly for his work on the diagnosis, treatment and prevention of hemolytic disease of the new­born, and for his leadership and inspiration of investigators concerned with clinical immunohematology.",,9d8cce45-e671-40dd-b3ca-77e8e7c22d34,Individual,Bruce Chown,,1893,,,,,Male,,,,,1986,,,,(1893–1986),
gairdner_international_award-000058,1968,,Canada Gairdner International Award,"For his leadership in the development of metabolic inhibitors by systematic chemical modification of biologically important compounds. Agents developed in this way have proven valuable in the treatment of malaria, gout, malignant diseases, disorders of the immune system, in human organ transplantation, and a variety of diseases.",,6aff564a-e3cb-4bc5-a53b-b8599977a680,Individual,George H. Hitchings,,1905,,,,,Male,,,,,1998,,,,(1905–1998),
gairdner_international_award-000059,1968,,Canada Gairdner International Award,"For his elucidation of a number of inborn errors of metabolism and, in particular, for his discovery of an enzyme defect (phosphoribosyltransferase deficiency) in a neurological disease characterized by mental retardation, behavioural disturbances and over-production of uric acid.",,f3de6fa1-5db2-488b-b392-96ce190f9db1,Individual,J. Edwin Seegmiller,,1920,,,,,Male,,,,,2006,,,,(1920–2006),
gairdner_international_award-000060,1968,,Canada Gairdner International Award,"In recognition of his contributions to immunochemistry through his analysis of antigen-antibody reactions in gelled media, and of his discovery and elucidation of genetic variations in the structure of immunoglobulins.",,91fd4da1-5c7c-43da-b394-1b059ff10d5b,Individual,Jacques Oudin,,1908,,,,,Male,,,,,1985,,,,(1908–1985),
gairdner_international_award-000061,1968,,Canada Gairdner International Award,In recognition of his contributions to a better understanding of the fate of the lymphocyte and its function in immune reactions. This work provides the experimental basis for selective suppression of immunologic mechanisms in human organ transplantations and a variety of diseases.,,a19fa309-88d9-497f-9f07-8787df6ad1e7,Individual,James L. Gowans,,1924,,,,,Male,,,,,2020,,,,(1924–2020),
gairdner_international_award-000062,1969,,Canada Gairdner International Award,"For the concept of chronic intermittent hemodialysis; the arteriovenous cannulas which made it possible; his role in the development of ""home"" dialysis and continued basic and clinical investigation in his field. Chronic intermittent hemodialysis has prolonged the useful lives of thousands of patients throughout the world and has made renal transplantation feasible.",,91d58a24-1fef-46e6-ac80-1df8b21c12ff,Individual,Belding H. Scribner,,1921,,,,,Male,,,,,2003,,,,(1921–2003),
gairdner_international_award-000063,1969,,Canada Gairdner International Award,"In recognition of his outstanding contributions to our understanding of the central role the adenylcyclase system plays in mediating many of the effects of hormones on metabolic processes.These discoveries, which emanated from a careful, imaginative and thorough analysis of the mechanisms by which epinephrine and glucagon increased glycogenolysis, have opened new fields for exploration.",,33d7ef2f-5d25-4f37-be61-89b3a39d594a,Individual,Earl W. Sutherland,,1915,,,,,Male,,,,,1974,,,,(1915–1974),
gairdner_international_award-000064,1969,,Canada Gairdner International Award,"In recognition of their development of the spleen colony technique for measuring the capacity of primitive normal and neoplastic cells to multiply and differentiate in the body. This technique has been applied by them and their colleagues, and by many others, to gain important knowledge of the normal formation of blood cells, the behaviour of leukemic cells and methods of treating leukemia, and other aspects of cell biology.",,8d245a39-a942-4b19-951c-f01288784e7b,Individual,Ernest A. McCulloch,,1926,,,,,Male,,,,,2011,,,,(1926–2011),
gairdner_international_award-000065,1969,,Canada Gairdner International Award,"In recognition of his outstanding contributions to the investigation and treatment of coronary artery disease and, in particular, for his introduction of the technique of selected coronary arteriography which has permitted radiographic visualization of individual obstruction as an objective criterion of the need for revascularization of the myocardium.",,2bf5ce30-3fe0-487c-a4c3-43b38fbc80ba,Individual,F. Mason Sones,,1918,,,,,Male,,,,,1985,,,,(1918–1985),
gairdner_international_award-000066,1969,,Canada Gairdner International Award,"In recognition of his outstanding contributions in immunology and immunopathology, particularly his investigations dealing with the elucidation of the pathogenesis of serum sickness and of experimental and human glomerulonephritis.",,4e5539d7-cdca-4c24-b164-941e3ca141ff,Individual,Frank J. Dixon,,1920,,,,,Male,,,,,2008,,,,(1920–2008),
gairdner_international_award-000067,1969,,Canada Gairdner International Award,"In recognition of their development of the spleen colony technique for measuring the capacity of primitive normal and neoplastic cells to multiply and differentiate in the body. This technique has been applied by them and their colleagues, and by many others, to gain important knowledge of the normal formation of blood cells, the behaviour of leukemic cells and methods of treating leukemia, and other aspects of cell biology.",,81f04579-80b2-41e7-9c5a-aa4f27146a90,Individual,James E. Till,,,,,,,Male,,,,,,,,,,
gairdner_international_award-000068,1969,,Canada Gairdner International Award,In recognition of his contribution to the field of nephrology and particularly his pioneer work in kidney transplantation which has led to its development as a practical form of treatment and has advanced our knowledge of immunologic mechanisms.,,2f599836-9881-446e-887f-d687d4073800,Individual,John P. Merrill,,1917,,,,,Male,,,,,1984,,,,(1917–1984),
gairdner_international_award-000069,1969,,Canada Gairdner International Award,"In recognition of his scientific contributions to an understanding of cartilage degeneration, epiphyseal necrosis, torsional deformation of bone and dysplasia of joints in relation to numerous musculoskeletal disorders, especially congenital dislocation of the hip. On the basis of his research he has designed safer treatment for young children and an original operation - innominate osteotomy - for older children both of which represent major advances in the prevention of degenerative arthritis of the hip in adult life.",,9e5e31a6-0985-4c57-915c-19da79b46872,Individual,Robert B. Salter,,1924,,,,,Male,,,,,2010,,,,(1924–2010),
gairdner_international_award-000070,1970,,Canada Gairdner International Award,"In recognition of his contributions to knowledge of the cellular basis of the immune response. His formulation of the natural selection theory provided the first comprehensive model based on broad biological principles, and his discovery of a rapid, quantitative method for enumerating antibody-producing cells made possible a new approach to experimental studies of cellular events during immunization, both in his own laboratory and throughout the world.",,2e6ea67d-9adf-4670-8208-d13185d87a3c,Individual,Niels K. Jerne,,1911,,,,,Male,,,,,1994,,,,(1911–1994),
gairdner_international_award-000071,1970,,Canada Gairdner International Award,In recognition of his many contributions to our understanding of host defense mechanisms. His elucidation of an array of immunological deficiency syndromes in infants and children susceptible to repeated and overwhelming infections has been particularly outstanding.,,0807842c-85f7-4534-be30-e6ed78d9dea4,Individual,Robert A. Good,,1922,,,,,Male,,,,,2003,,,,(1922–2003),
gairdner_international_award-000072,1970,,Canada Gairdner International Award,"In recognition of his work on the solid phase method for synthesis of polypeptides and of his application of this method in the first synthesis of an enzyme. His work has made possible the systematic exploration of the structural basis of activity of enzymes, hormones, and antibodies.",,563be0d3-9ea5-4bbb-a695-d2bbb19405de,Individual,Robert B. Merrifield,,1921,,,,,Male,,,,,2006,,,,(1921–2006),
gairdner_international_award-000073,1970,,Canada Gairdner International Award,"In recognition of his pioneer contributions to our understanding of the metabolism of free fatty acid and adipose tissue, and more recently for the significant work he has done in establishing a valuable method of treating narcotic addiction with methadone.",,74ef0815-5622-4cc6-9b2f-f625b3515bf9,Individual,Vincent P. Dole,,1913,,,,,Male,,,,,2006,,,,(1913–2006),
gairdner_international_award-000074,1970,,Canada Gairdner International Award,"In recognition of his contributions to the methodology of medical research, and to the clarification of complex epidemiological problems. In particular, his retrospective and prospective studies have established firmly the association between tobacco smoking and cancer of the lung, and the association between ionizing radiation and leukemia.",,3193a47f-78b1-4f3c-8ef4-e0bea12cefa8,Individual,W. Richard S. Doll,,1912,,,,,Male,,,,,2005,,,,(1912–2005),
gairdner_international_award-000075,1971,,Canada Gairdner International Award,"In recognition of his part in the discovery and development of insulin, and for many other contributions to medical research. As a teacher, mentor and scientist he has inspired research workers and patients throughout the world.",,001c8a72-c6f3-4567-a396-afcd9941f1c6,Individual,Charles Best,,1899,,,,,Male,,,,,1978,,,,(1899–1978),
gairdner_international_award-000076,1971,,Canada Gairdner International Award,"In recognition of his discovery that insulin is derived from a larger precursor molecule, called pro-insulin - a model which may elucidate the biosynthesis of other active compounds.",,310e6444-f577-4088-a389-ae4d174069b7,Individual,Donald F. Steiner,,1930,,,,,Male,,,,,2014,,,,(1930–2014),
gairdner_international_award-000077,1971,,Canada Gairdner International Award,"For his contributions to the study of the structure of complex biochemical substances, and in particular for determining the precise chemical composition of insulin.",,162509ae-1aa7-4876-9429-b510fc61db1f,Individual,Frederick Sanger,,1918,,,,,Male,,,,,2013,,,,(1918–2013),
gairdner_international_award-000078,1971,,Canada Gairdner International Award,"In recognition of his many contributions to the study of diabetes mellitus, and especially for his pioneer work on the site of action of insulin.",,4b267a5a-1f2a-44f5-90df-01853f215b38,Individual,Rachmiel Levine,,1910,,,,,Male,,,,,1998,,,,(1910–1998),
gairdner_international_award-000079,1971,,Canada Gairdner International Award,"For their development of a reliable, specific and sensitive method for the assay of plasma insulin, and their subsequent application of the same principles in the measurement of other polypeptide substances.",,4800ca69-1eb9-42bf-ba96-e9050a9135c4,Individual,Rosalyn S. Yalow,,1921,,,,,Female,,,,,2011,,,,(1921–2011),
gairdner_international_award-000080,1971,,Canada Gairdner International Award,"For their development of a reliable, specific and sensitive method for the assay of plasma insulin, and their subsequent application of the same principles in the measurement of other polypeptide substances.",,cfa7ee69-ac5b-4a48-a108-781a73b35599,Individual,Solomon A. Berson,,1918,,,,,Male,,,,,1972,,,,(1918–1972),
gairdner_international_award-000081,1972,,Canada Gairdner International Award,"For his ingenuity in devising biophysical techniques for the observation of molecular events in living tissues, cells and organelles and for his unique imaginativeness in applying these techniques to bridge the gap between our knowledge of isolated enzymes and the phenomena of physiology and pharmacology.",,d94d6b5e-150b-4fd4-a9ae-747fe3f0e827,Individual,Britton Chance,,1913,,,,,Male,,,,,2010,,,,(1913–2010),
gairdner_international_award-000082,1972,,Canada Gairdner International Award,"In recognition of his contributions to the identification and chemical characterization of the prostaglandins, ubiquitous among mammalian tissues and having diverse biological activities.",,942407ba-5ceb-4e7f-ae52-e0ef6dd883be,Individual,Karl S.D. Bergstrom,,1916,,,,,Male,,,,,2004,,,,(1916–2004),
gairdner_international_award-000083,1972,,Canada Gairdner International Award,"For his elucidation of the biochemical lesion in Parkinson's disease, and his other contributions to our knowledge of the physiology of the brain.",,a02610e9-1db2-48ec-ae9c-83f5b562f739,Individual,Oleh Hornykiewicz,,1926,,,,,Male,,,,,2020,,,,(1926–2020),
gairdner_international_award-000084,1972,,Canada Gairdner International Award,"For their many important contributions to our knowledge of human blood groups, and for their brilliant application of this knowledge to problems in the fields of immunology, genetics, and clinical medicine.",,5be37e95-fca9-443f-b1a0-35b43d4fa526,Individual,Robert R. Race,,1907,,,,,Male,,,,,1984,,,,(1907–1984),
gairdner_international_award-000085,1972,,Canada Gairdner International Award,"For their many important contributions to our knowledge of human blood groups, and for their brilliant application of this knowledge to problems in the fields of immunology, genetics, and clinical medicine.",,fa9ac05a-abae-4368-994e-9ac6c39e63a0,Individual,Ruth Sanger,,1918,,,,,Female,,,,,2001,,,,(1918–2001),
gairdner_international_award-000086,1973,,Canada Gairdner International Award,"For his recognition, clinical description and brilliant epidemiological study of the unusual lymphoma in Africa which now bears his name.",,28e2c38c-9e90-4de1-b7f7-ba433b133f75,Individual,Denis P. Burkitt,,1911,,,,,Male,,,,,1993,,,,(1911–1993),
gairdner_international_award-000087,1973,,Canada Gairdner International Award,For his pioneer work in the development of cobalt and high energy radiotherapy and for his many contributions to education and research in the fields of clinical physics and biophysics.,,3b3ea4bf-c2bf-479a-ae75-1f89f94f31a0,Individual,Harold E. Johns,,1915,,,,,Male,,,,,1998,,,,(1915–1998),
gairdner_international_award-000088,1973,,Canada Gairdner International Award,"For his scholarly contributions to the biomechanics and lubrication of joints and, in particular, for his development of a practical, low friction arthroplasty for arthritis of the hip.",,988e149a-f004-400c-be05-0275eb3d90ec,Individual,John Charnley,,1911,,,,,Male,,,,,1982,,,,(1911–1982),
gairdner_international_award-000089,1973,,Canada Gairdner International Award,"For the identification and characterization of the new immunoglobulin class, IgE, which has led to an increased understanding of allergic mechanisms.",,b15263b1-864e-4263-9a93-8adfc71dc3e9,Individual,Kimishige Ishizaka,,1928,,,,,Male,,,,,2018,,,,(1928–2018),
gairdner_international_award-000090,1973,,Canada Gairdner International Award,For his work on the enzymology of complex lipids and his contribution to the management of lipid storage diseases.,,b829f741-b2b9-4cfc-9a97-00f852b93984,Individual,Roscoe O. Brady,,1923,,,,,Male,,,,,2016,,,,(1923–2016),
gairdner_international_award-000091,1973,,Canada Gairdner International Award,"For the identification and characterization of the new immunoglobulin class, IgE, which has led to an increased understanding of allergic mechanisms.",,ec3a9779-c833-42ab-9d9d-323961190aa5,Individual,Teruko Ishizaka,,1926,,,,,Female,,,,,2019,,,,(1926–2019),
gairdner_international_award-000092,1974,,Canada Gairdner International Award,"For outstanding work on the identification, synthesis and clinical application of hypothalamic releasing hormones.",,ca7c0d6b-62f2-45d7-aacc-ee6412df7c03,Individual,Andrew V. Schally,,,,,,,Male,,,,,,,,,,
gairdner_international_award-000093,1974,,Canada Gairdner International Award,For innovative and significant research on the mechanism of action of viruses in relation to tumor production.,,c247503e-0064-4a5d-9ee0-d7513f097917,Individual,David Baltimore,,,,,,,Male,,,,,,,,,,
gairdner_international_award-000094,1974,,Canada Gairdner International Award,For his contributions to our understanding of the molecular basis of the complement system in man.,,af9c409f-910e-4d5b-9020-cdbd5f4a7e93,Individual,Hans J. Muller-Eberhard,,1927,,,,,Male,,,,,1998,,,,(1927–1998),
gairdner_international_award-000095,1974,,Canada Gairdner International Award,For his elucidation of the metabolism of vitamin D.,,fdc6f09a-af14-4846-b9f2-e8032fdf82cd,Individual,Hector F. DeLuca,,,,,,,Male,,,,,,,,,,
gairdner_international_award-000096,1974,,Canada Gairdner International Award,For innovative and significant research on the mechanism of action of viruses in relation to tumor production.,,b535be31-0bbe-409e-909d-49747aaea8db,Individual,Howard M. Temin,,1934,,,,,Male,,,,,1994,,,,(1934–1994),
gairdner_international_award-000097,1974,,Canada Gairdner International Award,In recognition of his many contributions during a long career in biochemical research.,,22ba5c1b-a99e-43df-80c5-014c237f3e1a,Individual,Judah H. Quastel,,1899,,,,,Male,,,,,1987,,,,(1899–1987),
gairdner_international_award-000098,1974,,Canada Gairdner International Award,"For outstanding work on the identification, synthesis and clinical application of hypothalamic releasing hormones.",,93467c0d-6b21-44c5-900e-df9370253de2,Individual,Roger Guillemin,,,,,,,Male,,,,,,,,,,
gairdner_international_award-000099,1975,,Canada Gairdner International Award,"In recognition of his discovery of the Australia antigen in 1963 and its association with hepatitis in 1967, greatly enhancing our knowledge of viral hepatitis type B, and its prevention.",,baf1c99f-9f0f-43ee-a908-ce350a303220,Individual,Baruch S. Blumberg,,1925,,,,,Male,,,,,2011,,,,(1925–2011),
gairdner_international_award-000100,1975,,Canada Gairdner International Award,"For elucidating the biochemical and genetic basis of the hemolytic anemias related to glucose-6-phosphate dehydrogenase deficiency, and other studies on human erythrocytes.",,f9f4a49a-e42a-4a30-b2f0-4be887abff15,Individual,Ernest Beutler,,1928,,,,,Male,,,,,2008,,,,(1928–2008),
gairdner_international_award-000101,1975,,Canada Gairdner International Award,"For fundamental discoveries related to glycogen metabolism and its disorders, disorders of fructose metabolism and the lysosomal basis of several inborn errors of metabolism.",,99e47857-2a56-4f14-8c6e-de3196fae92e,Individual,Henri G. Hers,,1923,,,,,Male,,,,,2008,,,,(1923–2008),
gairdner_international_award-000102,1975,,Canada Gairdner International Award,In recognition of outstanding contributions to our understanding of the molecular basis of muscle contraction.,,45c8f9a3-5ea6-4d6d-95e3-6b241a39b22c,Individual,Hugh E. Huxley,,1924,,,,,Male,,,,,2013,,,,(1924–2013),
gairdner_international_award-000103,1975,,Canada Gairdner International Award,"In recognition of his many and important contributions to our understanding of the natural history of congenital heart disease, which have formed the basis for the modern treatment of congenital heart malformations.",,1a768b14-8607-4c3c-87f8-411dd75155bc,Individual,John D. Keith,,1908,,,,,Male,,,,,1989,,,,(1908–1989),
gairdner_international_award-000104,1975,,Canada Gairdner International Award,"In recognition of his outstanding contributions in the area of cardiovascular surgery, in particular the achievement of the ingenious operation for the transposition of the great vessels, for which the operation now bears his name.",,d68323e8-63ba-4e4e-b610-704a539aa9d9,Individual,William T. Mustard,,1914,,,,,Male,,,,,1987,,,,(1914–1987),
gairdner_international_award-000105,1976,,Canada Gairdner International Award,For his elucidation of the biochemical pathways involved in triglyceride and phospholipid synthesis.,,26559c83-7c22-42c8-a6a4-37f5c441e317,Individual,Eugene P. Kennedy,,1919,,,,,Male,,,,,2011,,,,(1919–2011),
gairdner_international_award-000106,1976,,Canada Gairdner International Award,"For his identification of the major histocompatibility complex in mice, and for establishing methods of study fundamental to immunogenetics.",,1f2414f9-bfde-4d70-b356-65c7977796e9,Individual,George D. Snell,,1903,,,,,Male,,,,,1996,,,,(1903–1996),
gairdner_international_award-000107,1976,,Canada Gairdner International Award,For his contributions to our understanding of the biology of neoplastic cells and his distinguished work in tumour immunology.,,36fd20c0-7103-4751-8cd4-03748fb17cb0,Individual,George Klein,,1925,,,,,Male,,,,,2016,,,,(1925–2016),
gairdner_international_award-000108,1976,,Canada Gairdner International Award,In recognition of his outstanding contributions to the care of patients by the pioneer development of computerized tomography.,,dbf65c24-0b2a-460e-be3c-cf6524e7ed44,Individual,Sir Godfrey N. Hounsfield,,1919,,,,,Male,,,,,2004,,,,(1919–2004),
gairdner_international_award-000109,1976,,Canada Gairdner International Award,"For their careful epidemiologic studies, revealing risk factors in cardiovascular disease which have important implications for the prevention of these disorders.",,607bce06-255c-4e3e-9bdb-2cac04559020,Individual,Thomas R. Dawber,,1913,,,,,Male,,,,,2005,,,,(1913–2005),
gairdner_international_award-000110,1976,,Canada Gairdner International Award,"For their careful epidemiologic studies, revealing risk factors in cardiovascular disease which have important implications for the prevention of these disorders.",,48540f10-b4d6-4ecb-a024-31123fbf8074,Individual,William B. Kannel,,1923,,,,,Male,,,,,2011,,,,(1923–2011),
gairdner_international_award-000111,1977,,Canada Gairdner International Award,In recognition of his original and far-reaching contributions to the prevention of haemolytic disease of the newborn.,,27cd38de-6a91-4d39-b799-5bf727c501bf,Individual,Cyril A. Clarke,,1907,,,,,Male,,,,,2000,,,,(1907–2000),
gairdner_international_award-000112,1977,,Canada Gairdner International Award,"In recognition of his contributions to the understanding of the biochemistry, physiology and pathophysiology of lactogenic hormones and, in particular, for the identification of human prolactin.",,e30ff737-707d-493e-8373-39284b855319,Individual,Henry G. Friesen,,,,,,,Male,,,,,,,,,,
gairdner_international_award-000113,1977,,Canada Gairdner International Award,"For recognition of the effects of histocompatibility antigens in humans, and his continuing leadership in the application of this knowledge to such diverse fields as transplantation immunology and the study of genetically determined diseases.",,a47c3eaf-cdaa-44c7-8167-10e174fcc280,Individual,Jean Dausset,,1916,,,,,Male,,,,,2009,,,,(1916–2009),
gairdner_international_award-000114,1977,,Canada Gairdner International Award,"For his contributions to our understanding of the factors involved in the initiation, amplification and control of the inflammatory response.",,dffb3adf-7a8b-46d3-9d4a-5921fade49f7,Individual,K. Frank Austen,,1928,,,,,Male,,,,,2023,,,,(1928–2023),
gairdner_international_award-000115,1977,,Canada Gairdner International Award,In recognition of his many contributions to the development of the field of clinical genetics and his role in placing human genetics in the mainstream of clinical medicine.,,14b6759d-9c66-4f2e-8a04-3663d72d02d8,Individual,Victor A. McKusick,,1921,,,,,Male,,,,,2008,,,,(1921–2008),
gairdner_international_award-000116,1978,,Canada Gairdner International Award,"For his contributions to our understanding of the genetic, biochemical and clinical aspects of the hyperlipoproteinemias.",,97dec9de-87cd-4589-8b0b-f04fdd1cfe48,Individual,Donald S. Fredrickson,,1924,,,,,Male,,,,,2002,,,,(1924–2002),
gairdner_international_award-000117,1978,,Canada Gairdner International Award,For elucidating fundamental biochemical mechanisms related to glycogen breakdown: pioneer work that has enhanced our knowledge of hormone action.,,83240e7a-1dcb-4e65-b958-23a4bdca6b13,Individual,Edwin G. Krebs,,1918,,,,,Male,,,,,2009,,,,(1918–2009),
gairdner_international_award-000118,1978,,Canada Gairdner International Award,"In recognition of their many important contributions to our understanding of how environmental chemicals, both naturally occurring and man made, induce cancer.",,d2369ace-2353-4bc8-8aaa-7a7c29dc2208,Individual,Elizabeth C. Miller,,1920,,,,,Female,,,,,1987,,,,(1920–1987),
gairdner_international_award-000119,1978,,Canada Gairdner International Award,"In recognition of their many important contributions to our understanding of how environmental chemicals, both naturally occurring and man made, induce cancer.",,9a119843-d0f6-4735-842d-da3ef0492ea8,Individual,James A. Miller,,1915,,,,,Male,,,,,2000,,,,(1915–2000),
gairdner_international_award-000120,1978,,Canada Gairdner International Award,In recognition of his pioneering work in purifying and elucidating the mechanisms of the cholinergic receptor.,,2948aa47-9df8-4385-9670-7b3de6a5ba98,Individual,Jean-Pierre Changeux,,,,,,,Male,,,,,,,,,,
gairdner_international_award-000121,1978,,Canada Gairdner International Award,"For his development of radioreceptor methods, their application to opiates and the detection of an endogenous opiate-like substance in the nervous system.",,2578cca6-db5b-46fc-8e18-2055599d32c8,Individual,Lars Terenius,,,,,,,Male,,,,,,,,,,
gairdner_international_award-000122,1978,,Canada Gairdner International Award,"In recognition of their discovery of carcinoembryonic antigen, and for studies which elucidated its biological and clinical significance.",,56c3cb3b-357b-4426-97c2-6078b92c8175,Individual,Phil Gold,,,,,,,Male,,,,,,,,,,
gairdner_international_award-000123,1978,,Canada Gairdner International Award,"In recognition of their discovery of carcinoembryonic antigen, and for studies which elucidated its biological and clinical significance.",,c9fc98ae-f6a7-4777-89df-cc39506f0e59,Individual,Samuel O. Freedman,,,,,,,Male,,,,,,,,,,
gairdner_international_award-000124,1978,,Canada Gairdner International Award,"In recognition of his highly original and conceptual contributions to molecular biology, and to the understanding of how genetic information is read and translated.",,c7a93744-6c0c-4923-bd4d-7ee1b1347162,Individual,Sydney Brenner,,1927,,,,,Male,,,,,2019,,,,(1927–2019),
gairdner_international_award-000125,1979,,Canada Gairdner International Award,"In recognition of his contribution to understanding of genetic disease and, in particular, the detection of genetically-determined disease in large population groups, and the development of treatment programs for these disorders.",,906c8bd5-5280-4c02-8a23-79ce4a0ab81e,Individual,Charles R. Scriver,,1930,,,,,Male,,,,,2023,,,,(1930–2023),
gairdner_international_award-000126,1979,,Canada Gairdner International Award,In recognition of his discovery of steroid receptors which has led to the elucidation of the action of steroid hormones and to the development of tests guiding endocrine treatment for cancer of the breast.,,3333dd37-0839-4335-9189-d258ecda352f,Individual,Elwood V. Jensen,,1920,,,,,Male,,,,,2012,,,,(1920–2012),
gairdner_international_award-000127,1979,,Canada Gairdner International Award,In recognition of his development of methods for the sequencing of DNA and of his contributions to new concepts of gene structure.,,162509ae-1aa7-4876-9429-b510fc61db1f,Individual,Frederick Sanger,,1918,,,,,Male,,,,,2013,,,,(1918–2013),
gairdner_international_award-000128,1979,,Canada Gairdner International Award,In recognition of his contributions to our understanding of the interrelationships of hormones and body fuels in differing nutritional states of man.,,ee270473-185d-434b-942e-bd1c2b08f6df,Individual,George F. Cahill Jr.,,1927,,,,,Male,,,,,2012,,,,(1927–2012),
gairdner_international_award-000129,1979,,Canada Gairdner International Award,"In recognition of his role in the identification of amine receptors and in the development of the receptor-blocking drugs, Propranolol and Cimetidine.",,90593c20-c8e8-4933-9154-2ea1bfad9f83,Individual,James W. Black,,1924,,,,,Male,,,,,2010,,,,(1924–2010),
gairdner_international_award-000130,1979,,Canada Gairdner International Award,"In recognition of his contributions to our understanding of gene replication and regulation, and of the development of methods for sequencing of DNA and their application to studies of gene organization.",,5d7ee574-3b08-4cae-aeec-d0a1e223577f,Individual,Walter Gilbert,,,,,,,Male,,,,,,,,,,
gairdner_international_award-000131,1980,,Canada Gairdner International Award,For his contributions to our knowledge of energy metabolism in cells and of transport in biological membranes.,,211a41b9-44fb-4924-a727-95a22415fb6a,Individual,Efraim Racker,,1913,,,,,Male,,,,,1991,,,,(1913–1991),
gairdner_international_award-000132,1980,,Canada Gairdner International Award,For the chemical synthesis of a functional gene.,,20f88e04-5f0d-48c1-ae8e-86233be8fb56,Individual,H. Gobind Khorana,,1922,,,,,Male,,,,,2011,,,,(1922–2011),
gairdner_international_award-000133,1980,,Canada Gairdner International Award,For his discovery of the role of carnitine in the regulation of fatty acid metabolism.,,1f8dcec3-945b-4de9-b6d9-cea2c7f5bceb,Individual,Irving B. Fritz,,1927,,,,,Male,,,,,1996,,,,(1927–1996),
gairdner_international_award-000134,1980,,Canada Gairdner International Award,For the elucidation of mechanisms through which insulin and other peptide hormones interact with cells and of the ways in which these interactions are altered in disease states.,,86ed78fd-cc27-48b9-a1ed-68d2294a67bd,Individual,Jesse Roth,,,,,,,Male,,,,,,,,,,
gairdner_international_award-000135,1980,,Canada Gairdner International Award,For his fundamental contribution to our understanding of the molecular basis of immunogenicity.,,616e62a6-67c6-456a-84f2-a56fb72b5132,Individual,Michael Sela,,1924,,,,,Male,,,,,2022,,,,(1924–2022),
gairdner_international_award-000136,1980,,Canada Gairdner International Award,In recognition of his contributions to our understanding of the mechanisms of protein synthesis and of the interplay of viral and cellular genes in regulating growth and division.,,44fed225-d006-4a2f-ba7e-a00085b20707,Individual,Paul Berg,,,,,,,Male,,,,,,,,,,
gairdner_international_award-000137,1981,,Canada Gairdner International Award,"For his identification of thromboxanes and leukotrienes, and for his elucidation of their mechanism of action.",,aafdddbc-0b8f-49ac-b921-91c2aebecca5,Individual,Bengt Samuelsson,,,,,,,Male,,,,,,,,,,
gairdner_international_award-000138,1981,,Canada Gairdner International Award,In recognition of their application of a cell-fusion technique to form immortal cell lines which produce antibodies of a single specificity.,,92aff4d2-f574-4a84-a827-e3dbb9c1068c,Individual,César Milstein,,1927,,,,,Male,,,,,2002,,,,(1927–2002),Official API year corrected from 1982 to 1981 after cross-checking the historical winners list.
gairdner_international_award-000139,1981,,Canada Gairdner International Award,In recognition of her elucidation of the enzyme defects in some mucopolysaccharide storage diseases.,,81c70428-de30-4d23-9c36-47d766cb1de5,Individual,Elizabeth F. Neufeld,,,,,,,Female,,,,,,,,,,
gairdner_international_award-000140,1981,,Canada Gairdner International Award,In recognition of their application of a cell-fusion technique to form immortal cell lines which produce antibodies of a single specificity.,,ef89f6a7-be4f-4f73-b2a1-7c7f30ba0e7c,Individual,Georges J. Köhler,,1946,,,,,Male,,,,,1995,,,,(1946–1995),
gairdner_international_award-000141,1981,,Canada Gairdner International Award,For their discovery of calmodulin,,40863a89-4aa2-4d79-b8b3-6a6b3ff5e3ad,Individual,Jerry H-C Wang,,,,,,,Male,,,,,,,,,,
gairdner_international_award-000142,1981,,Canada Gairdner International Award,For their discovery of the role of receptor-mediated uptake of lipoproteins in the regulation of cholesterol metabolism.,,ff63ee6b-f04b-4bda-8aa6-9b89edc6b363,Individual,Joseph L. Goldstein,,,,,,,Male,,,,,,,,,,
gairdner_international_award-000143,1981,,Canada Gairdner International Award,For their discovery of the role of receptor-mediated uptake of lipoproteins in the regulation of cholesterol metabolism.,,f3320ce0-f417-4971-9b4e-1f96ee6815ff,Individual,Michael S. Brown,,,,,,,Male,,,,,,,,,,
gairdner_international_award-000144,1981,,Canada Gairdner International Award,"In recognition of his pioneering studies on the biosynthesis of complex carbohydrates, on their role in cell-cell interactions, and on the transport of sugars into cells.",,bf6aac6a-bdc0-4f8a-ad81-cb5273f40eed,Individual,Saul Roseman,,1921,,,,,Male,,,,,2011,,,,(1921–2011),
gairdner_international_award-000145,1981,,Canada Gairdner International Award,For their discovery of calmodulin.,,7f7549cc-0603-41a8-9bdd-399f9555d300,Individual,Wai Yiu Cheung,,1933,,,,,Male,,,,,1998,,,,(1933–1998),
gairdner_international_award-000146,1982,,Canada Gairdner International Award,"For his contributions to our understanding of the role of amines, particularly dopamine, as neurotransmitters.",,2879f921-6f2d-4b8b-8ea3-8fd3b99438cc,Individual,Arvid Carlsson,,1923,,,,,Male,,,,,2018,,,,(1923–2018),
gairdner_international_award-000147,1982,,Canada Gairdner International Award,For his contributions to our understanding of the mechanisms by which carbohydrate markers regulate the recognition and uptake of proteins by cells.,,e51f2566-ed4e-449c-8218-71db33421cad,Individual,Gilbert Ashwell,,1916,,,,,Male,,,,,2014,,,,(1916–2014),
gairdner_international_award-000148,1982,,Canada Gairdner International Award,For his contributions to our understanding of the ways in which newly-synthesized proteins are transported within cells.,,8e8f2162-edf5-4722-9d69-3a2ed25a500e,Individual,Günter Blobel,,1936,,,,,Male,,,,,2018,,,,(1936–2018),
gairdner_international_award-000149,1982,,Canada Gairdner International Award,For his contributions to our understanding of the function of complement.,,f6600491-58d5-4541-9b89-8d43cf5cfb3c,Individual,Manfred M. Mayer,,1916,,,,,Male,,,,,1984,,,,(1916–1984),
gairdner_international_award-000150,1982,,Canada Gairdner International Award,In recognition of his invention of haloperidol and related drugs useful in the treatment of mental illness.,,145c7d57-2f86-4140-998d-ed1a97f0ea93,Individual,Paul Janssen,,1926,,,,,Male,,,,,2003,,,,(1926–2003),
gairdner_international_award-000151,1983,,Canada Gairdner International Award,For his development of a rapid and sensitive screening test that detects potential carcinogens in our environment.,,1f9f89e1-9526-4049-a0f3-1fbee9fa8e2d,Individual,Bruce N. Ames,,,,,,,Male,,,,,,,,,,
gairdner_international_award-000152,1983,,Canada Gairdner International Award,For his leading role in the World Health Organization program that eradicated smallpox throughout the world.,,07b81405-e54c-42bb-9bad-8c19ad6de8ae,Individual,Donald A. Henderson,,1928,,,,,Male,,,,,2016,,,,(1928–2016),
gairdner_international_award-000153,1983,,Canada Gairdner International Award,For his pioneering work in the purification of parathyroid hormone and his continuing studies of its mechanism of action.,,0a135d84-f292-4e20-9945-23cf61d17c92,Individual,Gerald D. Aurbach,,1927,,,,,Male,,,,,1991,,,,(1927–1991),
gairdner_international_award-000154,1983,,Canada Gairdner International Award,For his characterization of pulmonary surfactant and his contributions to our understanding of the respiratory distress syndrome in infants.,,e2257350-26dc-4053-ad34-36d4f94da2dd,Individual,John A. Clements,,,,,,,Male,,,,,,,,,,
gairdner_international_award-000155,1983,,Canada Gairdner International Award,For his elucidation of the role of subpopulations of lymphocytes in regulating the immune response.,,fe364ceb-73e2-4bb3-991a-a4789028394b,Individual,Richard K. Gershon,,1932,,,,,Male,,,,,1983,,,,(1932–1983),
gairdner_international_award-000156,1983,,Canada Gairdner International Award,For his discovery that antibody diversity is produced by somatic recombination and mutation of genes.,,c4ee7f19-7401-4d31-afee-a490ff3864aa,Individual,Susumu Tonegawa,,,,,,,Male,,,,,,,,,,
gairdner_international_award-000157,1984,,Canada Gairdner International Award,For elucidating the mechanism by which peptide hormones act across cell membranes to influence cell function.,,3e88f698-5516-4d58-9d14-6f901a087e81,Individual,Alfred G. Gilman,,1941,,,,,Male,,,,,2015,,,,(1941–2015),
gairdner_international_award-000158,1984,,Canada Gairdner International Award,For research on viral and cellular oncogenes that extends our understanding of the molecular basis of human cancer.,,96af43cd-0bd3-42ec-859a-98b4a1567a60,Individual,Harold E. Varmus,,,,,,,Male,,,,,,,,,,
gairdner_international_award-000159,1984,,Canada Gairdner International Award,For research on viral and cellular oncogenes that extends our understanding of the molecular basis of human cancer.,,88f8d5e4-16db-488e-adad-626783ef1091,Individual,J. Michael Bishop,,,,,,,Male,,,,,,,,,,
gairdner_international_award-000160,1984,,Canada Gairdner International Award,For his research on the mechanisms of brain cell communication.,,c661c910-a3cb-4d73-a1c2-9a5668dd6f0a,Individual,Krešimir Krnjević,,1927,,,,,Male,,,,,2021,,,,(1927–2021),
gairdner_international_award-000161,1984,,Canada Gairdner International Award,For elucidating the mechanism by which peptide hormones act across cell membranes to influence cell function.,,ffb32df9-b00d-4a74-b400-74a0be4f3aa9,Individual,Martin Rodbell,,1925,,,,,Male,,,,,1998,,,,(1925–1998),
gairdner_international_award-000162,1984,,Canada Gairdner International Award,For his discovery of the important anticancer drug Vinblastine.,,9668ae7b-be3c-42db-949c-90a6e582ad04,Individual,Robert L. Noble,,1910,,,,,Male,,,,,1990,,,,(1910–1990),
gairdner_international_award-000163,1984,,Canada Gairdner International Award,For his discovery of DNA polymorphism in sickle cell disease and thalassemia and its application to the antenatal diagnosis of human disease.,,7fb122e8-392b-49cb-a273-26aca1a3310b,Individual,Yuet Wai Kan,,,,,,,Male,,,,,,,,,,
gairdner_international_award-000164,1985,,Canada Gairdner International Award,"For their many contributions in the field of molecular genetics, especially in the field of gene regulation.",,9d0d7f58-5abb-477c-817e-6d5c85eab6b2,Individual,Charles Yanofsky,,1925,,,,,Male,,,,,2018,,,,(1925–2018),
gairdner_international_award-000165,1985,,Canada Gairdner International Award,"For their many contributions in the field of molecular genetics, especially in the field of gene regulation.",,3b604f36-bfdb-40e3-8c9d-63dc144c6bdd,Individual,Mark Ptashne,,,,,,,Male,,,,,,,,,,
gairdner_international_award-000166,1985,,Canada Gairdner International Award,For her contributions to our understanding of X-chromosome inactivation and its significance in normal and abnormal development.,,95d67e76-bc67-4ddd-b419-5ab8eb0b9b7c,Individual,Mary F. Lyon,,1925,,,,,Female,,,,,2014,,,,(1925–2014),
gairdner_international_award-000167,1985,,Canada Gairdner International Award,For first proposing the use of nuclear magnetic resonance to produce images and demonstrating its application to human disease.,,0aed7039-1084-4e14-ab09-7347393c292a,Individual,Paul C. Lauterbur,,1929,,,,,Male,,,,,2007,,,,(1929–2007),
gairdner_international_award-000168,1985,,Canada Gairdner International Award,For his contributions to the organic synthesis and structural analysis of oligosaccharides with human blood-group antigen specificity.,,74c680ae-4af8-408f-99dd-1365162f1f29,Individual,Raymond U. Lemieux,,1920,,,,,Male,,,,,2000,,,,(1920–2000),
gairdner_international_award-000169,1985,,Canada Gairdner International Award,"In recognition of his research on growth factors, and particularly for the isolation, purification and elucidation of the function of epidermal growth factor.",,0604e5ad-38f6-4fef-b51b-1dc42f9eaa00,Individual,Stanley Cohen,,1922,,,,,Male,,,,,2020,,,,(1922–2020),
gairdner_international_award-000170,1986,,Canada Gairdner International Award,For the discovery and characterization of atrial natriuretic factor.,,15f79486-b91e-4123-ae92-75c6f0496790,Individual,Adolfo J. de Bold,,1942,,,,,Male,,,,,2021,,,,(1942–2021),
gairdner_international_award-000171,1986,,Canada Gairdner International Award,For the discovery and characterization of atrial natriuretic factor.,,5d30cd79-86cc-41e5-89c1-267c826706e7,Individual,Harald Sonnenberg,,,,,,,Male,,,,,,,,,,
gairdner_international_award-000172,1986,,Canada Gairdner International Award,For increasing our understanding of RNA processing and gene expression.,,0355009c-e00d-47d7-b687-54fa36b81638,Individual,James E. Darnell,,,,,,,Male,,,,,,,,,,
gairdner_international_award-000173,1986,,Canada Gairdner International Award,For the discovery of the immunosuppressive properties of cyclosporine A.,,8ce0f62c-72a1-4ae1-900a-324b460bd399,Individual,Jean-François Borel,,,,,,,Male,,,,,,,,,,
gairdner_international_award-000174,1986,,Canada Gairdner International Award,For the development and use of the technique of site-specific mutagenesis.,,a33ae33c-f2a9-42a9-938b-ef5850b6b860,Individual,Michael Smith,,1932,,,,,Male,,,,,2000,,,,(1932–2000),
gairdner_international_award-000175,1986,,Canada Gairdner International Award,For extending our understanding of the interaction of T lymphocytes with cells bearing foreign antigens.,,4c779e77-be05-4aa9-b2a9-260187bc0611,Individual,Peter C. Doherty,,,,,,,Male,,,,,,,,,,
gairdner_international_award-000176,1986,,Canada Gairdner International Award,For increasing our understanding of RNA processing and gene expression.,,40d3cbb2-8bca-4265-91ba-84217c71dbfd,Individual,Phillip A. Sharp,,,,,,,Male,,,,,,,,,,
gairdner_international_award-000177,1986,,Canada Gairdner International Award,For extending our understanding of the interaction of T lymphocytes with cells bearing foreign antigens.,,d60de0b2-2f2c-484a-abb2-6cfb0a1bb896,Individual,Rolf M. Zinkernagel,,,,,,,Male,,,,,,,,,,
gairdner_international_award-000178,1986,,Canada Gairdner International Award,For the discovery and characterization of atrial natriuretic factor.,,172d27fd-4576-4901-872f-a8421f9f91d6,Individual,T. Geoffrey Flynn,,,,,,,Male,,,,,,,,,,
gairdner_international_award-000179,1987,,Canada Gairdner International Award,For the identification and analysis of genes that control embryonic development.,,5fb87b4c-16c1-4e2d-b893-111ba69428d6,Individual,Edward B. Lewis,,1918,,,,,Male,,,,,2004,,,,(1918–2004),
gairdner_international_award-000180,1987,,Canada Gairdner International Award,For elucidating the mechanisms of learning and memory in nerve cells.,,a3fdde4e-af4d-4c8f-a959-35c8de3934e1,Individual,Eric R. Kandel,,,,,,,Male,,,,,,,,,,
gairdner_international_award-000181,1987,,Canada Gairdner International Award,For the identification and isolation of the virus causing acquired immune deficiency syndrome.,,af810f8f-d712-43c4-bf57-5673123e9103,Individual,Luc Montagnier,,1932,,,,,Male,,,,,2022,,,,(1932–2022),
gairdner_international_award-000182,1987,,Canada Gairdner International Award,For contributions to the field of x-ray crystallography and its application to the structure of the common cold virus.,,c414e0a5-05c5-4e7d-98c8-92be8dd74890,Individual,Michael G. Rossmann,,1930,,,,,Male,,,,,2019,,,,(1930–2019),
gairdner_international_award-000183,1987,,Canada Gairdner International Award,For the introduction and development of coronary artery bypass surgery.,,89012ef3-b962-4dea-ae5b-cb732c30810f,Individual,René G. Favaloro,,1923,,,,,Male,,,,,2000,,,,(1923–2000),
gairdner_international_award-000184,1987,,Canada Gairdner International Award,For the identification and isolation of the virus causing acquired immune deficiency syndrome.,,132ca2cb-117c-4a91-92c7-7271b9c9203d,Individual,Robert C. Gallo,,,,,,,Male,,,,,,,,,,
gairdner_international_award-000185,1987,,Canada Gairdner International Award,For the identification and analysis of genes that control embryonic development.,,d7392d03-a109-41e3-8d87-8bd40929b525,Individual,Walter J. Gehring,,1939,,,,,Male,,,,,2014,,,,(1939–2014),
gairdner_international_award-000186,1988,,Canada Gairdner International Award,For the discovery that regrowth and restoration of neural connections is possible in the injured adult mammalian central nervous system.,,5c2bf788-dbbb-48de-a0c0-0063d8eb49f6,Individual,Albert J. Aguayo,,,,,,,Male,,,,,,,,,,
gairdner_international_award-000187,1988,,Canada Gairdner International Award,For the identification of the Epstein-Barr virus.,,3b0b2532-aa8c-4c05-89d2-35bc876008d6,Individual,Michael A. Epstein,,,,,,,Male,,,,,,,,,,
gairdner_international_award-000188,1988,,Canada Gairdner International Award,"For his work in establishing the roles of inositol trisphosphate, diacylglycerol, calcium and protein kinase C during signal transduction and in growth and differentiation.",,cfa1c38b-aa66-41c2-a7eb-0a2b36f688fb,Individual,Michael J. Berridge,,1938,,,,,Male,,,,,2020,,,,(1938–2020),
gairdner_international_award-000189,1988,,Canada Gairdner International Award,For contributions to our understanding of the structure and regulation of adrenergic receptors.,,ad1cfbf0-13bd-441b-95e6-0f5fa4c40262,Individual,Robert J. Lefkowitz,,,,,,,Male,,,,,,,,,,
gairdner_international_award-000190,1988,,Canada Gairdner International Award,For the discovery that some forms of RNA have catalytic properties.,,1bcfad02-d071-442f-a973-d4695caedd9a,Individual,Thomas R. Cech,,,,,,,Male,,,,,,,,,,
gairdner_international_award-000191,1988,,Canada Gairdner International Award,"For his work in establishing the roles of inositol trisphosphate, diacylglycerol, calcium and protein kinase C during signal transduction and in growth and differentiation.",,dbd53fa4-7340-40dd-b802-aed1b51d55cd,Individual,Yasutomi Nishizuka,,1932,,,,,Male,,,,,2004,,,,(1932–2004),
gairdner_international_award-000192,1989,,Canada Gairdner International Award,For the development of the patch clamp technique.,,7c442bf9-3ff1-4de2-8e51-be8e309be9e4,Individual,Bert Sakmann,,,,,,,Male,,,,,,,,,,
gairdner_international_award-000193,1989,,Canada Gairdner International Award,For the development of the patch clamp technique.,,37539fa6-18c7-49fb-b7d4-7a8b8606b253,Individual,Erwin Neher,,,,,,,Male,,,,,,,,,,
gairdner_international_award-000194,1989,,Canada Gairdner International Award,For elucidating the mechanism of action of the beta-Iactam group of antibiotics.,,14d01a7a-aba5-4919-bed7-ab8dee11b3b5,Individual,Jean-Marie Ghuysen,,1925,,,,,Male,,,,,2004,,,,(1925–2004),
gairdner_international_award-000195,1989,,Canada Gairdner International Award,For contributions to the isolation and cloning of the gene for Duchenne/Becker muscular dystrophy.,,25ff875e-3a60-4b2a-9ecd-a87e802af389,Individual,Louis M. Kunkel,,,,,,,Male,,,,,,,,,,
gairdner_international_award-000196,1989,,Canada Gairdner International Award,For contributions to the cloning and sequencing of the gene for the T-cell receptor.,,23461fc1-cc3e-4ef0-896f-8c0529dce1ca,Individual,Mark M. Davis,,,,,,,Male,,,,,,,,,,
gairdner_international_award-000197,1989,,Canada Gairdner International Award,For contributions to the isolation and cloning of the gene for Duchenne/Becker muscular dystrophy.,,4527b9b0-0914-4150-8ed6-6e21705dccc5,Individual,Ronald G. Worton,,,,,,,Male,,,,,,,,,,
gairdner_international_award-000198,1989,,Canada Gairdner International Award,For contributions to the cloning and sequencing of the gene for the T-cell receptor.,,1965e59b-c32d-4698-bcdc-6c1394cd1bfd,Individual,Tak W. Mak,,,,,,,Male,,,,,,,,,,
gairdner_international_award-000199,1990,,Canada Gairdner International Award,For the development of bone marrow transplantation as a therapy for leukemia and other blood disorders.,,f6b11641-78d6-44bf-aa21-46acf8738fdb,Individual,E. Donnall Thomas,,1920,,,,,Male,,,,,2012,,,,(1920–2012),
gairdner_international_award-000200,1990,,Canada Gairdner International Award,"For the discovery, development and application of gel electrophoresis methods that allow the separation and identification of specific proteins and nucleic acids.",,51b796aa-4963-41dc-a757-4f4f7fa359e7,Individual,Edwin M. Southern,,,,,,,Male,,,,,,,,,,
gairdner_international_award-000201,1990,,Canada Gairdner International Award,For contributions to the identification of the gene for cystic fibrosis.,,f2c6c144-cac9-418d-9101-048e92c8064d,Individual,Francis S. Collins,,,,,,,Male,,,,,,,,,,
gairdner_international_award-000202,1990,,Canada Gairdner International Award,For contributions to the identification of the gene for cystic fibrosis.,,66c600f5-883e-4b8d-8162-23c3febc0f5e,Individual,John R. Riordan,,,,,,,Male,,,,,,,,,,
gairdner_international_award-000203,1990,,Canada Gairdner International Award,For contributions to the identification of the gene for cystic fibrosis.,,fd6c6ecf-d39c-4834-a024-2f76305dfa1d,Individual,Lap-Chee Tsui,,,,,,,Male,,,,,,,,,,
gairdner_international_award-000204,1990,,Canada Gairdner International Award,"For the discovery, development and application of gel electrophoresis methods that allow the separation and identification of specific proteins and nucleic acids.",,dd8e3fc3-54e2-445c-865f-a8bc49eaaac3,Individual,Oliver Smithies,,1925,,,,,Male,,,,,2017,,,,(1925–2017),
gairdner_international_award-000205,1990,,Canada Gairdner International Award,For his discovery of the role of P-glycoprotein in the development of multidrug resistance of cancer cells.,,65f65e49-e298-4337-ad52-f68f6f703e0c,Individual,Victor Ling,,,,,,,Male,,,,,,,,,,
gairdner_international_award-000206,1991,,Canada Gairdner International Award,For his contributions to our understanding of muscle membranes and ion transport.,,e05b591a-69a9-4d73-a335-9345f1dba38d,Individual,David H. MacLennan,,1937,,,,,,,,,,2020,,,,(1937–2020),
gairdner_international_award-000207,1991,,Canada Gairdner International Award,For establishing C. elegans as a model for studying the genetic control of development.,,d12fb86a-0715-4c37-97e9-a5a34f724f7c,Individual,John E. Sulston,,1942,,,,,Male,,,,,2018,,,,(1942–2018),
gairdner_international_award-000208,1991,,Canada Gairdner International Award,For his discovery of the polymerase chain reaction (PCR).,,58f96eac-7dca-4827-9f4d-e95b4d7378f4,Individual,Kary B. Mullis,,,,,,,Male,,,,,,,,,,
gairdner_international_award-000209,1991,,Canada Gairdner International Award,For his contributions to our understanding of the process of angiogenesis.,,ab8e093f-77c0-4b4a-b906-bb60bca83899,Individual,M. Judah Folkman,,1933,,,,,Male,,,,,2008,,,,(1933–2008),
gairdner_international_award-000210,1991,,Canada Gairdner International Award,For his discovery and characterization of endothelial relaxing factor.,,f56b73d9-d329-4438-a9c7-3c8e4a963dcd,Individual,Robert F. Furchgott,,1916,,,,,Male,,,,,2009,,,,(1916–2009),
gairdner_international_award-000211,1991,,Canada Gairdner International Award,For establishing C. elegans as a model for studying the genetic control of development.,,c7a93744-6c0c-4923-bd4d-7ee1b1347162,Individual,Sydney Brenner,,1927,,,,,Male,,,,,2019,,,,(1927–2019),
gairdner_international_award-000212,1992,,Canada Gairdner International Award,For elucidating the genetic events leading to the development of specific cancers.,,ef5ba7ab-f2d9-4a37-bfb0-48aeed33f4f6,Individual,Bert Vogelstein,,,,,,,Male,,,,,,,,,,
gairdner_international_award-000213,1992,,Canada Gairdner International Award,In recognition of their contributions in the field of cell cycle regulation.,,e5b2c0d6-9cf6-41db-af98-a01f55ff1c06,Individual,Leland H. Hartwell,,,,,,,Male,,,,,,,,,,
gairdner_international_award-000214,1992,,Canada Gairdner International Award,In recognition of their contributions in the field of cell cycle regulation.,,f2b12f39-af42-438e-aa5b-23037411759e,Individual,Paul M. Nurse,,,,,,,Male,,,,,,,,,,
gairdner_international_award-000215,1992,,Canada Gairdner International Award,For his contributions to the design and analysis of clinical trials.,,83c08ffc-6c7b-4dc7-8200-da60810fee5e,Individual,Richard Peto,,,,,,,Male,,,,,,,,,,
gairdner_international_award-000216,1992,,Canada Gairdner International Award,For elucidating the genetic events leading to the development of specific cancers.,,93ca4eea-2694-443e-a691-aba144ffc043,Individual,Robert A. Weinberg,,,,,,,Male,,,,,,,,,,
gairdner_international_award-000217,1992,,Canada Gairdner International Award,In recognition of their contributions in the field of cell cycle regulation.,,35bf6079-475a-44e5-a07c-df72df0c8578,Individual,Yoshio Masui,,,,,,,Male,,,,,,,,,,
gairdner_international_award-000218,1993,,Canada Gairdner International Award,For his leading role in the establishment of the discipline of clinical epidemiology.,,c91c6b4b-0eb0-4941-b515-4750e684762d,Individual,Alvan R. Feinstein,,1925,,,,,Male,,,,,2001,,,,(1925–2001),
gairdner_international_award-000219,1993,,Canada Gairdner International Award,For pioneering work in the use of homologous recombination to generate targeted mutations in the mouse.,,527cac0e-ee07-4e75-959f-a4fde3ac3e2a,Individual,Mario R. Capecchi,,,,,,,Male,,,,,,,,,,
gairdner_international_award-000220,1993,,Canada Gairdner International Award,For contributions to the development and application of positron emission tomography.,,4205c2b7-c17a-4b4e-a022-4a13d870c8f2,Individual,Michel M. Ter-Pogossian,,1925,,,,,Male,,,,,1996,,,,(1925–1996),
gairdner_international_award-000221,1993,,Canada Gairdner International Award,For pioneering work in the use of homologous recombination to generate targeted mutations in the mouse.,,dd8e3fc3-54e2-445c-865f-a8bc49eaaac3,Individual,Oliver Smithies,,1925,,,,,Male,,,,,2017,,,,(1925–2017),
gairdner_international_award-000222,1993,,Canada Gairdner International Award,For elucidating the role of a novel infectious particle in certain diseases of the nervous system.,,89acaa49-e150-44d3-88aa-6a2388a1ea23,Individual,Stanley B. Prusiner,,,,,,,Male,,,,,,,,,,
gairdner_international_award-000223,1994,,Canada Gairdner International Award,For contributions to our understanding of the role of tyrosine kinases in signal transduction pathways that control cell growth.,,e677450c-9491-46c5-9801-cef214dbebc9,Individual,Anthony J. Pawson,,1952,,,,,Male,,,,,2013,,,,(1952–2013),
gairdner_international_award-000224,1994,,Canada Gairdner International Award,For contributions to our understanding of the immune system by elucidation of the complex formed between MHC class I proteins and peptides derived from foreign antigens.,,62e44a14-1886-4d6f-be86-c0bcf630bdd8,Individual,Don C. Wiley,,1944,,,,,Male,,,,,2001,,,,(1944–2001),
gairdner_international_award-000225,1994,,Canada Gairdner International Award,For contributions to the clinical use of colony-stimulating factors in the treatment of depressed hematopoiesis.,,65020c04-0bde-4ffc-97dd-3ec825267e2d,Individual,Donald Metcalf,,1929,,,,,Male,,,,,2014,,,,(1929–2014),
gairdner_international_award-000226,1994,,Canada Gairdner International Award,For contributions to our understanding of the immune system by elucidation of the complex formed between MHC class I proteins and peptides derived from foreign antigens.,,500b05ba-1b61-4329-842a-31f11d1dc1e5,Individual,Pamela J. Bjorkman,,,,,,,Female,,,,,,,,,,
gairdner_international_award-000227,1994,,Canada Gairdner International Award,For contributions to our understanding of the role of tyrosine kinases in signal transduction pathways that control cell growth.,,26292932-3653-41e1-89bc-2725888f6bc8,Individual,Tony Hunter,,,,,,,Male,,,,,,,,,,
gairdner_international_award-000228,1995,,Canada Gairdner International Award,For fundamental contributions to our understanding of the replication of DNA.,,26f5627e-71ca-42d9-ab2c-d2b84b477533,Individual,Arthur Kornberg,,1918,,,,,Male,,,,,2007,,,,(1918–2007),
gairdner_international_award-000229,1995,,Canada Gairdner International Award,For fundamental contributions to our understanding of the replication of DNA.,,bfcaa67f-dbe8-4405-992a-b1fcda0c717a,Individual,Bruce M. Alberts,,,,,,,Male,,,,,,,,,,
gairdner_international_award-000230,1995,,Canada Gairdner International Award,"For the design, synthesis and use of molecules to measure and manipulate intracellular signalling.",,5b9222d1-5403-4bd3-9aea-170dda9b216e,Individual,Roger Y. Tsien,,1952,,,,,Male,,,,,2016,,,,(1952–2016),
gairdner_international_award-000231,1996,,Canada Gairdner International Award,For the discovery of the role of Helicobacter Pylori as a cause of peptic ulcer disease and the benefit that patients receive from its eradication.,,7ca447f7-e8d8-41b3-9da8-7a73f2b728ff,Individual,Barry J. Marshall,,,,,,,Male,,,,,,,,,,
gairdner_international_award-000232,1996,,Canada Gairdner International Award,For the identification of proteins involved in intracellular traffic and vesicle fusion.,,106db555-1c3e-4e0d-ac25-d4cfee89993b,Individual,James E. Rothman,,,,,,,Male,,,,,,,,,,
gairdner_international_award-000233,1996,,Canada Gairdner International Award,For establishing the critical importance of chromosomal rearrangement as a specific cause of human cancer and for a lifetime of research to identify the genes that are rearranged to cause leukemia and lymphoma.,,ab737c6e-0931-41aa-a6dc-4323293c591c,Individual,Janet D. Rowley,,1925,,,,,Female,,,,,2013,,,,(1925–2013),
gairdner_international_award-000234,1996,,Canada Gairdner International Award,For the identification of proteins involved in intracellular traffic and vesicle fusion.,,d8c4576b-8152-4e96-b4a7-c1f441795681,Individual,Randy W. Schekman,,,,,,,Male,,,,,,,,,,
gairdner_international_award-000235,1996,,Canada Gairdner International Award,For discoveries that led to the development of controlled drug release systems.,,4f3ed2f7-3a9c-4e67-a688-4ee9a37f27bd,Individual,Robert S. Langer,,,,,,,Male,,,,,,,,,,
gairdner_international_award-000236,1997,,Canada Gairdner International Award,For his development of a two-hit mutational hypothesis for the origin of cancer that related hereditary and non-hereditary forms of retinoblastoma and other tumors; this hypothesis has become a paradigm for mutational theories on the origins of cancer and led directly to the concept of suppressor oncogenes.,,4cd8ee4c-7898-4ffa-be1f-98b83188352a,Individual,Alfred G. Knudson Jr.,,1922,,,,,Male,,,,,2016,,,,(1922–2016),
gairdner_international_award-000237,1997,,Canada Gairdner International Award,"For his many contributions to development neurobiology, in particular for his initial cellular and subsequent molecular and genetic dissection of the mechanisms controlling the guidance of neuronal growth cones to find and recognize their correct targets.",,bbae082a-7098-42c7-8e78-31dfcc6e6c20,Individual,Corey S. Goodman,,,,,,,Male,,,,,,,,,,
gairdner_international_award-000238,1997,,Canada Gairdner International Award,"For the discovery and characterization of the molecules responsible for cell-substrate adhesion including fibronections and integrins: and for recognizing the importance of extracellular matrix-cell interactions in modulating cell phenotype, and their clinical relevance in such fields as cancer, blood coagulation and wound healing.",,d2ff31a5-8176-4290-9e2c-ef2cbf137897,Individual,Erkki Ruoslahti,,,,,,,Male,,,,,,,,,,
gairdner_international_award-000239,1997,,Canada Gairdner International Award,"For the discovery and characterization of the molecules responsible for cell-substrate adhesion including fibronections and integrins: and for recognizing the importance of extracellular matrix-cell interactions in modulating cell phenotype, and their clinical relevance in such fields as cancer, blood coagulation and wound healing.",,2fae07e9-1ae8-4157-839f-82ed162ec0e1,Individual,Richard O. Hynes,,,,,,,Male,,,,,,,,,,
gairdner_international_award-000240,1998,,Canada Gairdner International Award,For the discovery of the structure of telomeres and the enzyme that synthesizes them.,,6f82aa7b-8c26-46d3-8eb2-270c7b2495c9,Individual,Carol Greider,,,,,,,Female,,,,,,,,,,
gairdner_international_award-000241,1998,,Canada Gairdner International Award,For the discovery of the structure of telomeres and the enzyme that synthesizes them.,,938b7fb1-b347-4773-968a-0c6b12e8be04,Individual,Elizabeth H. Blackburn,,,,,,,Female,,,,,,,,,,
gairdner_international_award-000242,1998,,Canada Gairdner International Award,For his pioneering contribution to our understanding of the structure of the human mitochondrial genome and its role in human disease.,,1f0f4530-8eb1-4e88-8d1c-8061cad7e65b,Individual,Giuseppe Attardi,,1923,,,,,Male,,,,,2008,,,,(1923–2008),
gairdner_international_award-000243,1998,,Canada Gairdner International Award,For the discovery of the transport of proteins into mitochondria.,,bc0f5044-e0a3-47c7-b6fd-e263b8de09bc,Individual,Gottfried Schatz,,1936,,,,,Male,,,,,2015,,,,(1936–2015),
gairdner_international_award-000244,1998,,Canada Gairdner International Award,For his pioneering contribution to our understanding of the structure of the human mitochondrial genome and its role in human disease.,,b8947802-480a-4ca9-8894-e7ad2d1c3adc,Individual,Walter Neupert,,1939,,,,,Male,,,,,2019,,,,(1939–2019),
gairdner_international_award-000245,1999,,Canada Gairdner International Award,For the discovery of the ubiquitin system of intracellular protein degradation and its many functions in the cell.,,398f8730-8bc4-4aa6-ad66-28da8fbb01ea,Individual,Alexander J. Varshavsky,,,,,,,Male,,,,,,,,,,
gairdner_international_award-000246,1999,,Canada Gairdner International Award,In recognition of their pioneering contribution to our understanding of apoptosis.,,a0c585d3-9fac-446e-87e2-f9c3f385d7c3,Individual,Andrew H. Wyllie,,1944,,,,,Male,,,,,2022,,,,(1944–2022),
gairdner_international_award-000247,1999,,Canada Gairdner International Award,For the discovery of the ubiquitin system of intracellular protein degradation and its many functions in the cell.,,02c53b5d-f61d-4d8a-9fce-a051065b5830,Individual,Avram Hershko,,,,,,,Male,,,,,,,,,,
gairdner_international_award-000248,1999,,Canada Gairdner International Award,In recognition of their pioneering contribution to our understanding of apoptosis.,,28eb163f-8a2a-42ee-bd89-d7c5616960c5,Individual,H. Robert Horvitz,,,,,,,Male,,,,,,,,,,
gairdner_international_award-000249,2000,,Canada Gairdner International Award,For their discovery of the molecular and cellular basis of antigen processing leading to our understanding of the physiological role of histocompatibility molecules and T lymphocyte antigen recognition.,,464b9c4d-9109-486c-b53a-de3d863ae658,Individual,Alain R.M. Townsend,,,,,,,Male,,,,,,,,,,
gairdner_international_award-000250,2000,,Canada Gairdner International Award,For their discovery of the molecular and cellular basis of antigen processing leading to our understanding of the physiological role of histocompatibility molecules and T lymphocyte antigen recognition.,,69babe45-675f-4178-abd1-f964d9a0f3a4,Individual,Emil R. Unanue,,1934,,,,,Male,,,,,2022,,,,(1934–2022),
gairdner_international_award-000251,2000,,Canada Gairdner International Award,"In recognition of his pioneering contributions to our understanding of the diagnosis, prevention and treatment of thromboembolic disorders.",,425a9679-8c36-4396-a76f-9c5b58d479e6,Individual,Jack Hirsh,,,,,,,Male,,,,,,,,,,
gairdner_international_award-000252,2000,,Canada Gairdner International Award,For their studies on the transcription machinery and elucidation of the basic mechanisms of transcription in eukaryotic cells.,,6fae3e6e-dd48-4fdb-96d0-ae7233b643cd,Individual,Robert Roeder,,,,,,,Male,,,,,,,,,,
gairdner_international_award-000253,2000,,Canada Gairdner International Award,For their studies on the transcription machinery and elucidation of the basic mechanisms of transcription in eukaryotic cells.,,cc111e09-6186-4e04-b07b-3d5ed730e0c9,Individual,Roger D. Kornberg,,,,,,,Male,,,,,,,,,,
gairdner_international_award-000254,2001,,Canada Gairdner International Award,For the elucidation of the mechanism of action and molecular structure of cation channels.,,93e13ead-852a-498e-a44a-b6f63e89ae71,Individual,Bertil Hille,,,,,,,Male,,,,,,,,,,
gairdner_international_award-000255,2001,,Canada Gairdner International Award,For the elucidation of the mechanism of action and molecular structure of cation channels.,,1e935afc-4a70-4355-94f3-425959610012,Individual,Clay Armstrong,,,,,,,Male,,,,,,,,,,
gairdner_international_award-000256,2001,,Canada Gairdner International Award,"For his pioneering work in the understanding of the structure, function and dynamics of microtubules.",,6b32eba8-11c8-496b-917e-51a18aa35160,Individual,Marc W. Kirschner,,,,,,,Male,,,,,,,,,,
gairdner_international_award-000257,2001,,Canada Gairdner International Award,For the elucidation of the mechanism of action and molecular structure of cation channels.,,334dbe53-bda6-4b2f-b494-81816ba7af8c,Individual,Roderick MacKinnon,,,,,,,Male,,,,,,,,,,
gairdner_international_award-000258,2002,,Canada Gairdner International Award,For their major seminal contributions to the sequencing of the human and other genomes.,,c34fe108-cdd3-446b-86b2-6b200c9ef288,Individual,Eric S. Lander,,,,,,,Male,,,,,,,,,,
gairdner_international_award-000259,2002,,Canada Gairdner International Award,For his outstanding leadership in the Human Genome Project and particularly for the international effort to map and sequence the human and other genomes.,,f2c6c144-cac9-418d-9101-048e92c8064d,Individual,Francis S. Collins,,,,,,,Male,,,,,,,,,,
gairdner_international_award-000260,2002,,Canada Gairdner International Award,"For his major advancement of whole genome sequencing and its applications to microbial, human and other genomes.",,b7b2232a-a2f5-4bf2-829e-6b530964b6dc,Individual,J. Craig Venter,,,,,,,Male,,,,,,,,,,
gairdner_international_award-000261,2002,,Canada Gairdner International Award,"For his 50 years of unparalelled contributions to biology and medical science, and in particular for his critical international leadership during the creation of the Human Genome Project.",,5a11432d-b3ff-4fda-ba08-f1a9a5af3cdf,Individual,James D. Watson,,,,,,,Male,,,,,,,,,,
gairdner_international_award-000262,2002,,Canada Gairdner International Award,For his unique contributions in creating a detailed genetic map of the human genome.,,b8de0249-24dd-4512-b668-888f33d75a0c,Individual,Jean Weissenbach,,,,,,,Male,,,,,,,,,,
gairdner_international_award-000263,2002,,Canada Gairdner International Award,For their major seminal contributions to the sequencing of the human and other genomes.,,a8bdb0b8-6ed3-451f-8ab5-9abde7fafad1,Individual,John Sulston,,1942,,,,,Male,,,,,2018,,,,(1942–2018),
gairdner_international_award-000264,2002,,Canada Gairdner International Award,"For his original concepts, and for technological and experimental innovations that were critical for the sequencing of the mammalian genomes.",,4013190b-bca0-468e-bad0-3f17e3cb631b,Individual,Maynard V. Olson,,,,,,,Male,,,,,,,,,,
gairdner_international_award-000265,2002,,Canada Gairdner International Award,For his contributions to computational molecular biology that greatly facilitated sequencing of the human genome.,,c6377a3b-9eed-44fe-bb87-5ecc398ade39,Individual,Michael S. Waterman,,,,,,,Male,,,,,,,,,,
gairdner_international_award-000266,2002,,Canada Gairdner International Award,For his contributions to development of the computational tools essential for sequencing of the human genome.,,bfb72f78-e88a-4415-86fd-86df3ee8fad9,Individual,Philip P. Green,,,,,,,Male,,,,,,,,,,
gairdner_international_award-000267,2002,,Canada Gairdner International Award,For their major seminal contributions to the sequencing of the human and other genomes.,,ce3cc2a5-a0f2-40f5-baf1-342728db8d90,Individual,Robert H. Waterston,,,,,,,Male,,,,,,,,,,
gairdner_international_award-000268,2003,,Canada Gairdner International Award,For their discovery of the olfactory receptors and the clarification of how these receptors transfer olfactory signals to the brain.,,9840e74e-ba29-4adb-ab10-6589e59d36c1,Individual,Linda B. Buck,,,,,,,Female,,,,,,,,,,
gairdner_international_award-000269,2003,,Canada Gairdner International Award,"For his discovery and characterization of the role of the dendritic cell, a pivotal phagocytic cell in the immune system and essential to the development of vaccines.",,dfc15592-b03d-4924-9cf6-90136f39ca17,Individual,Ralph Steinman,,1943,,,,,Male,,,,,2011,,,,(1943–2011),
gairdner_international_award-000270,2003,,Canada Gairdner International Award,For their discovery of olfactory receptors and the clarification of how these receptors transfer olfactory signals to the brain.,,f3e7eecd-fc5a-4efb-8f2f-b5a13d7b222a,Individual,Richard Axel,,,,,,,Male,,,,,,,,,,
gairdner_international_award-000271,2003,,Canada Gairdner International Award,"For his development of blood oxygenation dependent imaging which has revolutionized the field of functional magnetic resource imaging (fMRI), and used extensively to study brain function.",,63777f52-e3b1-4b0b-8349-e260b406022c,Individual,Seiji Ogawa,,,,,,,Male,,,,,,,,,,
gairdner_international_award-000272,2003,,Canada Gairdner International Award,"For contributions to macromolecular crystallography, in the development of robust methods of phasing and refinement, and in the determination of complex and biologically important structures.",,15486a83-f25d-45cb-893f-471535d27219,Individual,Wayne A. Hendrickson,,,,,,,Male,,,,,,,,,,
gairdner_international_award-000273,2004,,Canada Gairdner International Award,For his fundamental discoveries concerning chaperone assisted protein folding in the cell and its relevance to neurodegeneration.,,ce7f23d8-0a51-4d6f-a015-1cac3ae01ed8,Individual,Arthur L. Horwich,,,,,,,Male,,,,,,,,,,
gairdner_international_award-000274,2004,,Canada Gairdner International Award,For his fundamental discoveries concerning chaperone assisted protein folding in the cell and its relevance to neurodegeneration.,,72de5a9d-4862-4121-82f8-5c0239b5d130,Individual,F. Ulrich Hartl,,,,,,,Male,,,,,,,,,,
gairdner_international_award-000275,2004,,Canada Gairdner International Award,For his elucidation of mechanisms of gastric acid secretion and the development of novel therapies for gastric disease.,,8ed4de87-436b-4901-88f3-6dd8d425bf50,Individual,George Sachs,,1935,,,,,Male,,,,,2019,,,,(1935–2019),
gairdner_international_award-000276,2004,,Canada Gairdner International Award,For his fundamental discoveries concerning chaperone assisted protein folding in the cell and its relevance to neurodegeneration.,,ab009867-46fc-47b7-ae1c-bc7514b5a83d,Individual,R. John Ellis,,,,,,,Male,,,,,,,,,,
gairdner_international_award-000277,2004,,Canada Gairdner International Award,"For pioneering discoveries that both founded and greatly advanced an entire field of neurogenetics, thereby transforming our understanding of the brain and its mechanisms.",,1c9bb455-95bc-45b7-b8a5-feb80f7e5483,Individual,Seymour Benzer,,1921,,,,,Male,,,,,2007,,,,(1921–2007),
gairdner_international_award-000278,2005,,Canada Gairdner International Award,For the discovery of RNA interference which initiated a revolution in the study and use of RNA in gene silencing.,,7a70bcc1-43bc-488a-a9ea-08992841bc20,Individual,Andrew Z. Fire,,,,,,,Male,,,,,,,,,,
gairdner_international_award-000279,2005,,Canada Gairdner International Award,"For pioneering research in the understanding of human memory, and providing the necessary framework within which findings in neuroanatomy, neuroplysiology, and neuropharmacology can be integrated.",,89d0edb3-9060-4245-b1d2-a966c86d1fe3,Individual,Brenda Milner,,,,,,,Female,,,,,,,,,,
gairdner_international_award-000280,2005,,Canada Gairdner International Award,For the discovery of RNA interference which initiated a revolution in the study and use of RNA in gene silencing.,,91e906c6-9329-408f-b657-69c4210675d3,Individual,Craig C. Mello,,,,,,,Male,,,,,,,,,,
gairdner_international_award-000281,2005,,Canada Gairdner International Award,"For contributions to our understanding of obesity and particularly for the discovery of the adipose tissue hormone, leptin.",,0f79469b-c7e6-43f8-a1a2-2350a51bc4d5,Individual,Douglas Coleman,,1931,,,,,Male,,,,,2014,,,,(1931–2014),
gairdner_international_award-000282,2005,,Canada Gairdner International Award,"For pioneering research in the understanding of human memory, and providing the necessary framework within which findings in neuroanatomy, neuroplysiology, and neuropharmacology can be integrated.",,0739192c-115e-4161-b956-e1f37477b8f7,Individual,Endel Tulving,,,,,,,Male,,,,,,,,,,
gairdner_international_award-000283,2005,,Canada Gairdner International Award,"For contributions to our understanding of obesity and particularly for the discovery of the adipose tissue hormone, leptin.",,d115226a-585a-4e10-913c-a9fbd5f267c9,Individual,Jeffrey M. Friedman,,,,,,,Male,,,,,,,,,,
gairdner_international_award-000284,2006,,Canada Gairdner International Award,For his discoveries related to understanding the cytoskeleton of the cell and the basis of cell mobility and its relevance to human disease.,,3c892e61-358e-4577-b4bf-47927834d3a9,Individual,Alan Hall,,1952,,,,,Male,,,,,2015,,,,(1952–2015),
gairdner_international_award-000285,2006,,Canada Gairdner International Award,For her discovery of the reactivity of autoimmune sera with ribonucleoprotein particles and elucidation of the roles of small nuclear RNAs in messenger RNA processing.,,6b7671d0-ad34-4cc6-99a0-33cfdca2a734,Individual,Joan A. Steitz,,,,,,,Female,,,,,,,,,,
gairdner_international_award-000286,2006,,Canada Gairdner International Award,For his pioneering discoveries in germ line modifications in mammals.,,47e29c44-fe00-4fe0-8516-7161a4c7adfe,Individual,Ralph L. Brinster,,,,,,,Male,,,,,,,,,,
gairdner_international_award-000287,2006,,Canada Gairdner International Award,For his seminal studies defining new classes of nuclear hormone receptors and elucidating their role in energy metabolism and endocrine-related disease.,,7ca79ccf-d678-481f-a5de-8b8f3f285cb2,Individual,Ronald M. Evans,,,,,,,Male,,,,,,,,,,
gairdner_international_award-000288,2006,,Canada Gairdner International Award,For his discoveries related to understanding the cytoskeleton of the cell and the basis of cell mobility and its relevance to human disease.,,1bcac56f-7739-4a4a-96f2-0bfd8ea97118,Individual,Thomas D. Pollard,,,,,,,Male,,,,,,,,,,
gairdner_international_award-000289,2007,,Canada Gairdner International Award,For his transforming studies demonstrating the link between chromatin structure and gene transcription and elucidating the mechanisms by which a variety of post-translational modifications of histones are involved in gene expression and genome maintenance and stability.,,52c9a4a3-2592-4c47-b7b2-8b8cd4df2aef,Individual,C. David Allis,,1951,,,,,Male,,,,,2023,,,,(1951–2023),
gairdner_international_award-000290,2007,,Canada Gairdner International Award,For the development of targeted therapy Herceptin against advanced breast cancer expressing the Her-2/Neu oncogene resulting in more effective therapy for breast cancer.,,49cb6792-0b33-4e1d-8a39-e86a2916e055,Individual,Dennis J. Slamon,,,,,,,Male,,,,,,,,,,
gairdner_international_award-000291,2007,,Canada Gairdner International Award,"For his studies on the structure and function of the ribosome which showed that the peptidyl transferase was an RNA catalyzed reaction, and for revealing the mechanism of inhibition of this function by antibiotics.",,6e706e95-c243-425b-9e8e-3bfee41cbffa,Individual,Harry F. Noller,,,,,,,Male,,,,,,,,,,
gairdner_international_award-000292,2007,,Canada Gairdner International Award,"For his discovery of the mechanism of chromosome segregation during cell division, which has profound implications for our understanding of chromosome non-disjunction in human cancer and other genetic diseases.",,355510ce-01d3-4901-9b4e-b9af4cad4270,Individual,Kim Nasmyth,,,,,,,Male,,,,,,,,,,
gairdner_international_award-000293,2007,,Canada Gairdner International Award,"For his studies on the structure and function of the ribosome which showed that the peptidyl transferase was an RNA catalyzed reaction, and for revealing the mechanism of inhibition of this function by antibiotics.",,8c7802ea-4746-486e-95cd-40888ae4a260,Individual,Thomas A. Steitz,,1940,,,,,Male,,,,,2018,,,,(1940–2018),
gairdner_international_award-000294,2008,,Canada Gairdner International Award,"For the discovery and characterization of micro RNA's, important in the regulations of gene function.",,67d04b4a-2f0c-4fe0-8ce9-d3167d5988a1,Individual,Gary Ruvkun,,,,,,,Male,,,,,,,,,,
gairdner_international_award-000295,2008,,Canada Gairdner International Award,For the discovery of the causative role of papilloma viruses in cancer of the cervix which led to the development of a successful HPV vaccine.,,eef515b5-094a-49aa-ae9b-10d025863f3d,Individual,Harald zur Hausen,,,,,,,Male,,,,,,,,,,
gairdner_international_award-000296,2008,,Canada Gairdner International Award,For his pioneering discoveries in cellular translation of genetic information.,,bd16cfc7-cef5-4b4c-b444-b3c45cbd1a4d,Individual,Nahum Sonenberg,,,,,,,Male,,,,,,,,,,
gairdner_international_award-000297,2008,,Canada Gairdner International Award,For his seminal discovery of adult neural stem cells in the mammalian brain and its importance in nerve cell regeneration.,,9fd88523-f014-466e-ad81-9809ee8f6ff3,Individual,Samuel Weiss,,,,,,,Male,,,,,,,,,,
gairdner_international_award-000298,2008,,Canada Gairdner International Award,"For the discovery and characterization of micro RNA's, important in the regulation of gene function.",,577c8a8c-0eb6-4389-9091-6f21b38061cd,Individual,Victor Ambros,,,,,,,Male,,,,,,,,,,
gairdner_international_award-000299,2009,,Canada Gairdner International Award,For the dissection and elucidation of a key pathway in the unfolded protein response which regulates protein folding in the cell.,,48c823ec-a865-4e7b-bd2f-049861c0031d,Individual,Kazutoshi Mori,,,,,,,Male,,,,,,,,,,
gairdner_international_award-000300,2009,,Canada Gairdner International Award,"For the discovery of mechanisms that define cell polarity and asymmetric cell division, processes key in cell differentiation and in the generation of cell diversity.",,a8920cb4-cd91-42ca-9516-669067284570,Individual,Lucy Shapiro,,,,,,,Female,,,,,,,,,,
gairdner_international_award-000301,2009,,Canada Gairdner International Award,For the dissection and elucidation of a key pathway in the unfolded protein response which regulates protein folding in the cell.,,5b85b489-dbd3-4881-86b2-d88b9caef786,Individual,Peter Walter,,,,,,,Male,,,,,,,,,,
gairdner_international_award-000302,2009,,Canada Gairdner International Award,"For the discovery of mechanisms that define cell polarity and asymmetric cell division, processes key in cell differentiation and in the generation of cell diversity.",,39c2052c-1392-4dc9-89c1-1d514a68d1a3,Individual,Richard Losick,,,,,,,Male,,,,,,,,,,
gairdner_international_award-000303,2009,,Canada Gairdner International Award,For his demonstration that the key transcription factors which specify pluripotency may become reprogrammed somatic cells to pluripotent stem cells.,,15dbab5c-42ba-400a-93e9-68e6d9c3148c,Individual,Shinya Yamanaka,,,,,,,Male,,,,,,,,,,
gairdner_international_award-000304,2010,,Canada Gairdner International Award,For identification of molecular mechanisms of oxygen sensing in the cell.,,63e24399-8c5f-4bc4-85f4-7b3c0676b87e,Individual,Gregg L. Semenza,,,,,,,Male,,,,,,,,,,
gairdner_international_award-000305,2010,,Canada Gairdner International Award,For identification of molecular mechanisms of oxygen sensing in the cell.,,970b0047-21bd-4332-a2dd-57d274861afb,Individual,Peter J. Ratcliffe,,,,,,,Male,,,,,,,,,,
gairdner_international_award-000306,2010,,Canada Gairdner International Award,For the elucidation of fundamental mechanisms of transcription in animal cells and to the discovery of the nuclear receptor superfamily.,,e03b1d77-f3dd-452e-88d8-d81db0e0f27a,Individual,Pierre Chambon,,,,,,,Male,,,,,,,,,,
gairdner_international_award-000307,2010,,Canada Gairdner International Award,For discovery of the voltage-gated sodium channel and calcium channel proteins and the elucidation of their function and regulation.,,8778b09e-17f8-4e8f-be96-748369d011eb,Individual,William Catterall,,,,,,,Male,,,,,,,,,,
gairdner_international_award-000308,2010,,Canada Gairdner International Award,For identification of molecular mechanisms of oxygen sensing in the cell.,,25244f59-107a-4e6d-8088-11d00b8b9d1c,Individual,William G. Kaelin Jr.,,,,,,,Male,,,,,,,,,,
gairdner_international_award-000309,2011,,Canada Gairdner International Award,For his pioneering discoveries on DNA methylation and its role in gene expression.,,7dc43e76-bba8-4595-9705-cc4203534577,Individual,Adrian Peter Bird,,,,,,,Male,,,,,,,,,,
gairdner_international_award-000310,2011,,Canada Gairdner International Award,For his pioneering discoveries on DNA methylation and its role in gene expression.,,b7119950-50d5-4b81-9283-c095ac190ddf,Individual,Aharon Razin,,,,,,,Male,,,,,,,,,,
gairdner_international_award-000311,2011,,Canada Gairdner International Award,For his pioneering discoveries on DNA methylation and its role in gene expression.,,5aaa6dab-6af8-4b00-ad4d-e11aebc970eb,Individual,Howard Cedar,,,,,,,Male,,,,,,,,,,
gairdner_international_award-000312,2011,,Canada Gairdner International Award,For his ground-breaking discovery of the family of Toll like receptors and the array of microbial compounds that they recognize to provide innate resistance to infection.,,cb279454-c121-4f2f-9c2f-dc9451432fbe,Individual,Jules A. Hoffmann,,,,,,,Male,,,,,,,,,,
gairdner_international_award-000313,2011,,Canada Gairdner International Award,For his ground-breaking discovery of Toll like receptors and the array of microbial compounds that they recognize to provide innate resistance to infection.,,375f193c-097a-420b-89b9-9128e81b90a7,Individual,Shizuo Akira,,,,,,,Male,,,,,,,,,,
gairdner_international_award-000314,2012,,Canada Gairdner International Award,For his pioneering discoveries concerning the biological clock responsible for circadian rhythms.,,d0c4b92c-a3fc-4e3a-a040-a9b2c18ee9fa,Individual,Jeffrey C. Hall,,,,,,,Male,,,,,,,,,,
gairdner_international_award-000315,2012,,Canada Gairdner International Award,"For his seminal work on identifying the Fc receptors of antibodies, which play a key role in the immune response, and for establishing their critical role in autoimmune diseases and cancer.",,f6905d75-3d09-4645-b4b9-0d1d6bc72bdf,Individual,Jeffrey Ravetch,,,,,,,Male,,,,,,,,,,
gairdner_international_award-000316,2012,,Canada Gairdner International Award,For his pioneering discoveries concerning the biological clock responsible for circadian rhythms.,,0a61208f-9fda-4448-8b0a-d36ec66d070a,Individual,Michael Rosbash,,,,,,,Male,,,,,,,,,,
gairdner_international_award-000317,2012,,Canada Gairdner International Award,For his pioneering discoveries concerning the biological clock responsible for circadian rhythms.,,c2bf3119-a41e-4fec-be73-01d2a650f4f7,Individual,Michael W. Young,,,,,,,Male,,,,,,,,,,
gairdner_international_award-000318,2012,,Canada Gairdner International Award,"For research in defining the genetic and molecular pathways leading to the complex development of the spinal cord, with implications for therapeutic applications.",,5b8c7212-a3ad-4639-ac6d-c3ab5a8c3222,Individual,Thomas M. Jessell,,1951,,,,,Male,,,,,2019,,,,(1951–2019),
gairdner_international_award-000319,2013,,Canada Gairdner International Award,"For critical contributions to the discovery and isolation of the hepatitis C virus, which has led to the development of new diagnostic and therapeutic agents.",,cceb6615-bb97-4376-9e6c-de0ea4084d5f,Individual,Daniel W. Bradley,,,,,,,Male,,,,,,,,,,
gairdner_international_award-000320,2013,,Canada Gairdner International Award,"For critical contributions to the discovery and isolation of the hepatitis C virus, which has led to the development of new diagnostic and therapeutic agents.",,aaf7e8a9-6852-40b4-a283-f2375167b3dd,Individual,Harvey J. Alter,,,,,,,Male,,,,,,,,,,
gairdner_international_award-000321,2013,,Canada Gairdner International Award,"For the engineering of humanized monoclonal antibodies and their widespread use in medical therapy, particularly for treatment of cancer and immune disorders.",,7265c00a-c349-4efe-9600-00242bc1c5ac,Individual,Sir Gregory Winter,,,,,,,Male,,,,,,,,,,
gairdner_international_award-000322,2013,,Canada Gairdner International Award,For elucidation of the DNA damage response as a signaling network that controls DNA repair and genomic stability with profound implications for cancer and other diseases.,,2be1ccaf-2d79-48ff-85e2-e6a4e07aaff7,Individual,Stephen Joseph Elledge,,,,,,,Male,,,,,,,,,,
gairdner_international_award-000323,2014,,Canada Gairdner International Award,"For discovering Vascular Endothelial Growth Factor (VEGF), a key molecular mediator of new blood vessel formation and the development of effective anti-VEGF therapy for cancer and wet macular degeneration",,0161c5e4-94f3-43ca-98fe-dbfb27240c08,Individual,Harold F. Dvorak,,,,,,,Male,,,,,,,,,,
gairdner_international_award-000324,2014,,Canada Gairdner International Award,For his discovery of immune checkpoint blockade and its successful application to immune therapy of cancer.,,1384f26a-27da-412b-9d2e-b0ef626a9c45,Individual,James Allison,,,,,,,Male,,,,,,,,,,
gairdner_international_award-000325,2014,,Canada Gairdner International Award,"For discovering Vascular Endothelial Growth Factor (VEGF), a key molecular mediator of new blood vessel formation and the development of effective anti-VEGF. therapy for cancer and wet macular degeneration",,c88177b3-d1b5-4d35-93b1-737144e0c16e,Individual,Napoleone Ferrara,,,,,,,Male,,,,,,,,,,
gairdner_international_award-000326,2014,,Canada Gairdner International Award,For the discovery of anti-TNF therapy for the treatment of rheumatoid arthritis and other inflammatory diseases.,,d28926cf-76ad-4d83-90a5-92dfc46c93bd,Individual,Sir Marc Feldmann,,,,,,,Male,,,,,,,,,,
gairdner_international_award-000327,2014,,Canada Gairdner International Award,For the discovery of anti-TNF therapy for the treatment of rheumatoid arthritis and other inflammatory diseases.,,e83b046b-8c4f-4d1d-8684-79f540c2c8d9,Individual,Sir Ravinder Nath Maini,,,,,,,Male,,,,,,,,,,
gairdner_international_award-000328,2014,,Canada Gairdner International Award,For her discovery of the mechanisms by which mammalian telomeres are protected from deleterious DNA repair and damage responses.,,c6931b83-36c9-4494-afcd-8d663492964b,Individual,Titia de Lange,,,,,,,Female,,,,,,,,,,
gairdner_international_award-000329,2015,,Canada Gairdner International Award,"For his discovery of PI 3-Kinase, a critical component of the cell signaling machinery that plays a key role in normal functions of proliferations and growth and is de-regulated in diseases such as cancer and diabetes.",,52495a41-9c9d-4483-a811-6907abfac862,Individual,Lewis Cantley,,,,,,,Male,,,,,,,,,,
gairdner_international_award-000330,2015,,Canada Gairdner International Award,"For the discovery of the mechanism that destroys mutant messenger RNAs in human cells, nonsense-mediated mRNA decay, which is critically important in both normal and disease states.",,de6619ad-d88e-4be9-931b-c17ad71af9b6,Individual,Lynne E. Maquat,,,,,,,Female,,,,,,,,,,
gairdner_international_award-000331,2015,,Canada Gairdner International Award,"For his discovery of the nutrient activated protein kinase TOR and elucidation of its central control of cell growth, critical to development and aging and widely implicated in cancers, diabetes, cardiovascular and immune diseases.",,a6574866-f988-44eb-a4eb-54bfd30ef4a6,Individual,Michael N. Hall,,,,,,,Male,,,,,,,,,,
gairdner_international_award-000332,2015,,Canada Gairdner International Award,"For his discovery of regulatory T cells, characterization of their role in immunity and application to the treatment of autoimmune diseases and cancer.",,3a9531c9-3614-4e50-a903-32e933f28091,Individual,Shimon Sakaguchi,,,,,,,Male,,,,,,,,,,
gairdner_international_award-000333,2015,,Canada Gairdner International Award,"For pioneering the molecular elucidation of autophagy, an essential intracellular, degradation system and when disordered, is linked to many diseases including neurodegeneration, cancer, and infection.",,2be8e768-3311-450c-b5c7-88663f8872db,Individual,Yoshinori Ohsumi,,,,,,,Male,,,,,,,,,,
gairdner_international_award-000334,2016,,Canada Gairdner International Award,For development of CRISPR-CAS as a genome editing tool for eukaryotic cells.,,3544f53c-d9e3-41c6-9cd6-a7b3bc4d7a96,Individual,Emmanuelle Charpentier,,,,,,,Female,,,,,,,,,,
gairdner_international_award-000335,2016,,Canada Gairdner International Award,For development of CRISPR-CAS as a genome editing tool for eukaryotic cells.,,14327c26-47a6-4ec5-b32d-e911673377e0,Individual,Feng Zhang,,,,,,,Male,,,,,,,,,,
gairdner_international_award-000336,2016,,Canada Gairdner International Award,For development of CRISPR-CAS as a genome editing tool for eukaryotic cells.,,044af559-1040-465c-8e84-7a0370ffa9ba,Individual,Jennifer Doudna,,,,,,,Female,,,,,,,,,,
gairdner_international_award-000337,2016,,Canada Gairdner International Award,For establishing and characterizing CRISPR-Cas bacterial immune defense system.,,bc78cf0c-6182-4d8d-8681-86c00ec4a949,Individual,Philippe Horvath,,,,,,,Male,,,,,,,,,,
gairdner_international_award-000338,2016,,Canada Gairdner International Award,For establishing and characterizing CRISPR-Cas bacterial immune defense system.,,27263b14-87d3-4481-9184-ad8d5ee54894,Individual,Rodolphe Barrangou,,,,,,,Male,,,,,,,,,,
gairdner_international_award-000339,2017,,Canada Gairdner International Award,"For the first discovery and development of statins, inhibitors of cholesterol biosynthesis that have transformed the prevention and treatment of cardiovascular disease.",,77912442-fade-434e-8f50-6cd2089f6431,Individual,Akira Endo,,,,,,,Male,,,,,,,,,,
gairdner_international_award-000340,2017,,Canada Gairdner International Award,"For determining the molecular basis of somatosensation- how we sense heat, cold and pain.",,c785c8b5-fd7f-4f7b-b3bb-b90c34a142a6,Individual,David Julius,,,,,,,Male,,,,,,,,,,
gairdner_international_award-000341,2017,,Canada Gairdner International Award,For the discovery of the genetic basis of Rett syndrome and its implications for autism spectrum disorders,,0debd140-19ab-45b9-9319-2094d4c2f1f6,Individual,Huda Y. Zoghbi,,,,,,,Female,,,,,,,,,,
gairdner_international_award-000342,2017,,Canada Gairdner International Award,"For the development of modern NMR spectroscopy for studies of biomolecular structure dynamics and function, including applications to molecular machines and rare protein conformations",,a32999fb-cac3-4891-a101-1980f4afdfd5,Individual,Lewis E. Kay,,,,,,,Male,,,,,,,,,,
gairdner_international_award-000343,2017,,Canada Gairdner International Award,"For pioneering the genomic approach, known as reverse vaccinology, used to develop a vaccine against meningococcus B which has saved many lives worldwide.",,6ce37227-c440-4d5d-b4b1-d6d3027e4aa6,Individual,Rino Rappuoli,,,,,,,Male,,,,,,,,,,
gairdner_international_award-000344,2018,,Canada Gairdner International Award,For the discovery of mammalian genomic imprinting that causes parent-of-origin specific gene expression and its consequences for development and disease.,,0aa0a41b-5011-4fb9-88db-7f695b5eded0,Individual,Azim Surani,,,,,,,Male,,,,,,,,,,
gairdner_international_award-000345,2018,,Canada Gairdner International Award,For the discovery of mammalian genomic imprinting that causes parent-of-origin specific gene expression and its consequences for development and disease.,,9f21134d-2450-4f75-8a9e-7508e8b5c94a,Individual,Davor Solter,,,,,,,Male,,,,,,,,,,
gairdner_international_award-000346,2018,,Canada Gairdner International Award,"For the discovery of light-gated ion channel mechanisms, and for the discovery of optogenetics, a technology that has revolutionized neuroscience.",,00f57dd9-918d-44b4-ab07-40764ebdc695,Individual,Edward S. Boyden,,,,,,,Male,,,,,,,,,,
gairdner_international_award-000347,2018,,Canada Gairdner International Award,"For the discovery of light-gated ion channel mechanisms, and for the discovery of optogenetics, a technology that has revolutionized neuroscience.",,0b1d220e-d40c-4f87-ab01-760ac2e213f0,Individual,Karl Deisseroth,,,,,,,Male,,,,,,,,,,
gairdner_international_award-000348,2018,,Canada Gairdner International Award,"For the discovery of light-gated ion channel mechanisms, and for the discovery of optogenetics, a technology that has revolutionized neuroscience.",,00607317-024f-4858-aeb8-1971f081926e,Individual,Peter Hegemann,,,,,,,Male,,,,,,,,,,
gairdner_international_award-000349,2019,,Canada Gairdner International Award,"For their pioneering research on the eukaryotic DNA replication cycles including initiation, regulation and responses to DNA damage",,7f5497f2-d601-4f82-aab3-af0e9100f264,Individual,Bruce Stillman,,,,,,,Male,,,,,,,,,,
gairdner_international_award-000350,2019,,Canada Gairdner International Award,"For their pioneering research on the eukaryotic DNA replication cycles including initiation, regulation and responses to DNA damage",,ef53eb60-26c4-47ef-850d-a79daab4f9a2,Individual,John F.X. Diffley,,,,,,,Male,,,,,,,,,,
gairdner_international_award-000351,2019,,Canada Gairdner International Award,For the landmark discovery of the motor protein kinesin and pioneering the understanding of its mechanism of action in driving cellular movement processes including cell division and intracellular transport,,135c33ca-269b-4461-86a4-7cb440b405a9,Individual,Ronald Vale,,,,,,,Male,,,,,,,,,,
gairdner_international_award-000352,2019,,Canada Gairdner International Award,"For defining novel mechanisms of action and resistance of drugs of natural product origin, most significantly Taxol®, and promoting their use for treatment of cancer",,7fdf4bb6-dbd1-4866-bd4e-01b6b488f781,Individual,Susan Band Horwitz,,,,,,,Female,,,,,,,,,,
gairdner_international_award-000353,2019,,Canada Gairdner International Award,"For discovery of the first immune system adhesion molecules, elucidation of their roles in antigen recognition and leukocyte homing, and translation of these discoveries into therapeutics for autoimmune diseases",,7fac6316-f86a-4691-bd3a-dc264483a357,Individual,Timothy A. Springer,,,,,,,Male,,,,,,,,,,
gairdner_international_award-000354,2020,,Canada Gairdner International Award,"For her studies elucidating the role of tissue stem cells in homeostasis, wound repair, inflammation and cancer.",,6b119ed9-f9b5-43a6-b714-160993bab915,Individual,Elaine Fuchs,,,,,,,Female,,,,,,,,,,
gairdner_international_award-000355,2020,,Canada Gairdner International Award,"For their discovery, characterization and biology of cadherins and associated proteins in animal cell adhesion and signalling.",,08d5cd8d-dc84-4eab-afa1-3e9ec661fdc3,Individual,Masatoshi Takeichi,,,,,,,Male,,,,,,,,,,
gairdner_international_award-000356,2020,,Canada Gairdner International Award,"For characterizing “Dynamic Reciprocity” and the significant role that extracellular matrix (ECM) signaling and microenvironment play in gene regulation in normal and malignant cells, revolutionizing the fields of oncology and tissue homeostasis.",,b5b3f619-8292-4f1a-85f5-0509196bd840,Individual,Mina J. Bissell,,,,,,,Female,,,,,,,,,,
gairdner_international_award-000357,2020,,Canada Gairdner International Award,"For pioneering work on the Wnt signaling pathway and its importance in development, cancer and stem cells.",,244f4eac-4fda-4731-8bfc-896681e6f080,Individual,Roel Nusse,,,,,,,Male,,,,,,,,,,
gairdner_international_award-000358,2020,,Canada Gairdner International Award,"For their discovery, characterization and biology of cadherins and associated proteins in animal cell adhesion and signalling.",,c0717f86-708f-46da-a355-26c55f672bd1,Individual,Rolf Kemler,,,,,,,Male,,,,,,,,,,
gairdner_international_award-000359,2021,,Canada Gairdner International Award,"For research on glucagon-like peptides that has led to major advances in the treatment of Type 2 diabetes, obesity and intestinal disorders",,81dc2736-436d-4fe5-b399-3df6ea6dfd09,Individual,Daniel J. Drucker,,,,,,,Male,,,,,,,,,,
gairdner_international_award-000360,2021,,Canada Gairdner International Award,"For research on glucagon-like peptides that has led to major advances in the treatment of Type 2 diabetes, obesity and intestinal disorders",,38aa25c1-6915-4a97-83be-fb8c717d4b6c,Individual,Jens Juul Holst,,,,,,,Male,,,,,,,,,,
gairdner_international_award-000361,2021,,Canada Gairdner International Award,"For research on glucagon-like peptides that has led to major advances in the treatment of Type 2 diabetes, obesity and intestinal disorders",,90e88adb-c58f-4517-942f-258785afd956,Individual,Joel Francis Habener,,,,,,,Male,,,,,,,,,,
gairdner_international_award-000362,2021,,Canada Gairdner International Award,For transforming cancer genetics and oncology with the discovery of inherited susceptibility to breast cancer due to mutation of the BRCA1 gene,,6c66d30b-7647-4622-a25d-212f6fef079d,Individual,Mary-Claire King,,,,,,,Female,,,,,,,,,,
gairdner_international_award-000363,2022,,Canada Gairdner International Award,"""For their pioneering work developing nucleoside-modified mRNA and lipid nanoparticle (LNP) drug delivery: the foundational technologies for the highly effective COVID-19 mRNA vaccines""",,e556d625-7ed3-4046-8ab0-6f6663255d3b,Individual,Drew Weissman,,,,,,,Male,,,,,,,,,,
gairdner_international_award-000364,2022,,Canada Gairdner International Award,"For the discovery and characterization of leukemic stem cells, providing insights into the understanding, diagnosis and treatment of acute myeloid leukemia.",,517955fa-be6e-4bcb-bbbf-3c303e5d11a4,Individual,John E. Dick,,,,,,,Male,,,,,,,,,,
gairdner_international_award-000365,2022,,Canada Gairdner International Award,For their pioneering work developing nucleoside-modified mRNA and lipid nanoparticle (LNP) drug delivery: the foundational technologies for the highly effective COVID-19 mRNA vaccines.,,26b53874-de44-45c1-958d-c6acf765f164,Individual,Katalin Karikó,,,,,,,Female,,,,,,,,,,
gairdner_international_award-000366,2022,,Canada Gairdner International Award,For their pioneering work developing nucleoside-modified mRNA and lipid nanoparticle (LNP) drug delivery: the foundational technologies for the highly effective COVID-19 mRNA vaccines.,,d5139aba-c9fa-45ec-9088-e07e90d92313,Individual,Pieter Cullis,,,,,,,Male,,,,,,,,,,
gairdner_international_award-000367,2022,,Canada Gairdner International Award,For the discovery of the molecular mechanism responsible for the switch from fetal to adult hemoglobin gene expression during human development and translating that knowledge into a novel treatment for the hemoglobin disorders – sickle cell disease and beta- thalassemia.,,0457201a-b08a-430c-b7c6-b428e90b3e07,Individual,Stuart H. Orkin,,,,,,,Male,,,,,,,,,,
gairdner_international_award-000368,2023,,Canada Gairdner International Award,"For their discoveries of how bacteria communicate with each other and surrounding non-bacterial cells, providing a new paradigm for how microbes behave and yielding novel avenues for therapeutics against infectious diseases.",,1411d960-4636-401b-a53a-07f613491bca,Individual,Bonnie L. Bassler,,,,,,,Female,,,,,,,,,,
gairdner_international_award-000369,2023,,Canada Gairdner International Award,"For developing AlphaFold, which has been heralded as an AI-based solution to the 50-year grand challenge of protein structure prediction and has culminated in the release of the most accurate and complete picture of the structure of the human proteome, with enormous potential to accelerate biological and medical research.",,557af5a1-3ea4-47ec-a1f2-397849ea5c9c,Individual,Demis Hassabis,,,,,,,Male,,,,,,,,,,
gairdner_international_award-000370,2023,,Canada Gairdner International Award,"For their discoveries of how bacteria communicate with each other and surrounding non-bacterial cells, providing a new paradigm for how microbes behave and yielding novel avenues for therapeutics against infectious diseases.",,994f7f83-7dd8-4415-9bb5-08c07dcfc321,Individual,E Peter Greenberg,,,,,,,Male,,,,,,,,,,
gairdner_international_award-000371,2023,,Canada Gairdner International Award,"For developing AlphaFold, which has been heralded as an AI-based solution to the 50-year grand challenge of protein structure prediction and has culminated in the release of the most accurate and complete picture of the structure of the human proteome, with enormous potential to accelerate biological and medical research.",,f2d0ae9d-aa51-43c0-aa94-27b746ac37c1,Individual,John Jumper,,,,,,,Male,,,,,,,,,,
gairdner_international_award-000372,2023,,Canada Gairdner International Award,"For their discoveries of how bacteria communicate with each other and surrounding non-bacterial cells, providing a new paradigm for how microbes behave and yielding novel avenues for therapeutics against infectious diseases.",,72fb3dc6-b94d-47e8-a33e-79b07ec1e9b6,Individual,Michael R. Silverman,,,,,,,Male,,,,,,,,,,
gairdner_international_award-000373,2024,,Canada Gairdner International Award,"For the fundamental and applied research that led to a revolutionary and affordable method to sequence DNA on a massive scale, which has dramatically accelerated discoveries in the life sciences and medicine.",,d93bd71d-5162-40e3-b3c3-288d161247ac,Individual,David Klenerman,,,,,,,Male,,,,,,,,,,
gairdner_international_award-000374,2024,,Canada Gairdner International Award,"For seminal contributions to the conception, development and application of CD19-CAR T cell therapy for cancer.",,d83def24-75d1-4b0a-922d-f1c359f3f8e2,Individual,Michel Sadelain,,,,,,,Male,,,,,,,,,,
gairdner_international_award-000375,2024,,Canada Gairdner International Award,"For the fundamental and applied research that led to a revolutionary and affordable method to sequence DNA on a massive scale, which has dramatically accelerated discoveries in the life sciences and medicine.",,b49e7eff-216e-457b-8baf-5c4ad23b4ce8,Individual,Pascal Mayer,,,,,,,Male,,,,,,,,,,
gairdner_international_award-000376,2024,,Canada Gairdner International Award,"For the fundamental and applied research that led to a revolutionary and affordable method to sequence DNA on a massive scale, which has dramatically accelerated discoveries in the life sciences and medicine.",,7d4cad0e-438d-404c-ab48-49e180c3d418,Individual,Shankar Balasubramanian,,,,,,,Male,,,,,,,,,,
gairdner_international_award-000377,2024,,Canada Gairdner International Award,"For seminal contributions to the conception, development and application of CD19-CAR T cell therapy for cancer.",,46d71581-ac44-48aa-949a-8fe91d773b17,Individual,Zelig Eshhar,,,,,,,Male,,,,,,,,,,
gairdner_international_award-000378,2025,,Canada Gairdner International Award,"For pioneering work on the Notch signalling pathway, which has significantly contributed to our understanding of how cells communicate with each other during development, how these signals regulate cell fate determination and how disruption can lead to developmental defects and cancer.",,233227db-5fe3-4f86-bbfd-033053034d40,Individual,Gary Struhl,,,,,,,Male,,,,,,,,,,
gairdner_international_award-000379,2025,,Canada Gairdner International Award,"For pioneering work on the Notch signalling pathway, which has significantly contributed to our understanding of how cells communicate with each other during development, how these signals regulate cell fate determination and how disruption can lead to developmental defects and cancer.",,5fe54b7f-c087-4f62-8467-711d34c2b50d,Individual,Iva Greenwald,,,,,,,Female,,,,,,,,,,
gairdner_international_award-000380,2025,,Canada Gairdner International Award,"For pioneering research into the cellular and molecular mechanisms underlying the genetic disease cystic fibrosis, leading to the development of transformative drug therapies based on these mechanisms, thereby improving and saving countless lives.",,9445774c-c612-477d-b9cc-4829a21c574b,Individual,Michael J. Welsh,,,,,,,Male,,,,,,,,,,
gairdner_international_award-000381,2025,,Canada Gairdner International Award,"For pioneering research into the cellular and molecular mechanisms underlying the genetic disease cystic fibrosis, leading to the development of transformative drug therapies based on these mechanisms, thereby improving and saving countless lives.",,8af928ff-09ad-4d7c-89bb-fe310ebfa3b4,Individual,Paul Negulescu,,,,,,,Male,,,,,,,,,,
gairdner_international_award-000382,2025,,Canada Gairdner International Award,"For pioneering work on the Notch signalling pathway, which has significantly contributed to our understanding of how cells communicate with each other during development, how these signals regulate cell fate determination and how disruption can lead to developmental defects and cancer.",,a5e32df1-54f9-4481-8902-315fa07de163,Individual,Spyros Artavanis-Tsakonas,,,,,,,Male,,,,,,,,,,
gairdner_international_award-000383,2026,,Canada Gairdner International Award,"For discovering the anti-aggregation drug, tafamidis, the first effective treatment for a human amyloid disease, specifically transthyretin amyloidosis, providing the first pharmacological evidence that protein aggregation drives neurodegeneration.",,7c5133d3-ebcd-483b-84ea-bc2f5347053c,Individual,Jeffery W. Kelly,,,,,,,Male,,,,,,,,,,
gairdner_international_award-000384,2026,,Canada Gairdner International Award,"For establishing the foundations of modern systems proteomics through transformative innovations in quantitative protein measurement, mass spectrometry technologies, and computational analysis.",,5f2847da-be16-4aec-b0d1-c96cc440e50b,Individual,John R. Yates III,,,,,,,Male,,,,,,,,,,
gairdner_international_award-000385,2026,,Canada Gairdner International Award,"For establishing the foundations of modern systems proteomics through transformative innovations in quantitative protein measurement, mass spectrometry technologies, and computational analysis.",,ef97779c-9969-4ae5-be84-c473f7e8f635,Individual,Matthias Mann,,,,,,,Male,,,,,,,,,,
gairdner_international_award-000386,2026,,Canada Gairdner International Award,"For establishing the foundations of modern systems proteomics through transformative innovations in quantitative protein measurement, mass spectrometry technologies, and computational analysis.",,13fe96df-961a-4f3d-8f16-e503f980fc1d,Individual,Ruedi Aebersold,,,,,,,Male,,,,,,,,,,
gairdner_international_award-000387,2026,,Canada Gairdner International Award,"For developing cryo-electron tomography, a method that visualizes molecular structures inside intact cells at near-native resolution, creating a new way to study cellular architecture and revealing the inner workings of life at the molecular level.",,8f4336a2-9155-4735-8b63-7fe0a74c59da,Individual,Wolfgang Baumeister,,,,,,,Male,,,,,,,,,,
