award_record_id,year,category,prize,motivation,prize_share,source_laureate_id,laureate_type,full_name,birth_date,birth_year,birth_city,birth_country,birth_coordinates,citizenship_countries,sex,affiliation_name,affiliation_city,affiliation_country,affiliation_coordinates,death_date,death_city,death_country,field_language,biographical_note,remarks
lasker_awards-000001,1946,Albert Lasker Basic Medical Research Award,Lasker Award,"For contributions to the knowledge of carbohydrate metabolism, which clarify the action of insulin in diabetes.",1/7,,Individual,Carl Ferdinand Cori,1896-12-29,1896,Prague,Czechia,,United States; Cisleithania,Male,,,,,1984-10-20,Brookline,United States,,,
lasker_awards-000002,1946,Lasker–DeBakey Clinical Medical Research Award,Lasker Award,For the discovery of the RH factor as a cause of hemolytic disease of the newborn and of severe hemolysis arising from incompatible blood transfusions.,1/7,,Individual,Alexander S. Wiener,1910-03-21,1910,Brooklyn,United States,,United States,Male,,,,,1976-11-02,New York,United States,,,
lasker_awards-000003,1946,Lasker–DeBakey Clinical Medical Research Award,Lasker Award,For pioneering the treatment of syphilis with penicillin.,1/7,,Individual,John Friend Mahoney,1889-02-03,1889,Plains,United States,,United States,Male,,,,,1957-09-07,Leesburg,United States,,,
lasker_awards-000004,1946,Lasker–DeBakey Clinical Medical Research Award,Lasker Award,For the discovery of the RH factor as a cause of hemolytic disease of the newborn and of severe hemolysis arising from incompatible blood transfusions.,1/7,,Individual,Karl Landsteiner,1868-06-14,1868,Baden,Austria,,United States; Austria–Hungary,Male,,,,,1943-06-26,New York,United States,,,
lasker_awards-000005,1946,Lasker–DeBakey Clinical Medical Research Award,Lasker Award,For the discovery of the RH factor as a cause of hemolytic disease of the newborn and of severe hemolysis arising from incompatible blood transfusions.,1/7,,Individual,Philip Levine,1915-06-23,1915,New York,United States,,United States; Russia,Male,,,,,1987-05-18,Rahway,United States,,,
lasker_awards-000006,1946,Lasker–Bloomberg Public Service Award,Lasker Award,"For organizing the Committee on Medical Research of the Office of Scientific Research and Development, and for supervising, during the war, the timely mass production of penicillin, the search for a better antimalarial drug, and the preparation of blood plasma.",1/7,,Individual,Alfred Newton Richards,1876-03-30,1876,Wadsworth,United States,,United States,Male,,,,,1957-04-04,Philadelphia,United States,,,
lasker_awards-000007,1946,Lasker–Bloomberg Public Service Award,Lasker Award,For administrative achievement in controlling yellow fever and malaria through a new principle of species eradication of insect carriers.,1/7,,Individual,Fred L. Soper,1893-07-13,1893,Laurandale,United States,,United States,Male,,,,,1977-01-15,Washington,United States,,,
lasker_awards-000008,1947,Albert Lasker Basic Medical Research Award,Lasker Award,For distinguished research on cardiovascular and renal physiology.,1/4,,Individual,Homer Smith,1892-01-02,1892,Schmitz,United States,,United States,Male,,,,,1962-03-25,New York,United States,,,
lasker_awards-000009,1947,Albert Lasker Basic Medical Research Award,Lasker Award,For studies on the chemical constitution of bacteria.,1/4,,Individual,Oswald T. Avery,1877-10-06,1877,Halifax,Canada,,United States,Male,,,,,1955-02-02,New York,United States,,,
lasker_awards-000010,1947,Lasker–DeBakey Clinical Medical Research Award,Lasker Award,"For contributions to our knowledge of influenza, and the development of a vaccine effective against Types A and B, successfully used during World War II.",1/4,,Individual,Thomas Francis Jr.,1896-11-11,1896,Le Roy,United States,,United States,Male,,,,,1983-03-17,Providence,United States,,,
lasker_awards-000011,1947,Lasker–Bloomberg Public Service Award,Lasker Award,"For contributions to the prevention of occupational diseases, and the improvement of workers’ health.",1/4,,Individual,Alice Hamilton,1869-02-12,1869,Fort Wayne,United States,,United States,Female,,,,,1970-09-22,Hadlyme,United States,,,
lasker_awards-000012,1948,Albert Lasker Basic Medical Research Award,Lasker Award,For studies of the antibiotic properties of soil bacteria leading to the discovery of streptomycin.,1/5,,Individual,René J. Dubos,1901-02-13,1901,Saint-Hippolyte,France,,United States,Male,,,,,1982-02-20,New York,United States,,,
lasker_awards-000013,1948,Albert Lasker Basic Medical Research Award,Lasker Award,For studies of the antibiotic properties of soil bacteria leading to the discovery of streptomycin.,1/5,,Individual,Selman Waksman,1888-07-22,1888,Priluka,Ukraine,,United States; Russia,Male,,,,,1973-08-16,Woods Hole,United States,,,
lasker_awards-000014,1948,Albert Lasker Basic Medical Research Award,Lasker Award,"For studies of transmethylation as essential to animal nutrition, and for contributions to the structure and synthesis of biotin and penicillin.",1/5,,Individual,Vincent du Vigneaud,1901-05-18,1901,Chicago,United States,,United States,Male,,,,,1975-12-15,Ithaca,United States,,,
lasker_awards-000015,1948,Lasker–Bloomberg Public Service Award,Lasker Award,For administrative achievement in the organization and operation of the Emergency Maternal and Infant Care Program of the Children’s Bureau.,1/5,,Individual,Martha M. Eliot,1892-12-30,1892,Dorchester,United States,,United States,Female,,,,,1986-02-09,Washington,United States,,,
lasker_awards-000016,1948,Lasker–Bloomberg Public Service Award,Lasker Award,For scientific accomplishments in the field of microbiological research and for distinguished service as Director of the National Institutes of Health during the war and postwar years.,1/5,,Individual,R.E. Dyer,1882-04-13,1882,Baltimore,United States,,United States,Male,,,,,1964-04-19,Washington,United States,,,
lasker_awards-000017,1949,Albert Lasker Basic Medical Research Award,Lasker Award,For contributions to the physiology of circulation and the diagnosis and treatment of heart disease.,1/7,,Individual,André Cournand,1895-09-24,1895,Paris,France,,United States,Male,,,,,1988-02-15,Great Barrington,United States,,,
lasker_awards-000018,1949,Albert Lasker Basic Medical Research Award,Lasker Award,"For the discovery and purification of the enzymes, streptokinase and streptodornase.",1/7,,Individual,L. Royal Christensen,,,,,,United States,,,,,,,,,,,
lasker_awards-000019,1949,Albert Lasker Basic Medical Research Award,Lasker Award,"For the discovery and purification of the enzymes, streptokinase and streptodornase.",1/7,,Individual,William S. Tillett,1890-03-19,1890,Baltimore,United States,,United States,Male,,,,,1972-04-05,Baltimore,United States,,,
lasker_awards-000020,1949,Lasker–DeBakey Clinical Medical Research Award,Lasker Award,"For studies of adrenal hormones, culminating in the first use of cortisone in severe rheumatoid arthritis and other severe inflammatory disorders.",1/7,,Individual,Edward C. Kendall,1886-12-08,1886,South Norwalk,United States,,United States,Male,,,,,1972-05-04,Princeton,United States,,,
lasker_awards-000021,1949,Lasker–DeBakey Clinical Medical Research Award,Lasker Award,For the development of two effective vaccines against yellow fever.,1/7,,Individual,Max Theiler,1896-01-30,1896,Pretoria,South Africa,,United States; South Africa,Male,,,,,1972-08-11,Saint Louis,United States,,,
lasker_awards-000022,1949,Lasker–DeBakey Clinical Medical Research Award,Lasker Award,"For studies of adrenal hormones, culminating in the first use of cortisone in severe rheumatoid arthritis and other severe inflammatory disorders.",1/7,,Individual,Philip S. Hench,1903-02-28,1903,Puyallup,United States,,United States,Male,,,,,1965-03-30,Rochester,United States,,,
lasker_awards-000023,1949,Lasker–Bloomberg Public Service Award,Lasker Award,For distinguished leadership in the fields of nursing and public health.,1/7,,Individual,Marion W. Sheahan,1897-11-24,1897,Pittston,United States,,United States,Female,,,,,1967-04-12,Wilkes-Barre,United States,,,
lasker_awards-000024,1950,Albert Lasker Basic Medical Research Award,Lasker Award,For contributions to the understanding of the genetic control of metabolic processes.,1/3,,Individual,George Wells Beadle,1903-10-22,1903,Wahoo,United States,,United States,Male,,,,,1989-06-09,Pasadena,United States,,,
lasker_awards-000025,1950,Lasker–DeBakey Clinical Medical Research Award,Lasker Award,For outstanding contributions to the early diagnosis of cancer of the cervix through cytological methods (the Pap smear).,1/3,,Individual,Georgios Papanikolaou,1883-05-13,1883,Kymi,Finland,,Greece,Male,,,,,1962-02-19,Miami,United States,,,
lasker_awards-000026,1950,Lasker–Bloomberg Public Service Award,Lasker Award,For original and meritorious accomplishments in public health administration.,1/3,,Individual,Eugene Lindsay Bishop,1903-12-09,1903,Newark,United States,,United States,Male,,,,,1994-09-15,Newark,United States,,,
lasker_awards-000027,1951,Albert Lasker Basic Medical Research Award,Lasker Award,For bacteriological research in parasitology.,1/6,,Individual,Karl Friedrich Meyer,1884-11-03,1884,Zurich,Switzerland,,United States; Switzerland,Male,,,,,1974-01-26,Palo Alto,United States,,,
lasker_awards-000028,1951,Lasker–DeBakey Clinical Medical Research Award,Lasker Award,For developing cancer detection clinics for detection of early cancer or precancerous lesions in presumably healthy people.,1/6,,Individual,Catharine Macfarlane,,,,,,United States,,,,,,,,,,,
lasker_awards-000029,1951,Lasker–DeBakey Clinical Medical Research Award,Lasker Award,For research in epilepsy.,1/6,,Individual,Frederic A. Gibbs,1906-03-15,1906,Marblehead,United States,,United States,Male,,,,,1998-10-19,Boston,United States,,,
lasker_awards-000030,1951,Lasker–DeBakey Clinical Medical Research Award,Lasker Award,For research in epilepsy.,1/6,,Individual,William G. Lennox,1884-06-10,1884,Cranford,United States,,United States,Male,,,,,1966-07-02,Madison,United States,,,
lasker_awards-000031,1951,Lasker–DeBakey Clinical Medical Research Award,Lasker Award,For developing cancer detection clinics for detection of early cancer or precancerous lesions in presumably healthy people.,1/6,,Individual,Élise L'Esperance,1898-09-25,1898,New York,United States,,United States,Female,,,,,1992-09-24,New York,United States,,,
lasker_awards-000032,1951,Lasker–Bloomberg Public Service Award,Lasker Award,"For outstanding accomplishments in public health administration, as Chairman of the Health Committee of the Governor of Colorado’s Post-War Planning Committee.",1/6,,Individual,Florence R. Sabin,1871-11-09,1871,Central City,United States,,United States,Female,,,,,1953-10-03,Denver,United States,,,
lasker_awards-000033,1952,Albert Lasker Basic Medical Research Award,Lasker Award,For fundamentally modifying our knowledge of viruses and the inheritance of characteristics by viruses.,1/6,,Individual,Frank Macfarlane Burnet,1899-09-28,1899,Traralgon,Australia,,United States,Male,,,,,1974-08-31,Melbourne,Australia,,,
lasker_awards-000034,1952,Lasker–DeBakey Clinical Medical Research Award,Lasker Award,"For the isolation of niacin, the anti-pellagra vitamin, and for other distinguished contributions to nutrition research.",1/6,,Individual,Conrad A. Elvehjem,1901-01-01,1901,Manhattan,United States,,United States,Male,,,,,1962-11-27,Madison,United States,,,
lasker_awards-000035,1952,Lasker–DeBakey Clinical Medical Research Award,Lasker Award,For leadership in the development of community wide fluoridation programs.,1/6,,Individual,Frederick Sumner McKay,1874-06-24,1874,Moline,United States,,United States,Male,,,,,1960-03-05,Los Angeles,United States,,,
lasker_awards-000036,1952,Lasker–DeBakey Clinical Medical Research Award,Lasker Award,For leadership in the development of community wide fluoridation programs.,1/6,,Individual,H. Trendley Dean,1893-08-04,1893,Morgantown,United States,,United States,Male,,,,,1983-12-16,Chevy Chase,United States,,,
lasker_awards-000037,1952,Lasker–Bloomberg Public Service Award,Lasker Award,"First director of the World Health Organization, for his leadership in organizing this vast post-war, international public health concept.",1/6,,Individual,G. Brock Chisholm,1896-05-18,1896,Oakville,Canada,,United States,Male,,,,,1971-05-25,Victoria,Canada,,,
lasker_awards-000038,1952,Lasker–Bloomberg Public Service Award,Lasker Award,For his pioneering work in the service of the physically disabled and as distinguished rehabilitation mentor to the world.,1/6,,Individual,Howard A. Rusk,1902-04-09,1902,Baltimore,United States,,United States,Male,,,,,1989-01-04,New York,United States,,,
lasker_awards-000039,1953,Albert Lasker Basic Medical Research Award,Lasker Award,For achievements in explaining the physiology of vision in man.,1/6,,Individual,George Wald,1906-11-18,1906,New York,United States,,United States,Male,,,,,1997-04-12,Cambridge,United States,,,
lasker_awards-000040,1953,Albert Lasker Basic Medical Research Award,Lasker Award,"For the discovery of the urea and citric acid cycles, which are basic to our understanding of how the body converts food into energy.",1/6,,Individual,Hans A. Krebs,1900-08-25,1900,Hildesheim,Germany,,United States,Male,,,,,1981-11-22,Oxford,United Kingdom,,,
lasker_awards-000041,1953,Albert Lasker Basic Medical Research Award,Lasker Award,For the development of immunochemistry.,1/6,,Individual,Michael Heidelberger,1888-01-10,1888,Jersey City,United States,,United States,Male,,,,,1953-06-06,New York,United States,,,
lasker_awards-000042,1953,Lasker–DeBakey Clinical Medical Research Award,Lasker Award,"For distinguished achievement in the pathology, diagnosis and treatment of heart diseases, rheumatic and coronary.",1/6,,Individual,Paul Dudley White,1886-06-06,1886,Roxbury,United States,,United States,Male,,,,,1973-10-31,Boston,United States,,,
lasker_awards-000043,1953,Lasker–Bloomberg Public Service Award,Lasker Award,In recognition of a lifetime of pioneering leadership in public health and sanitary science.,1/6,,Individual,Earle B. Phelps,1870-12-22,1870,Lawrence,United States,,United States,Male,,,,,1957-11-16,Lawrence,United States,,,
lasker_awards-000044,1953,Lasker–Bloomberg Public Service Award,Lasker Award,"For demonstrating how a long-sustained, sound and expanding pattern of health services benefits a people.",1/6,,Individual,Felix J. Underwood,1875-02-04,1875,Baca,United States,,United States,Male,,,,,1959-01-29,Denver,United States,,,
lasker_awards-000045,1954,Albert Lasker Basic Medical Research Award,Lasker Award,"For the discovery of actomyosin, the essential contractible element of muscle.",1/7,,Individual,Albert Szent-Györgyi,1893-09-16,1893,Budapest,Hungary,,Hungary; United States,Male,,,,,1986-10-22,Woods Hole,United States,,,
lasker_awards-000046,1954,Albert Lasker Basic Medical Research Award,Lasker Award,For contributions leading to the control of hyperthyroidism.,1/7,,Individual,Edwin B. Astwood,1905-04-21,1905,Taunton,United States,,United States,Male,,,,,1987-01-07,Boston,United States,,,
lasker_awards-000047,1954,Albert Lasker Basic Medical Research Award,Lasker Award,"For the cultivation of the viruses of poliomyelitis, mumps, and measles.",1/7,,Individual,John Franklin Enders,1897-02-10,1897,West Hartford,United States,,United States,Male,,,,,1985-09-08,Boston,United States,,,
lasker_awards-000048,1954,Lasker–DeBakey Clinical Medical Research Award,Lasker Award,"For distinguished contributions to surgery, especially in newborn children with congenital heart defects.",1/7,,Individual,Alfred Blalock,1900-04-05,1900,Cullman,United States,,United States,Male,,,,,1964-09-15,Baltimore,United States,,,
lasker_awards-000049,1954,Lasker–DeBakey Clinical Medical Research Award,Lasker Award,"For distinguished contributions to surgery, especially in newborn children with congenital heart defects.",1/7,,Individual,Helen B. Taussig,1898-05-24,1898,Cambridge,United States,,United States,Female,,,,,1986-05-20,Boston,United States,,,
lasker_awards-000050,1954,Lasker–DeBakey Clinical Medical Research Award,Lasker Award,"For distinguished contributions to surgery, especially in newborn children with congenital heart defects.",1/7,,Individual,Robert E. Gross,1905-10-04,1905,Bolton,United States,,United States,Male,,,,,1988-07-06,Boston,United States,,,
lasker_awards-000051,1954,Lasker–Bloomberg Public Service Award,Lasker Award,"For distinguished achievements in public health administration, thus strengthening the community health.",1/7,,Individual,Leona Baumgartner,1901-12-13,1901,Newark,United States,,United States,Female,,,,,1983-03-27,New York,United States,,,
lasker_awards-000052,1955,Albert Lasker Basic Medical Research Award,Lasker Award,For contributions to the understanding of cardiovascular physiology.,1/13,,Individual,Carl J. Wiggers,1883-09-24,1883,Cairo,United States,,United States,Male,,,,,1954-05-24,Columbus,United States,,,
lasker_awards-000053,1955,Albert Lasker Basic Medical Research Award,Lasker Award,For fundamental contributions to our understanding of the mechanism of blood clotting and for the development of methods for the improved treatment of thromboembolic conditions.,1/13,,Individual,Karl Paul Link,1891-04-14,1891,Brooklyn,United States,,United States,Male,,,,,1986-04-07,Madison,United States,,,
lasker_awards-000054,1955,Lasker–DeBakey Clinical Medical Research Award,Lasker Award,For advances in open-heart surgery making possible more direct and safer approaches to the heart.,1/13,,Individual,C. Walton Lillehei,1923-10-06,1923,Minneapolis,United States,,United States,Male,,,,,1999-07-05,Bangkok,Thailand,,,
lasker_awards-000055,1955,Lasker–DeBakey Clinical Medical Research Award,Lasker Award,For establishing the efficacy of isoniazid drugs in the treatment of tuberculosis.,1/13,,Individual,Carl Muschenheim,1913,,New York,United States,,United States,Male,,,,,1988,,,,,
lasker_awards-000056,1955,Lasker–DeBakey Clinical Medical Research Award,Lasker Award,For establishing the efficacy of isoniazid drugs in the treatment of tuberculosis.,1/13,,Individual,Edward H. Robitzek,1906,,United States,United States,,United States,Male,,,,,1997,,,,,
lasker_awards-000057,1955,Lasker–DeBakey Clinical Medical Research Award,Lasker Award,For advances in open-heart surgery making possible more direct and safer approaches to the heart.,1/13,,Individual,Herbert E. Warden,1906-11-15,1906,Modena,Italy,,United States,Male,,,,,1997-09-20,New York,United States,,,
lasker_awards-000058,1955,Lasker–DeBakey Clinical Medical Research Award,Lasker Award,For establishing the efficacy of isoniazid drugs in the treatment of tuberculosis.,1/13,,Individual,Irving Selikoff,1915-12-20,1915,Yonkers,United States,,United States,Male,,,,,1992-05-20,New York,United States,,,
lasker_awards-000059,1955,Lasker–DeBakey Clinical Medical Research Award,Lasker Award,For advances in open-heart surgery making possible more direct and safer approaches to the heart.,1/13,,Individual,Morley Cohen,1906,,Hungary,Hungary,,United States,Male,,,,,1991,,,,,
lasker_awards-000060,1955,Lasker–DeBakey Clinical Medical Research Award,Lasker Award,For advances in open-heart surgery making possible more direct and safer approaches to the heart.,1/13,,Individual,Richard L. Varco,1912-02-08,1912,Austin,United States,,United States,Male,,,,,1991-05-20,Minneapolis,United States,,,
lasker_awards-000061,1955,Lasker–DeBakey Clinical Medical Research Award,Lasker Award,For establishing the efficacy of isoniazid drugs in the treatment of tuberculosis.,1/13,,Individual,Walsh McDermott,1909-08-17,1909,New York,United States,,United States,Male,,,,,1981-04-01,New York,United States,,,
lasker_awards-000062,1955,Lasker–Bloomberg Public Service Award,Lasker Award,"For a sustained and highly productive attack against mental diseases, leading to better hospitals, better trained staffs, and greatly improved care of the mentally ill.",1/13,,Organization,Menninger Foundation,,,,,,United States,,,,,,,,,,,
lasker_awards-000063,1955,Lasker–Bloomberg Public Service Award,Lasker Award,For distinguished contributions to the advancement and well-being of the nation through leadership in public health nursing.,1/13,,Organization,Nursing Services of the U.S. Public Health Service,,,,,,United States,,,,,,,,,,,
lasker_awards-000064,1955,Lasker–Bloomberg Public Service Award,Lasker Award,For distinguished leadership in the development of preventive medicine and public health throughout Canada.,1/13,,Individual,Robert D. Defries,1887-05-18,1887,Magherafelt,United Kingdom,,United States,Male,,,,,1951-09-16,Toronto,Canada,,,
lasker_awards-000065,1956,Albert Lasker Basic Medical Research Award,Lasker Award,"For pioneering studies of the biochemical components of connective tissues, contributing to new understanding of arthritis and rheumatic diseases.",1/7,,Individual,Francis O. Schmitt,1903-09-04,1903,Quincy,United States,,United States,Male,,,,,1998-05-12,Boston,United States,,,
lasker_awards-000066,1956,Albert Lasker Basic Medical Research Award,Lasker Award,"For pioneering studies of the biochemical components of connective tissues, contributing to new understanding of arthritis and rheumatic diseases.",1/7,,Individual,Karl Meyer,1892-10-31,1892,Breslau,Germany,,Germany,Male,,,,,1961-10-31,New York,United States,,,
lasker_awards-000067,1956,Lasker–DeBakey Clinical Medical Research Award,Lasker Award,For discovering that excessive oxygen administration is the cause of retinopathy of prematurity in premature babies.,1/7,,Individual,Arnall Patz,1920,,Reading,United States,,United States,Male,,,,,2010-08-15,Miami Beach,United States,,,
lasker_awards-000068,1956,Lasker–DeBakey Clinical Medical Research Award,Lasker Award,For developing a safe and effective injectable vaccine against poliomyelitis,1/7,,Individual,Jonas E. Salk,1914-10-28,1914,East Side,United States,,United States,Male,,,,,1995-06-23,New York,United States,,,
lasker_awards-000069,1956,Lasker–DeBakey Clinical Medical Research Award,Lasker Award,For contributions to cardiovascular research and his advancement of the concept that experimental atherosclerosis is basically a metabolic disease that is preventable and reversible.,1/7,,Individual,Louis N. Katz,1912-06-06,1912,New York,United States,,United States,Male,,,,,1997-11-21,New York,United States,,,
lasker_awards-000070,1956,Lasker–DeBakey Clinical Medical Research Award,Lasker Award,For discovering that excessive oxygen administration is the cause of retinopathy of prematurity in premature babies.,1/7,,Individual,V. Everett Kinsey,1888-04-26,1888,Prairie Center,United States,,United States,Male,,,,,1956-12-20,San Francisco,United States,,,
lasker_awards-000071,1956,Lasker–Bloomberg Public Service Award,Lasker Award,"For pioneering work as an industrial health physician, educator and government advisor.",1/7,,Individual,William P. Shepard,1901,,Columbus,United States,,United States,Male,,,,,1952,,,,,
lasker_awards-000072,1957,Albert Lasker Basic Medical Research Award,Lasker Award,"For contributions to knowledge of the heart and the circulation, and for the development of the first practical ballistocardiograph.",1/11,,Individual,Isaac Starr,1895-09-31,1895,Philadelphia,United States,,United States,Male,,,,,1976-04-03,Philadelphia,United States,,,
lasker_awards-000073,1957,Lasker–DeBakey Clinical Medical Research Award,Lasker Award,For studies of the use of reserpine in the treatment of certain mental illnesses.,1/11,,Individual,Heinz E. Lehmann,1911-04-01,1911,Berlin,Germany,,United States,Male,,,,,1999-05-07,Montreal,Canada,,,
lasker_awards-000074,1957,Lasker–DeBakey Clinical Medical Research Award,Lasker Award,For studies of the use of reserpine in the treatment of certain mental illnesses.,1/11,,Individual,Henri Laborit,1914-11-12,1914,Troyes,France,,France,Male,,,,,1995-03-28,Paris,France,,,
lasker_awards-000075,1957,Lasker–DeBakey Clinical Medical Research Award,Lasker Award,For studies of the use of reserpine in the treatment of certain mental illnesses.,1/11,,Individual,Nathan S. Kline,1916-09-22,1916,Nyack,United States,,United States,Male,,,,,1992-02-11,New York,United States,,,
lasker_awards-000076,1957,Lasker–DeBakey Clinical Medical Research Award,Lasker Award,For studies of the use of reserpine in the treatment of certain mental illnesses.,1/11,,Individual,Pierre Deniker,1917-03-16,1917,Paris,France,,France,Male,,,,,1998-06-01,Versailles,France,,,
lasker_awards-000077,1957,Lasker–DeBakey Clinical Medical Research Award,Lasker Award,For original contributions to understanding infectious diseases in animals and man and the discovery of new microbiological principles.,1/11,,Individual,Richard E. Shope,1908-12-06,1908,Eudora,United States,,United States,Male,,,,,1982-06-09,Charlotte,United States,,,
lasker_awards-000078,1957,Lasker–DeBakey Clinical Medical Research Award,Lasker Award,For studies of the use of reserpine in the treatment of certain mental illnesses.,1/11,,Individual,Robert H. Noce,1915-07-19,1915,Elyria,United States,,United States,Male,,,,,1993-11-06,Elyria,United States,,,
lasker_awards-000079,1957,Lasker–Bloomberg Public Service Award,Lasker Award,For unique contributions in laying the foundation for a national program of medical research and training.,1/11,,Individual,C.J. Van Slyke,1879-10-31,1879,Weehawken,United States,,United States,Male,,,,,1959-05-25,Pasadena,United States,,,
lasker_awards-000080,1957,Lasker–Bloomberg Public Service Award,Lasker Award,"For promoting better mental health, good nutrition, and improved housing.",1/11,,Individual,Frank G. Boudreau,1901-01-04,1901,Philadelphia,United States,,United States,Male,,,,,1985-09-21,Bryn Mawr,United States,,,
lasker_awards-000081,1957,Lasker–Bloomberg Public Service Award,Lasker Award,For guiding the American Public Health Association to a position of leadership as the largest organization of its kind in the western world.,1/11,,Individual,Reginald M. Atwater,1884,,Chicago,United States,,United States,Male,,,,,1973,,,,,
lasker_awards-000082,1957,Lasker–Bloomberg Public Service Award,Lasker Award,For studies on the use of reserpine in the treatment of hypertension.,1/11,,Individual,Rustom Jal Vakil,1904-11-05,1904,Bombay,India,,India; Dominion of India,Male,,,,,1996-09-16,Bombay,India,,,
lasker_awards-000083,1958,Albert Lasker Basic Medical Research Award,Lasker Award,For the discovery of the fundamental role of nucleic acid in the reproduction of viruses and in the transmission of inherited characteristics.,1/8,,Individual,Alfred D. Hershey,1908-03-26,1908,Owosso,United States,,United States,Male,,,,,1997-03-22,Woods Hole,United States,,,
lasker_awards-000084,1958,Albert Lasker Basic Medical Research Award,Lasker Award,For the discovery of the fundamental role of nucleic acid in the reproduction of viruses and in the transmission of inherited characteristics.,1/8,,Individual,Gerhard Schramm,1910-05-12,1910,Stuttgart,Germany,,United States,Male,,,,,1990-04-04,Tübingen,Germany,,,
lasker_awards-000085,1958,Albert Lasker Basic Medical Research Award,Lasker Award,For the discovery of the fundamental role of nucleic acid in the reproduction of viruses and in the transmission of inherited characteristics.,1/8,,Individual,Heinz Fraenkel-Conrat,1910-08-29,1910,Breslau,Germany,,United States; Germany,Male,,,,,1995-04-04,Berkeley,United States,,,
lasker_awards-000086,1958,Albert Lasker Basic Medical Research Award,Lasker Award,For contributions concerning the basic mechanisms of hypertension.,1/8,,Individual,Irvine H. Page,1901-05-12,1901,Indianapolis,United States,,United States,Male,,,,,1991-06-08,Los Angeles,United States,,,
lasker_awards-000087,1958,Albert Lasker Basic Medical Research Award,Lasker Award,"For contributions concerning the causes of cancers, the source of antibodies, and the mechanism of blood cell generation and destruction in human beings.",1/8,,Individual,Peyton Rous,1879-10-30,1879,Baltimore,United States,,United States,Male,,,,,1974-11-04,New York,United States,,,
lasker_awards-000088,1958,Albert Lasker Basic Medical Research Award,Lasker Award,"For development of original methods for pure culture of living mammalian cells as a basis for new research in their nutrition, growth, genetics, and mutation.",1/8,,Individual,Theodore Puck,1916-10-03,1916,Denver,United States,,United States,Male,,,,,2005-09-26,Denver,United States,,,
lasker_awards-000089,1958,Lasker–DeBakey Clinical Medical Research Award,Lasker Award,"For contributions concerning the causes, diagnosis and treatment of hypertension.",1/8,,Individual,Robert W. Wilkins,1906-05-21,1906,Boston,United States,,United States,Male,,,,,1995-05-01,Boston,United States,,,
lasker_awards-000090,1958,Lasker–Bloomberg Public Service Award,Lasker Award,"For extraordinary administrative leadership in the eradication of a crippling disease of childhood, poliomyelitis, through development of an effective vaccine.",1/8,,Individual,Basil O'Connor,1892-07-07,1892,Palisade,United States,,United States,Male,,,,,1972-02-18,Wilmington,United States,,,
lasker_awards-000091,1959,Albert Lasker Basic Medical Research Award,Lasker Award,"For the development of the fluorescent method of labelling proteins, a significant tool for the study of infection in human beings.",1/6,,Individual,Albert Coons,1904-12-30,1904,Brooklyn,United States,,United States,Male,,,,,1975-02-01,Boston,United States,,,
lasker_awards-000092,1959,Albert Lasker Basic Medical Research Award,Lasker Award,"For the development of immunization procedures against diseases such as tuberculosis, rabies, and poliomyelitis.",1/6,,Individual,Jules Freund,1891-11-21,1891,Verbilki,Russia,,United States,Male,,,,,1960-07-31,New York,United States,,,
lasker_awards-000093,1959,Lasker–DeBakey Clinical Medical Research Award,Lasker Award,For his demonstration of the ability of one virus to modify the course of infection by another and for his discovery of Coxsackie virus.,1/6,,Individual,Gilbert Dalldorf,1905-06-22,1905,New York,United States,,United States,Male,,,,,1991-12-21,Valhalla,United States,,,
lasker_awards-000094,1959,Lasker–DeBakey Clinical Medical Research Award,Lasker Award,For outstanding studies which have added significantly to our knowledge and ability to control acute respiratory diseases.,1/6,,Individual,John Holmes Dingle,1902-09-03,1902,Manhattan,United States,,United States,Male,,,,,1984-11-01,New York,United States,,,
lasker_awards-000095,1959,Lasker–DeBakey Clinical Medical Research Award,Lasker Award,For distinguished achievement: performing the first successful operation on an inborn cardiovascular defect.,1/6,,Individual,Robert Edward Gross,1906-01-15,1906,Philadelphia,United States,,United States,Male,,,,,1982-03-18,Boston,United States,,,
lasker_awards-000096,1959,Lasker–Bloomberg Public Service Award,Lasker Award,For notable service to the world’s children and especially for skilled development of the United Nations Children’s Fund program for improving maternal and child health.,1/6,,Individual,Maurice Pate,1889-10-31,1889,Brookline,United States,,United States,Male,,,,,1965-01-08,New York,United States,,,
lasker_awards-000097,1960,Albert Lasker Basic Medical Research Award,Lasker Award,"For the design, construction, development, and perfection of the electron microscope.",1/12,,Individual,Ernst Ruska,1906-12-25,1906,Heidelberg,Germany,,Germany; Nazi Germany; Weimar Republic; allied-occupied Germany,Male,,,,,1988-05-27,Berlin,Germany,,,
lasker_awards-000098,1960,Albert Lasker Basic Medical Research Award,Lasker Award,For revealing the structure of the DNA molecule.,1/12,,Individual,F.H.C. Crick,1916-08-08,1916,Northampton,United Kingdom,,United States,Male,,,,,2004-07-28,Cambridge,United Kingdom,,,
lasker_awards-000099,1960,Albert Lasker Basic Medical Research Award,Lasker Award,For revealing the structure of the DNA molecule.,1/12,,Individual,James D. Watson,1928-04-06,1928,Chicago,United States,,United States,Male,,,,,2005-05-10,Boston,United States,,,
lasker_awards-000100,1960,Albert Lasker Basic Medical Research Award,Lasker Award,"For the design, construction, development, and perfection of the electron microscope.",1/12,,Individual,James Hillier,1907-08-16,1907,Guelph,Canada,,Canada; United States,Male,,,,,1986-04-14,Toronto,Canada,,,
lasker_awards-000101,1960,Albert Lasker Basic Medical Research Award,Lasker Award,"For laying the foundation for research in human genetics; and, specifically, to Dr. Neel for his work on thalassemia and sickle cell anemia.",1/12,,Individual,James V. Neel,1915-03-03,1915,Hamilton,United States,,United States,Male,,,,,2000-02-31,Ann Arbor,United States,,,
lasker_awards-000102,1960,Albert Lasker Basic Medical Research Award,Lasker Award,"For laying the foundation for research in human genetics; and, specifically, to Dr. Neel for his work on thalassemia and sickle cell anemia.",1/12,,Individual,L.S. Penrose,1901-06-11,1901,London,United Kingdom,,United States,Male,,,,,1972-09-06,Brighton,United Kingdom,,,
lasker_awards-000103,1960,Albert Lasker Basic Medical Research Award,Lasker Award,For revealing the structure of the DNA molecule.,1/12,,Individual,M.H.F. Wilkins,1916-12-15,1916,London,United Kingdom,,United States,Male,,,,,2004-10-20,London,United Kingdom,,,
lasker_awards-000104,1960,Lasker–DeBakey Clinical Medical Research Award,Lasker Award,For pioneering the development and use of anticoagulant drugs.,1/12,,Individual,Edgar V. Allen,1874-09-17,1874,Paris,France,,United States,Male,,,,,1971-03-08,Providence,United States,,,
lasker_awards-000105,1960,Lasker–DeBakey Clinical Medical Research Award,Lasker Award,For pioneering the development and use of anticoagulant drugs.,1/12,,Individual,Irving S. Wright,1901-02-01,1901,New York,United States,,United States,Male,,,,,1989-03-19,New York,United States,,,
lasker_awards-000106,1960,Lasker–DeBakey Clinical Medical Research Award,Lasker Award,For pioneering the development and use of anticoagulant drugs.,1/12,,Individual,Karl Paul Link,1901-04-10,1901,Brooklyn,United States,,United States,Male,,,,,1998-04-22,Madison,United States,,,
lasker_awards-000107,1960,Lasker–Bloomberg Public Service Award,Lasker Award,"Leader of both lay and professional health groups, consultant to industrial companies and advisor to government bodies: his engineering skill and organizational genius contributed much toward achieving a healthier environment for many people.",1/12,,Individual,Abel Wolman,1892-01-10,1892,Baltimore,United States,,United States,Male,,,,,1988-03-11,Baltimore,United States,,,
lasker_awards-000108,1960,Lasker–Bloomberg Public Service Award,Lasker Award,"International statesman of public health, a recognized authority on the problems of preventive medicine and medical care.",1/12,,Individual,John B. Grant,1898-08-13,1898,Xiamen,China,,United States,Male,,,,,1967-08-26,Madison,United States,,,
lasker_awards-000109,1962,Albert Lasker Basic Medical Research Award,Lasker Award,For the identification and isolation of six hormones of the anterior pituitary gland.,1/2,,Individual,Choh H. Li,1913-10-27,1913,Canton,China,,United States,Male,,,,,1987-12-11,Berkeley,United States,,,
lasker_awards-000110,1962,Lasker–DeBakey Clinical Medical Research Award,Lasker Award,"For contributions to the understanding, diagnosis, and treatment of rickettsial diseases, including the demonstration of chloramphenicol as a cure for typhoid fever and scrub typhus.",1/2,,Individual,Joseph E. Smadel,1903-08-01,1903,New York,United States,,United States,Male,,,,,1963-02-02,Washington,United States,,,
lasker_awards-000111,1963,Albert Lasker Basic Medical Research Award,Lasker Award,"For the countercurrent distribution technique as a method for the separation of biologically significant compounds, and for the isolation and structure studies of important antibiotics.",1/5,,Individual,Lyman C. Craig,1900-06-10,1900,Nyack,United States,,United States,Male,,,,,1974-02-04,New York,United States,,,
lasker_awards-000112,1963,Lasker–DeBakey Clinical Medical Research Award,Lasker Award,"For discoveries concerning the role of the endocrine system in the pathogenesis and treatment of certain cancers, such as cancer of the prostate.",1/5,,Individual,Charles Huggins,1901-09-21,1901,Halifax,Canada,,United States,Male,,,,,1997-01-12,Chicago,United States,,,
lasker_awards-000113,1963,Lasker–DeBakey Clinical Medical Research Award,Lasker Award,"For his brilliant leadership and professional accomplishments, which were responsible in a large measure for inaugurating a new era in cardiovascular surgery.",1/5,,Individual,Michael E. DeBakey,1908-09-07,1908,Lake Charles,United States,,United States,Male,,,,,2008-07-11,Houston,United States,,,
lasker_awards-000114,1963,Lasker–Bloomberg Public Service Award,Lasker Award,"For recognition of the new challenges to legislative leadership in the field of health on the House Appropriations Sub-Committee on Labor, Health, Education and Welfare.",1/5,,Individual,Melvin R. Laird,1922-09-04,1922,Omaha,United States,,United States,Male,,,,,2016-01-16,Washington,United States,,,
lasker_awards-000115,1963,Lasker–Bloomberg Public Service Award,Lasker Award,"For recognition of the new challenges to legislative leadership in the field of health on the House Appropriations Sub-Committee on Labor, Health, Education and Welfare.",1/5,,Individual,Oren Harris,1915-02-13,1915,Harrisonville,United States,,United States,Male,,,,,2007-03-06,Bethesda,United States,,,
lasker_awards-000116,1964,Albert Lasker Basic Medical Research Award,Lasker Award,For fundamental contributions to our knowledge of the relationship between cancer and cancer-producing DNA and RNA viruses.,1/3,,Individual,Harry Rubin,1925-01-19,1925,Berkeley,United States,,United States,Male,,,,,2003-12-05,Berkeley,United States,,,
lasker_awards-000117,1964,Albert Lasker Basic Medical Research Award,Lasker Award,For fundamental contributions to our knowledge of the relationship between cancer and cancer-producing DNA and RNA viruses.,1/3,,Individual,Renato Dulbecco,1914-02-22,1914,Catanzaro,Italy,,United States; Italy,Male,,,,,1996-04-20,La Jolla,United States,,,
lasker_awards-000118,1964,Lasker–DeBakey Clinical Medical Research Award,Lasker Award,For the introduction and use of iproniazid in the treatment of severe depressions.,1/3,,Individual,Nathan S. Kline,1916-03-04,1916,Brooklyn,United States,,United States,Male,,,,,1992-02-18,New York,United States,,,
lasker_awards-000119,1965,Albert Lasker Basic Medical Research Award,Lasker Award,For determining the chemical structure of an amino acid transfer RNA.,1/3,,Individual,Robert W. Holley,1922-01-28,1922,Urbana,United States,,United States,Male,,,,,1993-02-11,Ithaca,United States,,,
lasker_awards-000120,1965,Lasker–DeBakey Clinical Medical Research Award,Lasker Award,"For the development of a live, oral polio-virus vaccine.",1/3,,Individual,Albert B. Sabin,1906-08-26,1906,Bialystok,Poland,,United States,Male,,,,,1993-03-03,Washington,United States,,,
lasker_awards-000121,1965,Lasker–Bloomberg Public Service Award,Lasker Award,For outstanding contributions to the health of the people of the United States.,1/3,,Individual,Lyndon Baines Johnson,1908-08-27,1908,Stonewall,United States,,United States,Male,,,,,1973-01-22,Stonewall,United States,,,
lasker_awards-000122,1966,Albert Lasker Basic Medical Research Award,Lasker Award,For contributions to the electron microscopy of biological materials.,1/3,,Individual,George E. Palade,1926-11-30,1926,Constanta,Romania,,United States,Male,,,,,2008-08-13,San Diego,United States,,,
lasker_awards-000123,1966,Lasker–DeBakey Clinical Medical Research Award,Lasker Award,"For original use of aminopterin and methotrexate in the control of acute childhood leukemia, and for his constant leadership in the search for chemical agents against cancer.",1/3,,Individual,Sidney Farber,1896-12-30,1896,Buffalo,United States,,United States,Male,,,,,1973-03-22,Boston,United States,,,
lasker_awards-000124,1966,Lasker–Bloomberg Public Service Award,Lasker Award,"For encouragement of national legislation to improve the care of the intellectually disabled, and effective dedication to their cause.",1/3,,Individual,Eunice Kennedy Shriver,1921-07-10,1921,Boston,United States,,United States,Female,,,,,2009-08-11,Boston,United States,,,
lasker_awards-000125,1967,Albert Lasker Basic Medical Research Award,Lasker Award,For extraordinary contributions to biochemical pharmacology.,1/3,,Individual,Bernard B. Brodie,1907-08-13,1907,New York,United States,,United States,Male,,,,,1989-09-07,New York,United States,,,
lasker_awards-000126,1967,Lasker–DeBakey Clinical Medical Research Award,Lasker Award,For original contributions toward the conquest of cholera.,1/3,,Individual,Robert Allan Phillips,1902-01-23,1902,New York,United States,,United States,Male,,,,,1982-08-27,Oakland,United States,,,
lasker_awards-000127,1967,Lasker–Bloomberg Public Service Award,Lasker Award,For his continuing dedication to medical legislation in both Houses of Congress.,1/3,,Individual,Claude Pepper,1900-09-08,1900,Dudley,United Kingdom,,United States,Male,,,,,1989-05-31,Washington,United States,,,
lasker_awards-000128,1968,Albert Lasker Basic Medical Research Award,Lasker Award,For deciphering the genetic code.,1/5,,Individual,H. Gobind Khorana,1922-01-09,1922,Raipur,India,,United States,Male,,,,,2011-11-09,Cambridge,United Kingdom,,,
lasker_awards-000129,1968,Albert Lasker Basic Medical Research Award,Lasker Award,For deciphering the genetic code.,1/5,,Individual,Marshall W. Nirenberg,1927-04-10,1927,Brooklyn,United States,,United States,Male,,,,,2010-12-15,New York,United States,,,
lasker_awards-000130,1968,Albert Lasker Basic Medical Research Award,Lasker Award,For basic discoveries in the field of developmental biology.,1/5,,Individual,William F. Windle,1898-12-05,1898,Oxford,United Kingdom,,United States,Male,,,,,1980-07-21,Cambridge,United Kingdom,,,
lasker_awards-000131,1968,Lasker–DeBakey Clinical Medical Research Award,Lasker Award,For designing and developing the heart-lung machine.,1/5,,Individual,John Heysham Gibbon,1903-04-04,1903,Black Rock,United States,,United States,Male,,,,,1973-02-02,Philadelphia,United States,,,
lasker_awards-000132,1968,Lasker–Bloomberg Public Service Award,Lasker Award,"For his leadership in guiding to passage over 80 major pieces of health legislation, which together represent an historic and abiding commitment by the national government to the health of all of our people.",1/5,,Individual,Lister Hill,1901-12-29,1901,New York,United States,,United States,Male,,,,,1984-02-02,Baltimore,United States,,,
lasker_awards-000133,1969,Albert Lasker Basic Medical Research Award,Lasker Award,For a new concept and a new method for the synthesis of polypeptides and proteins.,1/2,,Individual,Bruce Merrifield,1921-07-15,1921,Fort Worth,United States,,United States,Male,,,,,2006-11-30,Cresskill,United States,,,
lasker_awards-000134,1969,Lasker–DeBakey Clinical Medical Research Award,Lasker Award,For the demonstration of the effectiveness of L-DOPA in the treatment of Parkinson’s disease.,1/2,,Individual,George C. Cotzias,1925-09-12,1925,Naples,Italy,,United States; Greece,Male,,,,,1987-09-08,New York,United States,,,
lasker_awards-000135,1970,Albert Lasker Basic Medical Research Award,Lasker Award,For the discovery of cyclic AMP and elucidation of this key chemical mechanism that regulates hormonal action.,1/2,,Individual,Earl W. Sutherland,1915-11-18,1915,Burlingame,United States,,United States,Male,,,,,1974-06-09,Miami,United States,,,
lasker_awards-000136,1970,Lasker–DeBakey Clinical Medical Research Award,Lasker Award,"For pioneering contributions to the pathogenesis and treatment of severe immunodeficiency diseases, including the first successful allogeneic bone marrow transplants.",1/2,,Individual,Robert A. Good,1915-09-25,1915,Boston,United States,,United States,Male,,,,,2003-06-10,Boston,United States,,,
lasker_awards-000137,1971,Albert Lasker Basic Medical Research Award,Lasker Award,For their brilliant contributions to molecular genetics.,1/4,,Individual,Charles Yanofsky,1928-01-17,1928,New York,United States,,United States,Male,,,,,2008-01-10,Davis,United States,,,
lasker_awards-000138,1971,Albert Lasker Basic Medical Research Award,Lasker Award,For their brilliant contributions to molecular genetics.,1/4,,Individual,Seymour Benzer,1921-04-08,1921,New York,United States,,United States,Male,,,,,2010-11-30,Berkeley,United States,,,
lasker_awards-000139,1971,Albert Lasker Basic Medical Research Award,Lasker Award,For their brilliant contributions to molecular genetics.,1/4,,Individual,Sydney Brenner,1927-01-13,1927,Germiston,South Africa,,United Kingdom; South Africa,Male,,,,,2006-05-05,Cambridge,United Kingdom,,,
lasker_awards-000140,1971,Lasker–DeBakey Clinical Medical Research Award,Lasker Award,For the demonstration of the life-saving effectiveness of drugs in the treatment of moderate hypertension.,1/4,,Individual,Edward D. Freis,1914-01-27,1914,Springfield,United States,,United States,Male,,,,,2005-01-22,Bethesda,United States,,,
lasker_awards-000141,1972,Lasker–DeBakey Clinical Medical Research Award,Lasker Award,For contributions to the successful chemotherapeutic treatment of gestational choriocarcinoma.,1/16,,Individual,C. Gordon Zubrod,1915-11-03,1915,Evanston,United States,,United States,Male,,,,,2000-02-16,Bethesda,United States,,,
lasker_awards-000142,1972,Lasker–DeBakey Clinical Medical Research Award,Lasker Award,For contributions to the successful chemotherapeutic treatment of gestational choriocarcinoma.,1/16,,Individual,Denis Burkitt,1911-03-28,1911,Islington,United Kingdom,,United Kingdom,Male,,,,,1993-08-05,Oxford,United Kingdom,,,
lasker_awards-000143,1972,Lasker–DeBakey Clinical Medical Research Award,Lasker Award,For contributions to the successful chemotherapeutic treatment of gestational choriocarcinoma.,1/16,,Individual,Donald Pinkel,1926-09-10,1926,St. Paul,United States,,United States,Male,,,,,,,,,,
lasker_awards-000144,1972,Lasker–DeBakey Clinical Medical Research Award,Lasker Award,For contributions to the successful chemotherapeutic treatment of gestational choriocarcinoma.,1/16,,Individual,Edmund Klein,1919-07-09,1919,New York,United States,,United States,Male,,,,,,,,,,
lasker_awards-000145,1972,Lasker–DeBakey Clinical Medical Research Award,Lasker Award,For contributions to the successful chemotherapeutic treatment of gestational choriocarcinoma.,1/16,,Individual,Emil Frei III,1927-06-09,1927,St. Louis,United States,,United States,Male,,,,,,,,,,
lasker_awards-000146,1972,Lasker–DeBakey Clinical Medical Research Award,Lasker Award,For contributions to the successful chemotherapeutic treatment of gestational choriocarcinoma.,1/16,,Individual,Emil J. Freireich,1921-04-04,1921,Brooklyn,United States,,United States,Male,,,,,2002-03-14,Houston,United States,,,
lasker_awards-000147,1972,Lasker–DeBakey Clinical Medical Research Award,Lasker Award,For contributions to the successful chemotherapeutic treatment of gestational choriocarcinoma.,1/16,,Individual,Eugene J. Van Scott,1928-05-06,1928,Brooksville,United States,,United States,Male,,,,,2006-10-15,Palm Beach,United States,,,
lasker_awards-000148,1972,Lasker–DeBakey Clinical Medical Research Award,Lasker Award,For contributions to the successful chemotherapeutic treatment of gestational choriocarcinoma.,1/16,,Individual,Isaac Djerassi,1923-10-29,1923,Sofia,Bulgaria,,United States,Male,,,,,2015-10-30,Stanford,United States,,,
lasker_awards-000149,1972,Lasker–DeBakey Clinical Medical Research Award,Lasker Award,For contributions to the successful chemotherapeutic treatment of gestational choriocarcinoma.,1/16,,Individual,James F. Holland,1919-05-01,1919,New York,United States,,United States,Male,,,,,2005-10-20,New York,United States,,,
lasker_awards-000150,1972,Lasker–DeBakey Clinical Medical Research Award,Lasker Award,For contributions to the successful chemotherapeutic treatment of gestational choriocarcinoma.,1/16,,Individual,John L. Ziegler,1928-10-17,1928,Philadelphia,United States,,United States,Male,,,,,,,,,,
lasker_awards-000151,1972,Lasker–DeBakey Clinical Medical Research Award,Lasker Award,For contributions to the successful chemotherapeutic treatment of gestational choriocarcinoma.,1/16,,Individual,Joseph H. Burchenal,1913-08-05,1913,New York,United States,,United States,Male,,,,,1998-04-29,New York,United States,,,
lasker_awards-000152,1972,Lasker–DeBakey Clinical Medical Research Award,Lasker Award,For contributions to the successful chemotherapeutic treatment of gestational choriocarcinoma.,1/16,,Individual,Min Chiu Li,1919-01-21,1919,Weifang,China,,United States,Male,,,,,2005-11-28,Dallas,United States,,,
lasker_awards-000153,1972,Lasker–DeBakey Clinical Medical Research Award,Lasker Award,For contributions to the successful chemotherapeutic treatment of gestational choriocarcinoma.,1/16,,Individual,Paul P. Carbone,1926-11-14,1926,Racine,United States,,United States,Male,,,,,2007-01-14,Madison,United States,,,
lasker_awards-000154,1972,Lasker–DeBakey Clinical Medical Research Award,Lasker Award,For contributions to the successful chemotherapeutic treatment of gestational choriocarcinoma.,1/16,,Individual,Roy Hertz,1909-03-04,1909,Washington,United States,,United States,Male,,,,,1982-06-05,Washington,United States,,,
lasker_awards-000155,1972,Lasker–DeBakey Clinical Medical Research Award,Lasker Award,For contributions to the successful chemotherapeutic treatment of gestational choriocarcinoma.,1/16,,Individual,V. Anomah Ngu,1934,1934,Cameroon,Cameroon,,United States,Male,,,,,1995-09-24,Houston,United States,,,
lasker_awards-000156,1972,Lasker–DeBakey Clinical Medical Research Award,Lasker Award,For contributions to the successful chemotherapeutic treatment of gestational choriocarcinoma.,1/16,,Individual,"Vincent T. DeVita, Jr.",1935-04-04,1935,Hollywood,United States,,United States,Male,,,,,,,,,,
lasker_awards-000157,1973,Lasker–DeBakey Clinical Medical Research Award,Lasker Award,"For the development of open and closed chest defibrillators, and for originating the technique of external cardiac massage.",1/3,,Individual,Paul M. Zoll,1911-01-15,1911,Hartford,United States,,United States,Male,,,,,1999-01-05,Chestnut Hill,United States,,,
lasker_awards-000158,1973,Lasker–DeBakey Clinical Medical Research Award,Lasker Award,"For the development of open and closed chest defibrillators, and for originating the technique of external cardiac massage.",1/3,,Individual,William B. Kouwenhoven,1886-10-17,1886,Brooklyn,United States,,United States,Male,,,,,1975-02-04,Baltimore,United States,,,
lasker_awards-000159,1973,Lasker–Bloomberg Public Service Award,Lasker Award,For his outstanding leadership and support of medical research and health legislation for the people of the United States.,1/3,,Individual,Warren Magnuson,1926-10-21,1926,Washington,United States,,United States,Male,,,,,1989-03-20,Washington,United States,,,
lasker_awards-000160,1974,Albert Lasker Basic Medical Research Award,Lasker Award,For contributions that laid the foundations for the chemotherapy of cancer.,1/5,,Individual,Howard E. Skipper,1915-09-13,1915,Sanford,United States,,United States,Male,,,,,1980-07-18,Birmingham,United States,,,
lasker_awards-000161,1974,Albert Lasker Basic Medical Research Award,Lasker Award,For contributions to the biology of RNA-containing cancer viruses and elucidation of the mode of action of viral genes.,1/5,,Individual,Howard M. Temin,1934-12-10,1934,Philadelphia,United States,,United States,Male,,,,,2004-04-09,Madison,United States,,,
lasker_awards-000162,1974,Albert Lasker Basic Medical Research Award,Lasker Award,For contributions that laid the foundations for the chemotherapy of cancer.,1/5,,Individual,Ludwik Gross,1905-04-20,1905,Kletsk,Belarus,,United States; Poland,Male,,,,,1986-06-30,New York,United States,,,
lasker_awards-000163,1974,Albert Lasker Basic Medical Research Award,Lasker Award,For contributions to molecular biology including techniques of molecular hybridization and the first synthesis of an infectious nucleic acid.,1/5,,Individual,Sol Spiegelman,1914-12-25,1914,Brooklyn,United States,,United States,Male,,,,,1983-01-26,New York,United States,,,
lasker_awards-000164,1974,Lasker–DeBakey Clinical Medical Research Award,Lasker Award,"For conceptual and technical contributions to total hip joint replacement, which opened new horizons of research and treatment in arthritis and crippling joint diseases.",1/5,,Individual,John Charnley,1911-08-30,1911,Bury,United Kingdom,,United Kingdom,Male,,,,,1982-08-05,Manchester,United Kingdom,,,
lasker_awards-000165,1975,Albert Lasker Basic Medical Research Award,Lasker Award,For expanding our knowledge of the interplay between the hypothalamus and the endocrine system.,1/7,,Individual,Andrew V. Schally,1926-04-30,1926,Wilkes-Barre,United States,,United States,Male,,,,,,,,,,
lasker_awards-000166,1975,Albert Lasker Basic Medical Research Award,Lasker Award,"For contributions to the creation of a new medical discipline, immunopathology.",1/7,,Individual,Frank J. Dixon,1917-11-20,1917,Denver,United States,,United States,Male,,,,,2008-05-06,La Jolla,United States,,,
lasker_awards-000167,1975,Albert Lasker Basic Medical Research Award,Lasker Award,"For contributions to the creation of a new medical discipline, immunopathology.",1/7,,Individual,Henry G. Kunkel,1914-05-17,1914,New York,United States,,United States,Male,,,,,1983-11-04,New York,United States,,,
lasker_awards-000168,1975,Albert Lasker Basic Medical Research Award,Lasker Award,For expanding our knowledge of the interplay between the hypothalamus and the endocrine system.,1/7,,Individual,Roger C.L. Guillemin,1924-04-01,1924,Cherbourg,France,,United States,Male,,,,,,,,,,
lasker_awards-000169,1975,Lasker–DeBakey Clinical Medical Research Award,Lasker Award,"For discoveries that led to a revolution in diagnostic radiology, enabling scanning by computer-assisted tomography (CAT).",1/7,,Individual,Godfrey N. Hounsfield,1919-08-28,1919,Newark,United States,,United States,Male,,,,,2004-04-12,Kingston upon Thames,United Kingdom,,,
lasker_awards-000170,1975,Lasker–DeBakey Clinical Medical Research Award,Lasker Award,"For discoveries that led to a revolution in diagnostic radiology, enabling scanning by computer-assisted tomography (CAT).",1/7,,Individual,William Oldendorf,1918-01-16,1918,Tulsa,United States,,United States,Male,,,,,1996-05-10,Los Angeles,United States,,,
lasker_awards-000171,1975,Lasker–Bloomberg Public Service Award,Lasker Award,For unique contributions toward the preservation of vision and the restoration of sight.,1/7,,Individual,Jules C. Stein,1909-12-26,1909,Nashville,United States,,United States,Male,,,,,1981-04-29,Los Angeles,United States,,,
lasker_awards-000172,1976,Albert Lasker Basic Medical Research Award,Lasker Award,For the development of the technique of radioimmunoassay.,1/4,,Individual,Rosalyn S. Yalow,1921-07-19,1921,New York,United States,,United States,Female,,,,,2011-05-30,New York,United States,,,
lasker_awards-000173,1976,Lasker–DeBakey Clinical Medical Research Award,Lasker Award,"For advancing the concept of alpha and beta adrenergic receptors, which opened the door to the development of propranolol.",1/4,,Individual,James W. Black,1924-06-10,1924,Paisley,United Kingdom,,United States,Male,,,,,,,,,,
lasker_awards-000174,1976,Lasker–DeBakey Clinical Medical Research Award,Lasker Award,"For advancing the concept of alpha and beta adrenergic receptors, which opened the door to the development of propranolol.",1/4,,Individual,Raymond P. Ahlquist,1914-03-10,1914,Kansas City,United States,,United States,Male,,,,,1983-01-11,Atlanta,United States,,,
lasker_awards-000175,1976,Lasker–Bloomberg Public Service Award,Lasker Award,For its historic achievement in the practical eradication of smallpox from the Earth.,1/4,,Organization,World Health Organization,,,,,,Switzerland,,,,,,,,,,,
lasker_awards-000176,1977,Albert Lasker Basic Medical Research Award,Lasker Award,For isolating and elucidating prostaglandins.,1/5,,Individual,Bengt Samuelsson,1934-01-21,1934,Hälsingborg,Sweden,,United States,Male,,,,,,,,,,
lasker_awards-000177,1977,Albert Lasker Basic Medical Research Award,Lasker Award,For isolating and elucidating prostaglandins.,1/5,,Individual,John R. Vane,1926-03-29,1926,Crowborough,United Kingdom,,United States,Male,,,,,2004-11-18,Cambridge,United Kingdom,,,
lasker_awards-000178,1977,Albert Lasker Basic Medical Research Award,Lasker Award,For isolating and elucidating prostaglandins.,1/5,,Individual,K. Sune D. Bergström,1916-05-10,1916,Stockholm,Sweden,,United States,Male,,,,,2004-12-15,Stockholm,Sweden,,,
lasker_awards-000179,1977,Lasker–DeBakey Clinical Medical Research Award,Lasker Award,For pioneering the development of ultrasound technology in medicine.,1/5,,Individual,C. Hellmuth Hertz,1920-12-30,1920,San Francisco,United States,,United States,Male,,,,,,,,,,
lasker_awards-000180,1977,Lasker–DeBakey Clinical Medical Research Award,Lasker Award,For pioneering the development of ultrasound technology in medicine.,1/5,,Individual,Inge Edler,1915-07-19,1915,Stockholm,Sweden,,Sweden,Male,,,,,1997-09-29,Stockholm,Sweden,,,
lasker_awards-000181,1978,Albert Lasker Basic Medical Research Award,Lasker Award,For identifying the relation of the opiate receptors to the naturally occurring enkephalins.,1/8,,Individual,Hans W. Kosterlitz,1921-04-06,1921,Aberdeen,United Kingdom,,United States,Male,,,,,1997-12-23,Aberdeen,United Kingdom,,,
lasker_awards-000182,1978,Albert Lasker Basic Medical Research Award,Lasker Award,For identifying the relation of the opiate receptors to the naturally occurring enkephalins.,1/8,,Individual,John Hughes,1942-05-24,1942,Ponders End,United Kingdom,,United Kingdom,Male,,,,,2005-08-05,Lewes,United Kingdom,,,
lasker_awards-000183,1978,Albert Lasker Basic Medical Research Award,Lasker Award,For identifying the relation of the opiate receptors to the naturally occurring enkephalins.,1/8,,Individual,Solomon H. Snyder,1938-12-28,1938,New York,United States,,United States,Male,,,,,,,,,,
lasker_awards-000184,1978,Lasker–DeBakey Clinical Medical Research Award,Lasker Award,For the development of a polysaccharide vaccine against pneumococcal diseases.,1/8,,Individual,Emil C. Gotschlich,1940-02-04,1940,Chicago,United States,,United States,Male,,,,,,,,,,
lasker_awards-000185,1978,Lasker–DeBakey Clinical Medical Research Award,Lasker Award,For the development of a polysaccharide vaccine against pneumococcal diseases.,1/8,,Individual,Michael Heidelberger,1883-01-15,1883,Brooklyn,United States,,United States,Male,,,,,1965-06-03,New York,United States,,,
lasker_awards-000186,1978,Lasker–DeBakey Clinical Medical Research Award,Lasker Award,For the development of a polysaccharide vaccine against pneumococcal diseases.,1/8,,Individual,Robert Austrian,1916-09-16,1916,Philadelphia,United States,,United States,Male,,,,,2007-03-04,Philadelphia,United States,,,
lasker_awards-000187,1978,Lasker–Bloomberg Public Service Award,Lasker Award,"For his crucial decision in 1972, as HEW Secretary, to inaugurate a national hypertension control program to lower death rates from stroke, kidney and heart diseases.",1/8,,Individual,Elliot L. Richardson,1919-07-20,1919,Boston,United States,,United States,Male,,,,,1999-12-19,Boston,United States,,,
lasker_awards-000188,1978,Lasker–Bloomberg Public Service Award,Lasker Award,"For implementing in 1972 the National High Blood Pressure Education Program which has contributed significantly to the cut in deaths from stroke, kidney and heart diseases.",1/8,,Individual,Theodore Cooper,1929-04-07,1929,Baltimore,United States,,United States,Male,,,,,1991-05-04,New York,United States,,,
lasker_awards-000189,1979,Albert Lasker Basic Medical Research Award,Lasker Award,For the development of new techniques for the rapid sequencing of DNA.,1/4,,Individual,Frederick Sanger,1925-08-08,1925,Rendcomb,United Kingdom,,United Kingdom,Male,,,,,2013-11-19,London,United Kingdom,,,
lasker_awards-000190,1979,Albert Lasker Basic Medical Research Award,Lasker Award,"For contributions to the knowledge of brain function, and the understanding of mental and psychosomatic diseases.",1/4,,Individual,Roger Wolcott Sperry,1913-08-17,1913,Hartford,United States,,United States,Male,,,,,1994-05-17,San Diego,United States,,,
lasker_awards-000191,1979,Albert Lasker Basic Medical Research Award,Lasker Award,For the development of new techniques for the rapid sequencing of DNA.,1/4,,Individual,Walter Gilbert,1932-03-21,1932,Boston,United States,,United States,Male,,,,,,,,,,
lasker_awards-000192,1979,Lasker–Bloomberg Public Service Award,Lasker Award,"For bringing prevention and treatment of blindness to hundreds of thousands, even in remote parts of the world.",1/4,,Individual,John Foster Wilson,1915-06-22,1915,Titusville,United States,,United States,Male,,,,,1997-01-31,Needham,United States,,,
lasker_awards-000193,1980,Albert Lasker Basic Medical Research Award,Lasker Award,"For historic achievements that made recombinant DNA a brilliant reality, and inaugurated a new age of biomedical promise.",1/9,,Individual,A. Dale Kaiser,1925-04-01,1925,Newark,United States,,United States,Male,,,,,2003-07-23,Berkeley,United States,,,
lasker_awards-000194,1980,Albert Lasker Basic Medical Research Award,Lasker Award,"For historic achievements that made recombinant DNA a brilliant reality, and inaugurated a new age of biomedical promise.",1/9,,Individual,Herbert W. Boyer,1936-05-10,1936,Pittsburgh,United States,,United States,Male,,,,,,,,,,
lasker_awards-000195,1980,Albert Lasker Basic Medical Research Award,Lasker Award,"For historic achievements that made recombinant DNA a brilliant reality, and inaugurated a new age of biomedical promise.",1/9,,Individual,Paul Berg,1926-06-30,1926,Brooklyn,United States,,United States,Male,,,,,,,,,,
lasker_awards-000196,1980,Albert Lasker Basic Medical Research Award,Lasker Award,"For historic achievements that made recombinant DNA a brilliant reality, and inaugurated a new age of biomedical promise.",1/9,,Individual,Stanley N. Cohen,1935-11-16,1935,Perth Amboy,United States,,United States,Male,,,,,,,,,,
lasker_awards-000197,1980,Lasker–DeBakey Clinical Medical Research Award,Lasker Award,"For illuminating the genetics of RH factor, and for directing essential research into hemolytic disease of the newborn.",1/9,,Individual,Cyril A. Clarke,1917-03-27,1917,Halifax,United Kingdom,,United Kingdom,Male,,,,,1982-08-10,Parkgate,United Kingdom,,,
lasker_awards-000198,1980,Lasker–DeBakey Clinical Medical Research Award,Lasker Award,"For illuminating the genetics of RH factor, and for directing essential research into hemolytic disease of the newborn.",1/9,,Individual,John G. Gorman,1926-04-29,1926,Plainfield,United States,,United States,Male,,,,,2009-10-02,Jersey City,United States,,,
lasker_awards-000199,1980,Lasker–DeBakey Clinical Medical Research Award,Lasker Award,"For illuminating the genetics of RH factor, and for directing essential research into hemolytic disease of the newborn.",1/9,,Individual,Ronald Finn,1926-10-20,1926,Stockport,United Kingdom,,United Kingdom,Male,,,,,2008-11-18,Reddish,United Kingdom,,,
lasker_awards-000200,1980,Lasker–DeBakey Clinical Medical Research Award,Lasker Award,"For illuminating the genetics of RH factor, and for directing essential research into hemolytic disease of the newborn.",1/9,,Individual,Vincent Freda,1926-06-22,1926,New York,United States,,United States,Male,,,,,2006-10-24,New York,United States,,,
lasker_awards-000201,1980,Lasker–DeBakey Clinical Medical Research Award,Lasker Award,"For illuminating the genetics of RH factor, and for directing essential research into hemolytic disease of the newborn.",1/9,,Individual,William Pollack,1925-10-13,1925,Liverpool,United Kingdom,,United States,Male,,,,,2006-02-13,Liverpool,United Kingdom,,,
lasker_awards-000202,1981,Albert Lasker Basic Medical Research Award,Lasker Award,"For the discovery that certain genetic elements are not static, but can move from one location to another on DNA.",1/2,,Individual,Barbara McClintock,1902-06-16,1902,Hartford,United States,,United States,Female,,,,,1992-09-02,Huntington,United States,,,
lasker_awards-000203,1981,Lasker–DeBakey Clinical Medical Research Award,Lasker Award,"For developing a noninvasive glucose analogue-based method for mapping brain function, paving the way for the development of PET scanning.",1/2,,Individual,Louis Sokoloff,1919-11-10,1919,South Boston,United States,,United States,Male,,,,,2009-02-10,Durham,United States,,,
lasker_awards-000204,1982,Albert Lasker Basic Medical Research Award,Lasker Award,For the discovery that oncogenes are present in normal cells.,1/7,,Individual,Harold E. Varmus,1939-12-06,1939,Long Branch,United States,,United States,Male,,,,,,,,,,
lasker_awards-000205,1982,Albert Lasker Basic Medical Research Award,Lasker Award,For the discovery that oncogenes are present in normal cells.,1/7,,Individual,Hidesaburo Hanafusa,1927-03-18,1927,Tokyo,Japan,,Japan,Male,,,,,1991-12-10,Tokyo,Japan,,,
lasker_awards-000206,1982,Albert Lasker Basic Medical Research Award,Lasker Award,For the discovery that oncogenes are present in normal cells.,1/7,,Individual,J. Michael Bishop,1936-02-28,1936,York,United States,,United States,Male,,,,,,,,,,
lasker_awards-000207,1982,Albert Lasker Basic Medical Research Award,Lasker Award,For the discovery that oncogenes are present in normal cells.,1/7,,Individual,Raymond L. Erikson,1926-05-09,1926,Camden,United States,,United States,Male,,,,,2009-12-02,Seattle,United States,,,
lasker_awards-000208,1982,Albert Lasker Basic Medical Research Award,Lasker Award,For the discovery that oncogenes are present in normal cells.,1/7,,Individual,Robert C. Gallo,1937-09-20,1937,Bethesda,United States,,United States,Male,,,,,,,,,,
lasker_awards-000209,1982,Lasker–DeBakey Clinical Medical Research Award,Lasker Award,"For pioneering contributions to the understanding of hereditary diseases, the development of effective genetic counseling procedures, and initiation of possible treatment by replacement of missing enzymes.",1/7,,Individual,Elizabeth F. Neufeld,1926-09-05,1926,Paris,France,,United States; France,Female,,,,,2017-10-17,La Jolla,United States,,,
lasker_awards-000210,1982,Lasker–DeBakey Clinical Medical Research Award,Lasker Award,"For pioneering contributions to the understanding of hereditary diseases, the development of effective genetic counseling procedures, and initiation of possible treatment by replacement of missing enzymes.",1/7,,Individual,Roscoe O. Brady,1923-09-26,1923,Little Rock,United States,,United States,Male,,,,,2002-04-03,Bethesda,United States,,,
lasker_awards-000211,1983,Albert Lasker Basic Medical Research Award,Lasker Award,"For the application of cell biology techniques to the study of behavior, revealing mechanisms underlying learning and memory.",1/5,,Individual,Eric R. Kandel,1929-11-07,1929,Vienna,Austria,,United States,Male,,,,,,,,,,
lasker_awards-000212,1983,Albert Lasker Basic Medical Research Award,Lasker Award,"For the application of cell biology techniques to the study of behavior, revealing mechanisms underlying learning and memory.",1/5,,Individual,Vernon B. Mountcastle,1906-10-09,1906,Long Branch,United States,,United States,Male,,,,,1980-10-21,Baltimore,United States,,,
lasker_awards-000213,1983,Lasker–DeBakey Clinical Medical Research Award,Lasker Award,"For combining the techniques of cardiac catheterization and coronary artery cinematography, thus inaugurating the modern era of diagnosis and treatment of coronary artery disease.",1/5,,Individual,"F. Mason Sones, Jr.",1918-09-15,1918,Dallas,United States,,United States,Male,,,,,1985-12-01,Dallas,United States,,,
lasker_awards-000214,1983,Lasker–Bloomberg Public Service Award,Lasker Award,"For discovering the causes of certain viral diseases and for pioneering breakthroughs in vaccine, especially hepatitis B vaccine development throughout the world.",1/5,,Individual,Maurice R. Hilleman,1919-08-30,1919,Miles City,United States,,United States,Male,,,,,2005-04-11,Philadelphia,United States,,,
lasker_awards-000215,1983,Lasker–Bloomberg Public Service Award,Lasker Award,"For leadership in conceiving, developing, and testing vaccines against various viral diseases, especially hepatitis B, with vast impact on world health.",1/5,,Individual,Saul Krugman,1911-01-15,1911,Brooklyn,United States,,United States,Male,,,,,1995-11-10,New York,United States,,,
lasker_awards-000216,1984,Albert Lasker Basic Medical Research Award,Lasker Award,"For fundamental research into the genetics of immunoglobulin molecules, paving the way for the development of hybridomas.",1/5,,Individual,César Milstein,1927-12-04,1927,Bag Areich,Argentina,,United Kingdom; Argentina,Male,,,,,2002-03-30,Cape Town,South Africa,,,
lasker_awards-000217,1984,Albert Lasker Basic Medical Research Award,Lasker Award,"For fundamental research into the genetics of immunoglobulin molecules, paving the way for the development of hybridomas.",1/5,,Individual,Georges J. F. Köhler,1946-03-25,1946,Bad Waldsee,Germany,,Germany,Male,,,,,1995-03-01,Freiburg,Germany,,,
lasker_awards-000218,1984,Albert Lasker Basic Medical Research Award,Lasker Award,"For fundamental research into the genetics of immunoglobulin molecules, paving the way for the development of hybridomas.",1/5,,Individual,Michael Potter,1926-09-30,1926,New York,United States,,United States,Male,,,,,2006-01-18,Frederick,United States,,,
lasker_awards-000219,1984,Lasker–DeBakey Clinical Medical Research Award,Lasker Award,"For theoretical and technical contributions that made possible a new form of medical imaging, based on nuclear magnetic resonance (NMR).",1/5,,Individual,Paul C. Lauterbur,1929-05-06,1929,Sidney,United States,,United States,Male,,,,,2007-03-27,Ardsley-on-Hudson,United States,,,
lasker_awards-000220,1984,Lasker–Bloomberg Public Service Award,Lasker Award,"For developing the Heimlich Maneuver, a simple and practical technique for the prevention of death from choking which has saved thousands of lives.",1/5,,Individual,Henry J. Heimlich,1921-02-05,1921,New York,United States,,United States,Male,,,,,2016-12-03,Cincinnati,United States,,,
lasker_awards-000221,1985,Albert Lasker Basic Medical Research Award,Lasker Award,"For the discovery of the basic mechanisms controlling cholesterol metabolism, opening the way to a new pharmacologic approach to the treatment of coronary heart disease, the leading cause of death in the Western world",1/5,,Individual,Joseph L. Goldstein,1941-04-18,1941,Sumter,United States,,United States,Male,,,,,,,,,,
lasker_awards-000222,1985,Albert Lasker Basic Medical Research Award,Lasker Award,"For the discovery of the basic mechanisms controlling cholesterol metabolism, opening the way to a new pharmacologic approach to the treatment of coronary heart disease, the leading cause of death in the Western world",1/5,,Individual,Michael S. Brown,1942-05-13,1942,Brooklyn,United States,,United States,Male,,,,,,,,,,
lasker_awards-000223,1985,Lasker–DeBakey Clinical Medical Research Award,Lasker Award,"For shaping the character of modern breast cancer treatment, thus lengthening and enriching the lives of women suffering from this disease.",1/5,,Individual,Bernard Fisher,1918-01-28,1918,Pittsburgh,United States,,United States,Male,,,,,2010-07-29,Pittsburgh,United States,,,
lasker_awards-000224,1985,Lasker–Bloomberg Public Service Award,Lasker Award,For respected advice and practical translations of authoritative medical opinion and her tireless commitment to the health and well-being of the American people.,1/5,,Individual,Ann Landers (Eppie Lederer),1918-07-04,1918,Sioux City,United States,,United States,Female,,,,,2002-06-20,Chicago,United States,,,
lasker_awards-000225,1985,Lasker–Bloomberg Public Service Award,Lasker Award,"For the extraordinary management skills, integrity and vision with which he has expanded the American Cancer Society into the major volunteer force in the battle against cancer.",1/5,,Individual,Lane W. Adams,,,United States,Male,,United States,,,,,,,,,,,
lasker_awards-000226,1986,Albert Lasker Basic Medical Research Award,Lasker Award,"For the original concept that cell growth is governed by protein molecules, and for the discovery of Nerve Growth Factor (NGF).",1/6,,Individual,Rita Levi-Montalcini,1909-04-22,1909,Oporto,Portugal,,United States; Italy,Female,,,,,1995-05-30,Rome,Italy,,,
lasker_awards-000227,1986,Albert Lasker Basic Medical Research Award,Lasker Award,"For the original concept that cell growth is governed by protein molecules, and for the discovery of Nerve Growth Factor (NGF).",1/6,,Individual,Stanley Cohen,1926-11-30,1926,Miami,United States,,United States,Male,,,,,2015-05-09,Nashville,United States,,,
lasker_awards-000228,1986,Lasker–DeBakey Clinical Medical Research Award,Lasker Award,For contributions concerning the impact of retroviral infection on the human immune system.,1/6,,Individual,Luc Montagnier,1932-08-18,1932,Chigny-les-Roses,France,,France,Male,,,,,2022-02-02,Neuilly-sur-Seine,France,,,
lasker_awards-000229,1986,Lasker–DeBakey Clinical Medical Research Award,Lasker Award,For contributions concerning the impact of retroviral infection on the human immune system.,1/6,,Individual,Myron Essex,1938-03-06,1938,Boston,United States,,United States,Male,,,,,,,,,,
lasker_awards-000230,1986,Lasker–DeBakey Clinical Medical Research Award,Lasker Award,For contributions concerning the impact of retroviral infection on the human immune system.,1/6,,Individual,Robert C. Gallo,1937-09-20,1937,Bethesda,United States,,United States,Male,,,,,,,,,,
lasker_awards-000231,1986,Lasker–Bloomberg Public Service Award,Lasker Award,"For legendary contributions to the control and eradication of venereal diseases and leprosy in China, greatly improving the health of a billion people.",1/6,,Individual,Ma Haide (George Hatem),1910-11-10,1910,Buffalo,United States,,United States; China,Male,,,,,1988-10-03,Beijing,China,,,
lasker_awards-000232,1987,Albert Lasker Basic Medical Research Award,Lasker Award,"For imaginative studies of somatic recombinations in the immune system, detailing in molecular terms the genetics of antibody diversity.",1/4,,Individual,Leroy Hood,1938-10-10,1938,Tacoma,United States,,United States,Male,,,,,,,,,,
lasker_awards-000233,1987,Albert Lasker Basic Medical Research Award,Lasker Award,"For imaginative studies of somatic recombinations in the immune system, detailing in molecular terms the genetics of antibody diversity.",1/4,,Individual,Philip Leder,1934-06-07,1934,Boston,United States,,United States,Male,,,,,,,,,,
lasker_awards-000234,1987,Albert Lasker Basic Medical Research Award,Lasker Award,"For imaginative studies of somatic recombinations in the immune system, detailing in molecular terms the genetics of antibody diversity.",1/4,,Individual,Susumu Tonegawa,1939-09-05,1939,Nagoya,Japan,,Japan,Male,,,,,,,,,,
lasker_awards-000235,1987,Lasker–DeBakey Clinical Medical Research Award,Lasker Award,"For landmark clinical trials of lithium as therapy and prophylaxis for manic depressive illness, initiating a revolution in the treatment of mental disease.",1/4,,Individual,Mogens Schou,1918-06-27,1918,Ørslev,Denmark,,Denmark,Male,,,,,1980-07-24,Copenhagen,Denmark,,,
lasker_awards-000236,1988,Albert Lasker Basic Medical Research Award,Lasker Award,For revelations regarding the ability of RNA processing to convert DNA’s massive store of genetic data to biological use.,1/4,,Individual,Phillip A. Sharp,1944-06-29,1944,Falls Church,United States,,United States,Male,,,,,,,,,,
lasker_awards-000237,1988,Albert Lasker Basic Medical Research Award,Lasker Award,"For revolutionary research revealing the enzymatic role of RNA, opening a new universe in molecular biology.",1/4,,Individual,Thomas R. Cech,1947-12-08,1947,Chicago,United States,,United States,Male,,,,,,,,,,
lasker_awards-000238,1988,Lasker–DeBakey Clinical Medical Research Award,Lasker Award,For postulating the physiological basis of narcotic addiction and for developing methadone treatment for heroin addiction.,1/4,,Individual,Vincent P. Dole,1919-05-04,1919,Chicago,United States,,United States,Male,,,,,1987-12-20,New York,United States,,,
lasker_awards-000239,1988,Lasker–Bloomberg Public Service Award,Lasker Award,For his compassion and dedication in the fight to eradicate disease and disability through federal funding of medical research and public health programs.,1/4,,Individual,Lowell P. Weicker Jr.,1931-07-16,1931,Paris,France,,United States,Male,,,,,,,,,,
lasker_awards-000240,1989,Albert Lasker Basic Medical Research Award,Lasker Award,For research revealing how IP3 governs the intracellular level of calcium and orchestrates the major activities of the cell.,1/6,,Individual,Alfred G. Gilman,1942-07-01,1942,New Haven,United States,,United States,Male,,,,,,,,,,
lasker_awards-000241,1989,Albert Lasker Basic Medical Research Award,Lasker Award,For research revealing how IP3 governs the intracellular level of calcium and orchestrates the major activities of the cell.,1/6,,Individual,Edwin G. Krebs,1918-06-20,1918,Perry,United States,,United States,Male,,,,,,,,,,
lasker_awards-000242,1989,Albert Lasker Basic Medical Research Award,Lasker Award,For research revealing how IP3 governs the intracellular level of calcium and orchestrates the major activities of the cell.,1/6,,Individual,Michael J. Berridge,1939-01-29,1939,London,United Kingdom,,United States,Male,,,,,,,,,,
lasker_awards-000243,1989,Albert Lasker Basic Medical Research Award,Lasker Award,For research revealing how IP3 governs the intracellular level of calcium and orchestrates the major activities of the cell.,1/6,,Individual,Yasutomi Nishizuka,1932-11-03,1932,Takaoka,Japan,,Japan,Male,,,,,2004-06-09,Hiroshima,Japan,,,
lasker_awards-000244,1989,Lasker–DeBakey Clinical Medical Research Award,Lasker Award,"For developing RU486, the first safe and effective contragestive medication.",1/6,,Individual,Étienne-Émile Baulieu,1926-12-12,1926,Strasbourg,France,,France,Male,,,,,,,,,,
lasker_awards-000245,1989,Lasker–Bloomberg Public Service Award,Lasker Award,"Scientist, administrator, catalyst and teacher, the poet laureate of 20th century medicine.",1/6,,Individual,Lewis Thomas,1913-04-05,1913,Brooklyn,United States,,United States,Male,,,,,1993-12-03,New York,United States,,,
lasker_awards-000246,1991,Albert Lasker Basic Medical Research Award,Lasker Award,"For fundamental research on the Bithorax Complex, which established the role of homeotic genes in the development of cell patterns and provided a foundation for current studies of embryonic development.",1/5,,Individual,Christiane Nüsslein-Volhard,1942-10-20,1942,Magdeburg,Germany,,Germany,Female,,,,,,,,,,
lasker_awards-000247,1991,Albert Lasker Basic Medical Research Award,Lasker Award,"For fundamental research on the Bithorax Complex, which established the role of homeotic genes in the development of cell patterns and provided a foundation for current studies of embryonic development.",1/5,,Individual,Edward B. Lewis,1918-05-20,1918,El Paso,United States,,United States,Male,,,,,2004-07-21,Davis,United States,,,
lasker_awards-000248,1991,Lasker–DeBakey Clinical Medical Research Award,Lasker Award,"For pioneering the use of recombinant DNA technology for diagnosing human genetic diseases, including the hemoglobinopathies.",1/5,,Individual,Yuet Wai Kan,1936-09-17,1936,Hong Kong,Hong Kong,,United States,Male,,,,,,,,,,
lasker_awards-000249,1991,Lasker–Bloomberg Public Service Award,Lasker Award,For dedicated efforts to enhance the lives of the worldwide community through family planning and population control.,1/5,,Individual,Robin Chandler Duke,1920-07-26,1920,New York,United States,,United States,Female,,,,,,,,,,
lasker_awards-000250,1991,Lasker–Bloomberg Public Service Award,Lasker Award,"For his tireless dedication to increasing our nation’s commitment to biomedical research, and a lifetime of public advocacy for the disadvantaged.",1/5,,Individual,Thomas P. O'Neill Jr.,1912-12-09,1912,Cambridge,United States,,United States,Male,,,,,1994-01-05,Boston,United States,,,
lasker_awards-000251,1993,Albert Lasker Basic Medical Research Award,Lasker Award,For landmark discoveries concerning the processes by which intercellular proteins are targeted across cell membranes.,1/4,,Individual,Günter Blobel,1929-07-21,1929,Posen,Poland,,United States; Germany; Nazi Germany,Male,,,,,2018-02-18,New York,United States,,,
lasker_awards-000252,1993,Lasker–DeBakey Clinical Medical Research Award,Lasker Award,"For the discovery of the colony-stimulating factors, two of which are widely used to treat patients with cancer and diseases of blood cell formation.",1/4,,Individual,Donald Metcalf,1924-04-21,1924,Coburg,Australia,,Australia,Male,,,,,2010-01-05,Melbourne,Australia,,,
lasker_awards-000253,1993,Lasker–Bloomberg Public Service Award,Lasker Award,For her groundbreaking work in the scientific and public arenas towards finding a cure for Huntington’s disease and for increasing awareness of all genetic disease.,1/4,,Individual,Nancy Wexler,1945-07-09,1945,Los Angeles,United States,,United States,Female,,,,,,,,,,
lasker_awards-000254,1993,Lasker–Bloomberg Public Service Award,Lasker Award,For tireless leadership in advancing the cause of American health care through his initiatives both as a legislator and as a private citizen.,1/4,,Individual,Paul G. Rogers,1921-06-12,1921,Boston,United States,,United States,Male,,,,,2008-03-12,Bethesda,United States,,,
lasker_awards-000255,1994,Albert Lasker Basic Medical Research Award,Lasker Award,"For the discovery of prions, a new class of infectious agents—opening the way to understanding baffling neurodegenerative diseases.",1/3,,Individual,Stanley B. Prusiner,1942-05-28,1942,Des Moines,United States,,United States,Male,,,,,,,,,,
lasker_awards-000256,1994,Lasker–DeBakey Clinical Medical Research Award,Lasker Award,For defining the role of pulmonary surfactant and developing a life-saving artificial surfactant used in premature infants around the world.,1/3,,Individual,John Allen Clements,1922-11-15,1922,Kingston upon Hull,United Kingdom,,United States,Male,,,,,1999-04-23,Madison,United States,,,
lasker_awards-000257,1994,Lasker–Koshland Special Achievement Award in Medical Science,Lasker Award,For seminal and historic investigation which revealed that DNA is the chemical substance of heredity and for ushering in a new era of contemporary genetics.,1/3,,Individual,Maclyn McCarty,1911-10-06,1911,Hannibal,United States,,United States,Male,,,,,1974-11-04,Boston,United States,,,
lasker_awards-000258,1995,Albert Lasker Basic Medical Research Award,Lasker Award,For the discovery of the Major Histocompatibility Complex (MHC) restriction of T-cell recognition.,1/7,,Individual,Don C. Wiley,1935-11-03,1935,Fairfax,United States,,United States,Male,,,,,2001-10-14,Chapel Hill,United States,,,
lasker_awards-000259,1995,Albert Lasker Basic Medical Research Award,Lasker Award,For the discovery of the Major Histocompatibility Complex (MHC) restriction of T-cell recognition.,1/7,,Individual,Emil R. Unanue,1927-12-08,1927,Seville,Spain,,United States,Male,,,,,,,,,,
lasker_awards-000260,1995,Albert Lasker Basic Medical Research Award,Lasker Award,For the discovery of the Major Histocompatibility Complex (MHC) restriction of T-cell recognition.,1/7,,Individual,Jack L. Strominger,1939-03-24,1939,Boston,United States,,United States,Male,,,,,,,,,,
lasker_awards-000261,1995,Albert Lasker Basic Medical Research Award,Lasker Award,For the discovery of the Major Histocompatibility Complex (MHC) restriction of T-cell recognition.,1/7,,Individual,Peter C. Doherty,1940-01-15,1940,Brisbane,Australia,,United States,Male,,,,,,,,,,
lasker_awards-000262,1995,Albert Lasker Basic Medical Research Award,Lasker Award,For the discovery of the Major Histocompatibility Complex (MHC) restriction of T-cell recognition.,1/7,,Individual,Rolf M. Zinkernagel,1939-01-02,1939,Basel,Switzerland,,Switzerland,Male,,,,,,,,,,
lasker_awards-000263,1995,Lasker–DeBakey Clinical Medical Research Award,Lasker Award,For the discovery that Helicobacter pylori causes peptic ulcer disease.,1/7,,Individual,Barry J. Marshall,1951-09-30,1951,Kalgoorlie,Australia,,United States,Male,,,,,,,,,,
lasker_awards-000264,1995,Lasker–Bloomberg Public Service Award,Lasker Award,For energetic leadership and enduring advocacy in support of biomedical research.,1/7,,Individual,Mark O. Hatfield,1925-03-15,1925,The Dalles,United States,,United States,Male,,,,,2011-08-07,Portland,United States,,,
lasker_awards-000265,1996,Albert Lasker Basic Medical Research Award,Lasker Award,"For discoveries concerning the endothelium-derived relaxing factor (EDRF), now known to be nitric oxide, a signaling molecule in the cardiovascular system. For the ingenious elucidation of the cyclic GMP signaling pathway of nitric oxide and for essential discoveries that led to establishing the link between endothelium-derived relaxing factor and nitric oxide.",1/7,,Individual,Ferid Murad,1946-06-14,1946,Whiting,United States,,United States,Male,,,,,,,,,,
lasker_awards-000266,1996,Albert Lasker Basic Medical Research Award,Lasker Award,"For discoveries concerning the endothelium-derived relaxing factor (EDRF), now known to be nitric oxide, a signaling molecule in the cardiovascular system. For the ingenious elucidation of the cyclic GMP signaling pathway of nitric oxide and for essential discoveries that led to establishing the link between endothelium-derived relaxing factor and nitric oxide.",1/7,,Individual,Robert F. Furchgott,1916-11-09,1916,New York,United States,,United States,Male,,,,,1996-05-06,Seattle,United States,,,
lasker_awards-000267,1996,Lasker–DeBakey Clinical Medical Research Award,Lasker Award,"For the development of the Hemophilus influenza type b vaccine, a polysaccharide-conjugate vaccine that has all but eliminated childhood meningitis.",1/7,,Individual,David H. Smith,1928-01-15,1928,Berkeley,United States,,United States,Male,,,,,2007-07-22,Berkeley,United States,,,
lasker_awards-000268,1996,Lasker–DeBakey Clinical Medical Research Award,Lasker Award,"For the development of the Hemophilus influenza type b vaccine, a polysaccharide-conjugate vaccine that has all but eliminated childhood meningitis.",1/7,,Individual,John B. Robbins,1920-12-13,1920,Buffalo,United States,,United States,Male,,,,,1996-05-31,Rockville,United States,,,
lasker_awards-000269,1996,Lasker–DeBakey Clinical Medical Research Award,Lasker Award,"For the development of the Hemophilus influenza type b vaccine, a polysaccharide-conjugate vaccine that has all but eliminated childhood meningitis.",1/7,,Individual,"Porter Warren Anderson, Jr.",1928-10-31,1928,Columbia,United States,,United States,Male,,,,,2005-03-28,Silver Spring,United States,,,
lasker_awards-000270,1996,Lasker–DeBakey Clinical Medical Research Award,Lasker Award,"For the development of the Hemophilus influenza type b vaccine, a polysaccharide-conjugate vaccine that has all but eliminated childhood meningitis.",1/7,,Individual,Rachel Schneerson,1935-10-02,1935,Kaunas,Lithuania,,Israel,Female,,,,,,,,,,
lasker_awards-000271,1996,Lasker–Koshland Special Achievement Award in Medical Science,Lasker Award,For brilliant and original science that revolutionized biochemistry and spawned new avenues of scientific inquiry.,1/7,,Individual,Paul Zamecnik,1913-11-29,1913,New York,United States,,United States,Male,,,,,1989-07-23,New Haven,United States,,,
lasker_awards-000272,1997,Albert Lasker Basic Medical Research Award,Lasker Award,For elegant and incisive discoveries leading to the understanding of how regulatory proteins control the transcription of genes.,1/3,,Individual,Mark S. Ptashne,1948-06-13,1948,Ridgewood,United States,,United States,Male,,,,,,,,,,
lasker_awards-000273,1997,Lasker–DeBakey Clinical Medical Research Award,Lasker Award,For the understanding and demonstration that low-dose vitamin A supplementation in millions of third world children can prevent death from infectious diseases as well as blindness.,1/3,,Individual,Alfred Sommer,1928-11-16,1928,New York,United States,,United States,Male,,,,,,,,,,
lasker_awards-000274,1997,Lasker–Koshland Special Achievement Award in Medical Science,Lasker Award,For a lifetime career as founder of the discipline of clinical genetics.,1/3,,Individual,Victor A. McKusick,1921-10-21,1921,Ocean City,United States,,United States,Male,,,,,2008-07-30,Baltimore,United States,,,
lasker_awards-000275,1998,Albert Lasker Basic Medical Research Award,Lasker Award,"For pioneering genetic and molecular studies that revealed the universal machinery for regulating cell division in all eukaryotic organisms, from yeasts to frogs to humans.",1/7,,Individual,Leland H. Hartwell,1950-04-30,1950,Los Angeles,United States,,United States,Male,,,,,,,,,,
lasker_awards-000276,1998,Albert Lasker Basic Medical Research Award,Lasker Award,"For pioneering genetic and molecular studies that revealed the universal machinery for regulating cell division in all eukaryotic organisms, from yeasts to frogs to humans.",1/7,,Individual,Paul Nurse,1949-01-25,1949,London,United Kingdom,,United Kingdom,Male,,,,,,,,,,
lasker_awards-000277,1998,Albert Lasker Basic Medical Research Award,Lasker Award,"For pioneering genetic and molecular studies that revealed the universal machinery for regulating cell division in all eukaryotic organisms, from yeasts to frogs to humans.",1/7,,Individual,Yoshio Masui,1937-05-25,1937,Tokyo,Japan,,Canada; Japan,Male,,,,,2008-04-22,Teaneck,United States,,,
lasker_awards-000278,1998,Lasker–DeBakey Clinical Medical Research Award,Lasker Award,For incisive studies in patient-oriented research that paved the way for identifying genetic alterations that cause cancer in humans and that allow for cancer diagnosis in patients at the molecular level.,1/7,,Individual,Alfred G. Knudson Jr.,1928-06-15,1928,Omaha,United States,,United States,Male,,,,,,,,,,
lasker_awards-000279,1998,Lasker–DeBakey Clinical Medical Research Award,Lasker Award,For incisive studies in patient-oriented research that paved the way for identifying genetic alterations that cause cancer in humans and that allow for cancer diagnosis in patients at the molecular level.,1/7,,Individual,Janet Rowley,1925-04-05,1925,Chicago,United States,,United States,Female,,,,,2013-12-17,Chicago,United States,,,
lasker_awards-000280,1998,Lasker–DeBakey Clinical Medical Research Award,Lasker Award,For incisive studies in patient-oriented research that paved the way for identifying genetic alterations that cause cancer in humans and that allow for cancer diagnosis in patients at the molecular level.,1/7,,Individual,Peter C. Nowell,1928-03-01,1928,Philadelphia,United States,,United States,Male,,,,,2015-09-08,Philadelphia,United States,,,
lasker_awards-000281,1998,Lasker–Koshland Special Achievement Award in Medical Science,Lasker Award,"For a lifetime career devoted to elevating science to its highest level — exemplified by accomplishments on diverse fronts — as a visionary biochemist, tireless institution builder, and eloquent public communicator.",1/7,,Individual,Daniel E. Koshland Jr.,1920-06-30,1920,Coloma,United States,,United States,Male,,,,,2007-02-13,Berkeley,United States,,,
lasker_awards-000282,1999,Albert Lasker Basic Medical Research Award,Lasker Award,"For elucidating the functional and structural architecture of ion channel proteins, which govern the electrical potential of membranes throughout nature, thereby generating nerve impulses, and controlling muscle contraction, cardiac rhythm, and hormone secretion.",1/6,,Individual,Bertil Hille,1942-09-15,1942,Okmulgee,United States,,United States,Male,,,,,,,,,,
lasker_awards-000283,1999,Albert Lasker Basic Medical Research Award,Lasker Award,"For elucidating the functional and structural architecture of ion channel proteins, which govern the electrical potential of membranes throughout nature, thereby generating nerve impulses, and controlling muscle contraction, cardiac rhythm, and hormone secretion.",1/6,,Individual,Clay Armstrong,1942-01-04,1942,Tulsa,United States,,United States,Male,,,,,,,,,,
lasker_awards-000284,1999,Albert Lasker Basic Medical Research Award,Lasker Award,"For elucidating the functional and structural architecture of ion channel proteins, which govern the electrical potential of membranes throughout nature, thereby generating nerve impulses, and controlling muscle contraction, cardiac rhythm, and hormone secretion.",1/6,,Individual,Roderick MacKinnon,1956-01-03,1956,Boston,United States,,United States,Male,,,,,,,,,,
lasker_awards-000285,1999,Lasker–DeBakey Clinical Medical Research Award,Lasker Award,"For developing an innovative approach to drug design based on protein structure and using it to create the ACE inhibitors, powerful oral agents for the treatment of high blood pressure, heart failure, and diabetic kidney disease.",1/6,,Individual,David W. Cushman,1934-12-23,1934,Moscow,Russia,,United States,Male,,,,,2009-03-28,Boston,United States,,,
lasker_awards-000286,1999,Lasker–DeBakey Clinical Medical Research Award,Lasker Award,"For developing an innovative approach to drug design based on protein structure and using it to create the ACE inhibitors, powerful oral agents for the treatment of high blood pressure, heart failure, and diabetic kidney disease.",1/6,,Individual,Miguel Ondetti,1931-06-06,1931,Huamanga,Peru,,United States,Male,,,,,2004-01-09,Durham,United States,,,
lasker_awards-000287,1999,Lasker–Koshland Special Achievement Award in Medical Science,Lasker Award,"For a lifetime of contributions to neuroscience— including discovery of a method for measuring cerebral blood flow that led to current brain imaging techniques, adoptive studies in schizophrenia that established its genetic origin, and visionary leadership in mental health that ushered psychiatry into the molecular era.",1/6,,Individual,Seymour S. Kety,1921-08-25,1921,Philadelphia,United States,,United States,Male,,,,,1992-05-24,Princeton,United States,,,
lasker_awards-000288,2000,Albert Lasker Basic Medical Research Award,Lasker Award,"For the discovery and recognition of the broad significance of the ubiquitin system of regulated protein degradation, a fundamental process that influences vital cellular events, including the cell cycle, malignant transformation, and responses to inflammation and immunity.",1/11,,Individual,Aaron Ciechanover,1947-09-03,1947,Haifa,Israel,,Israel,Male,,,,,,,,,,
lasker_awards-000289,2000,Albert Lasker Basic Medical Research Award,Lasker Award,"For the discovery and recognition of the broad significance of the ubiquitin system of regulated protein degradation, a fundamental process that influences vital cellular events, including the cell cycle, malignant transformation, and responses to inflammation and immunity.",1/11,,Individual,Alexander Varshavsky,1940-12-03,1940,Moscow,Russia,,United States,Male,,,,,,,,,,
lasker_awards-000290,2000,Albert Lasker Basic Medical Research Award,Lasker Award,"For the discovery and recognition of the broad significance of the ubiquitin system of regulated protein degradation, a fundamental process that influences vital cellular events, including the cell cycle, malignant transformation, and responses to inflammation and immunity.",1/11,,Individual,Avram Hershko,1934-12-04,1934,Karcag,Hungary,,Hungary; Israel,Male,,,,,,,,,,
lasker_awards-000291,2000,Lasker–DeBakey Clinical Medical Research Award,Lasker Award,For the discovery of the virus that causes hepatitis C and the development of screening methods that reduced the risk of blood transfusion-associated hepatitis in the U.S. from 30% in 1970 to virtually zero in 2000.,1/11,,Individual,Harvey J. Alter,1935-02-08,1935,New York,United States,,United States,Male,,,,,,,,,,
lasker_awards-000292,2000,Lasker–DeBakey Clinical Medical Research Award,Lasker Award,For the discovery of the virus that causes hepatitis C and the development of screening methods that reduced the risk of blood transfusion-associated hepatitis in the U.S. from 30% in 1970 to virtually zero in 2000.,1/11,,Individual,Michael Houghton,1952-01-02,1952,London,United Kingdom,,United States,Male,,,,,,,,,,
lasker_awards-000293,2000,Lasker–Bloomberg Public Service Award,Lasker Award,"For using her leadership and prestige to bring about lasting progress in research, medicine, and health aimed at alcohol and drug addiction.",1/11,,Individual,Betty Ford,1918-04-12,1918,Chicago,United States,,United States,Female,,,,,2011-07-08,Rancho Mirage,United States,,,
lasker_awards-000294,2000,Lasker–Bloomberg Public Service Award,Lasker Award,"For visionary leadership in educating the public and the donor community about the importance of brain research, and for directing funds for the support of neuroscience.",1/11,,Individual,David J. Mahoney,1923-04-03,1923,New York,United States,,United States,Male,,,,,1997-08-24,New York,United States,,,
lasker_awards-000295,2000,Lasker–Bloomberg Public Service Award,Lasker Award,"For enlightening scientists and the public about the relationship between race, poverty, and cancer.",1/11,,Individual,Harold P. Freeman,1934-01-04,1934,New York,United States,,United States,Male,,,,,,,,,,
lasker_awards-000296,2000,Lasker–Bloomberg Public Service Award,Lasker Award,For wise and perceptive leadership on behalf of medical research funding and a deep commitment to strengthening the science enterprise.,1/11,,Individual,John Edward Porter,1942-06-01,1942,Chicago,United States,,United States,Male,,,,,,,,,,
lasker_awards-000297,2000,Lasker–Bloomberg Public Service Award,Lasker Award,"For sustained, comprehensive, and high-quality coverage about science, disease, and human health.",1/11,,Organization,Science Times of The New York Times,,,,,,United States,,,,,,,,,,,
lasker_awards-000298,2000,Lasker–Koshland Special Achievement Award in Medical Science,Lasker Award,For 50 years of brilliant creativity in biomedical science — exemplified by his legendary work on the genetic code; his daring introduction of the roundworm Caenorhabditis elegans as a system for tracing the birth and death of every cell in a living animal; his rational voice in the debate on recombinant DNA; and his trenchant wit.,1/11,,Individual,Sydney Brenner,1927-01-13,1927,London,United Kingdom,,United Kingdom; South Africa,Male,,,,,2006-05-05,London,United Kingdom,,,
lasker_awards-000299,2001,Albert Lasker Basic Medical Research Award,Lasker Award,"For the development of a powerful technology for manipulating the mouse genome with exquisite precision, which allows the creation of animal models of human disease.",1/5,,Individual,Mario Capecchi,1949-06-07,1949,Modena,Italy,,United States,Male,,,,,,,,,,
lasker_awards-000300,2001,Albert Lasker Basic Medical Research Award,Lasker Award,"For the development of a powerful technology for manipulating the mouse genome with exquisite precision, which allows the creation of animal models of human disease.",1/5,,Individual,Martin Evans,1941-11-09,1941,Ashton under Lyne,United Kingdom,,United Kingdom,Male,,,,,2023-04-20,Cambridge,United Kingdom,,,
lasker_awards-000301,2001,Albert Lasker Basic Medical Research Award,Lasker Award,"For the development of a powerful technology for manipulating the mouse genome with exquisite precision, which allows the creation of animal models of human disease.",1/5,,Individual,Oliver Smithies,1925-07-06,1925,Richmond,United Kingdom,,United States; United Kingdom,Male,,,,,2004-01-16,Chapel Hill,United States,,,
lasker_awards-000302,2001,Lasker–DeBakey Clinical Medical Research Award,Lasker Award,"For the development of in vitro fertilization, a technological advance that has revolutionized the treatment of human infertility.",1/5,,Individual,Robert Edwards,1930-10-27,1930,Batley,United Kingdom,,United Kingdom,Male,,,,,2013-04-10,Cambridge,United Kingdom,,,
lasker_awards-000303,2001,Lasker–Bloomberg Public Service Award,Lasker Award,"For courageous leadership in improving worldwide public health, and his prominent role in the eradication of smallpox.",1/5,,Individual,William Foege,1936-08-04,1936,Pierpont,United States,,United States,Male,,,,,,,,,,
lasker_awards-000304,2002,Albert Lasker Basic Medical Research Award,Lasker Award,"For discoveries revealing the universal molecular machinery that orchestrates the budding and fusion of membrane vesicles — a process essential to organelle formation, nutrient uptake, and secretion of hormones and neurotransmitters.",1/5,,Individual,James E. Rothman,1952-12-11,1952,Memphis,United States,,United States,Male,,,,,,,,,,
lasker_awards-000305,2002,Albert Lasker Basic Medical Research Award,Lasker Award,"For discoveries revealing the universal molecular machinery that orchestrates the budding and fusion of membrane vesicles — a process essential to organelle formation, nutrient uptake, and secretion of hormones and neurotransmitters.",1/5,,Individual,Randy W. Schekman,1948-11-30,1948,Los Angeles,United States,,United States,Male,,,,,,,,,,
lasker_awards-000306,2002,Lasker–DeBakey Clinical Medical Research Award,Lasker Award,"For the development of renal hemodialysis, which changed kidney failure from a fatal to a treatable disease, prolonging the useful lives of millions of patients.",1/5,,Individual,Belding H. Scribner,1921-10-04,1921,Schenectady,United States,,United States,Male,,,,,1991-06-19,Seattle,United States,,,
lasker_awards-000307,2002,Lasker–DeBakey Clinical Medical Research Award,Lasker Award,"For the development of renal hemodialysis, which changed kidney failure from a fatal to a treatable disease, prolonging the useful lives of millions of patients.",1/5,,Individual,Willem J. Kolff,1911-02-09,1911,Amsterdam,Netherlands,,United States; Netherlands,Male,,,,,1992-11-11,Los Angeles,United States,,,
lasker_awards-000308,2002,Lasker–Koshland Special Achievement Award in Medical Science,Lasker Award,For an exceptional career in biomedical science during which he opened two fields in biology —RNA processing and cytokine signaling — and fostered the development of many creative scientists.,1/5,,Individual,James E. Darnell,1931-01-08,1931,Boston,United States,,United States,Male,,,,,,,,,,
lasker_awards-000309,2003,Albert Lasker Basic Medical Research Award,Lasker Award,"For pioneering studies on eukaryotic RNA polymerases and the general transcriptional machinery, which opened gene expression in animal cells to biochemical analysis.",1/4,,Individual,Robert G. Roeder,1946-04-21,1946,Monterey Park,United States,,United States,Male,,,,,,,,,,
lasker_awards-000310,2003,Lasker–DeBakey Clinical Medical Research Award,Lasker Award,For the discovery of anti-TNF therapy as an effective treatment for rheumatoid arthritis and other autoimmune diseases.,1/4,,Individual,Marc Feldmann,1951-01-19,1951,London,United Kingdom,,United Kingdom; Australia,Male,,,,,,,,,,
lasker_awards-000311,2003,Lasker–DeBakey Clinical Medical Research Award,Lasker Award,For the discovery of anti-TNF therapy as an effective treatment for rheumatoid arthritis and other autoimmune diseases.,1/4,,Individual,Ravinder N. Maini,1953,1953,Ghazipur,India,,United States,Male,,,,,,,,,,
lasker_awards-000312,2003,Lasker–Bloomberg Public Service Award,Lasker Award,"For perceptive, sustained, and heroic advocacy for medical research in general and victims of disability in particular.",1/4,,Individual,Christopher Reeve,1956-09-25,1956,Princeton,United States,,United States,Male,,,,,2004-10-10,New York,United States,,,
lasker_awards-000313,2004,Albert Lasker Basic Medical Research Award,Lasker Award,For the discovery of the superfamily of nuclear hormone receptors and elucidation of a unifying mechanism that regulates embryonic development and diverse metabolic pathways.,1/5,,Individual,Elwood V. Jensen,1929-04-24,1929,Minneapolis,United States,,United States,Male,,,,,1992-01-14,San Antonio,United States,,,
lasker_awards-000314,2004,Albert Lasker Basic Medical Research Award,Lasker Award,For the discovery of the superfamily of nuclear hormone receptors and elucidation of a unifying mechanism that regulates embryonic development and diverse metabolic pathways.,1/5,,Individual,Pierre Chambon,1941-05-31,1941,Décines-Charpieu,France,,France,Male,,,,,,,,,,
lasker_awards-000315,2004,Albert Lasker Basic Medical Research Award,Lasker Award,For the discovery of the superfamily of nuclear hormone receptors and elucidation of a unifying mechanism that regulates embryonic development and diverse metabolic pathways.,1/5,,Individual,Ronald M. Evans,1949-11-02,1949,San Diego,United States,,United States,Male,,,,,,,,,,
lasker_awards-000316,2004,Lasker–DeBakey Clinical Medical Research Award,Lasker Award,"For revolutionizing the surgical removal of cataracts, turning a 10-day hospital stay with high morbidity into an outpatient procedure with minimal complications.",1/5,,Individual,Charles Kelman,1930-05-04,1930,New York,United States,,United States,Male,,,,,2004-03-07,Westchester,United States,,,
lasker_awards-000317,2004,Lasker–Koshland Special Achievement Award in Medical Science,Lasker Award,For a lifetime career that combines penetrating discovery in molecular biology with creative leadership in public policy aimed at eliminating chemical and biological weapons.,1/5,,Individual,Matthew Meselson,1930-06-24,1930,Denver,United States,,United States,Male,,,,,,,,,,
lasker_awards-000318,2005,Albert Lasker Basic Medical Research Award,Lasker Award,For ingenious experiments that first identified a stem cell — the blood-forming stem cell — which set the stage for all current research on adult and embryonic stem cells.,1/5,,Individual,Ernest McCulloch,1926-03-19,1926,Toronto,Canada,,Canada,Male,,,,,1991-01-20,Toronto,Canada,,,
lasker_awards-000319,2005,Albert Lasker Basic Medical Research Award,Lasker Award,For ingenious experiments that first identified a stem cell — the blood-forming stem cell — which set the stage for all current research on adult and embryonic stem cells.,1/5,,Individual,James Till,1929-05-19,1929,Toronto,Canada,,Canada,Male,,,,,2001-05-07,Toronto,Canada,,,
lasker_awards-000320,2005,Lasker–DeBakey Clinical Medical Research Award,Lasker Award,For development of two powerful technologies— Southern hybridization and DNA finger-printing — that together revolutionized human genetics and forensic diagnostics.,1/5,,Individual,Alec Jeffreys,1950-01-09,1950,Oxford,United Kingdom,,United Kingdom,Male,,,,,,,,,,
lasker_awards-000321,2005,Lasker–DeBakey Clinical Medical Research Award,Lasker Award,For development of two powerful technologies— Southern hybridization and DNA finger-printing — that together revolutionized human genetics and forensic diagnostics.,1/5,,Individual,Edwin Southern,1926-10-24,1926,Burnley,United Kingdom,,United Kingdom,Male,,,,,2013-06-30,Oxford,United Kingdom,,,
lasker_awards-000322,2005,Lasker–Bloomberg Public Service Award,Lasker Award,For creating one of the world’s great foundations devoted to curing breast cancer and dramatically increasing public awareness about this devastating disease.,1/5,,Individual,Nancy Brinker,1948-07-31,1948,New York,United States,,United States,Female,,,,,,,,,,
lasker_awards-000323,2006,Albert Lasker Basic Medical Research Award,Lasker Award,"For the prediction and discovery of telomerase, a remarkable RNA-containing enzyme that synthesizes the ends of chromosomes, protecting them and maintaining the integrity of the genome.",1/5,,Individual,Carol W. Greider,1966-04-15,1966,San Diego,United States,,United States,Female,,,,,,,,,,
lasker_awards-000324,2006,Albert Lasker Basic Medical Research Award,Lasker Award,"For the prediction and discovery of telomerase, a remarkable RNA-containing enzyme that synthesizes the ends of chromosomes, protecting them and maintaining the integrity of the genome.",1/5,,Individual,Elizabeth Blackburn,1957-12-26,1957,Sydney,Australia,,United States; Australia,Female,,,,,,,,,,
lasker_awards-000325,2006,Albert Lasker Basic Medical Research Award,Lasker Award,"For the prediction and discovery of telomerase, a remarkable RNA-containing enzyme that synthesizes the ends of chromosomes, protecting them and maintaining the integrity of the genome.",1/5,,Individual,Jack Szostak,1952-11-29,1952,Montreal,Canada,,United States,Male,,,,,,,,,,
lasker_awards-000326,2006,Lasker–DeBakey Clinical Medical Research Award,Lasker Award,"For the development of cognitive therapy, which has transformed the understanding and treatment of many psychiatric conditions, including depression, suicidal behavior, generalized anxiety, panic attacks, and eating disorders.",1/5,,Individual,Aaron T. Beck,1921-07-18,1921,Providence,United States,,United States,Male,,,,,2007-11-29,Philadelphia,United States,,,
lasker_awards-000327,2006,Lasker–Koshland Special Achievement Award in Medical Science,Lasker Award,For a distinguished 57-year career — as a founder of modern cell biology and the field of chromosome structure and function; bold experimentalist; inventor of in situ hybridization; and early champion of women in science.,1/5,,Individual,Joseph G. Gall,1926-09-20,1926,Washington,United States,,United States,Male,,,,,2014-01-26,Woods Hole,United States,,,
lasker_awards-000328,2007,Albert Lasker Basic Medical Research Award,Lasker Award,For the discovery of dendritic cells — the preeminent component of the immune system that initiates and regulates the body’s response to foreign antigens.,1/4,,Individual,Ralph M. Steinman,1926-01-14,1926,Montreal,Canada,,Canada; United States,Male,,,,,2011-09-30,Winnipeg,Canada,,,
lasker_awards-000329,2007,Lasker–DeBakey Clinical Medical Research Award,Lasker Award,"For the development of prosthetic mitral and aortic valves, which have prolonged and enhanced the lives of millions of people with heart disease.",1/4,,Individual,Alain Carpentier,1941-08-14,1941,Chirens,France,,United States,Male,,,,,,,,,,
lasker_awards-000330,2007,Lasker–DeBakey Clinical Medical Research Award,Lasker Award,"For the development of prosthetic mitral and aortic valves, which have prolonged and enhanced the lives of millions of people with heart disease.",1/4,,Individual,Albert Starr,1930-07-24,1930,Oakland,United States,,United States,Male,,,,,,,,,,
lasker_awards-000331,2007,Lasker–Bloomberg Public Service Award,Lasker Award,For his role as the principal architect of two major U.S. governmental programs — one aimed at AIDS and the other at biodefense.,1/4,,Individual,Anthony Fauci,1940-12-24,1940,New York,United States,,United States,Male,,,,,,,,,,
lasker_awards-000332,2008,Albert Lasker Basic Medical Research Award,Lasker Award,For discoveries that revealed an unanticipated world of tiny RNAs that regulate gene function in plants and animals.,1/5,,Individual,David C. Baulcombe,1952-10-21,1952,Cheshire,United Kingdom,,United States,Male,,,,,,,,,,
lasker_awards-000333,2008,Albert Lasker Basic Medical Research Award,Lasker Award,For discoveries that revealed an unanticipated world of tiny RNAs that regulate gene function in plants and animals.,1/5,,Individual,Gary B. Ruvkun,1952-08-12,1952,Cambridge,United States,,United States,Male,,,,,,,,,,
lasker_awards-000334,2008,Albert Lasker Basic Medical Research Award,Lasker Award,For discoveries that revealed an unanticipated world of tiny RNAs that regulate gene function in plants and animals.,1/5,,Individual,Victor R. Ambros,1953-01-16,1953,Portsmouth,United States,,United States,Male,,,,,,,,,,
lasker_awards-000335,2008,Lasker–DeBakey Clinical Medical Research Award,Lasker Award,For the discovery of the statins — drugs with remarkable LDL-cholesterol-lowering properties that have revolutionized the prevention and treatment of coronary heart disease.,1/5,,Individual,Akira Endo,1933-06-07,1933,Tokyo,Japan,,Japan,Male,,,,,2015-10-07,Tokyo,Japan,,,
lasker_awards-000336,2008,Lasker–Koshland Special Achievement Award in Medical Science,Lasker Award,"For a 51-year career as one of the great microbe hunters of all time — he discovered the molecular nature of antibiotic resistance, revolutionized the way we think about how pathogens cause disease, and mentored more than 100 students, many of whom are now distinguished leaders in the fields of microbiology and infectious diseases.",1/5,,Individual,Stanley Falkow,1934-02-14,1934,Wallace,United States,,United States,Male,,,,,2015-06-14,Pullman,United States,,,
lasker_awards-000337,2009,Albert Lasker Basic Medical Research Award,Lasker Award,"For discoveries concerning nuclear reprogramming, the process that instructs specialized adult cells to form early stem cells — creating the potential to become any type of mature cell for experimental or therapeutic purposes.",1/6,,Individual,John Gurdon,1933-10-02,1933,Drybrook,United Kingdom,,United Kingdom,Male,,,,,2023-04-19,Oxford,United Kingdom,,,
lasker_awards-000338,2009,Albert Lasker Basic Medical Research Award,Lasker Award,"For discoveries concerning nuclear reprogramming, the process that instructs specialized adult cells to form early stem cells — creating the potential to become any type of mature cell for experimental or therapeutic purposes.",1/6,,Individual,Shinya Yamanaka,1962-09-04,1962,Osaka,Japan,,Japan,Male,,,,,,,,,,
lasker_awards-000339,2009,Lasker–DeBakey Clinical Medical Research Award,Lasker Award,"For the development of molecularly-targeted treatments for chronic myeloid leukemia, converting a fatal cancer into a manageable chronic condition.",1/6,,Individual,Brian Druker,1955-01-30,1955,Portland,United States,,United States,Male,,,,,,,,,,
lasker_awards-000340,2009,Lasker–DeBakey Clinical Medical Research Award,Lasker Award,"For the development of molecularly-targeted treatments for chronic myeloid leukemia, converting a fatal cancer into a manageable chronic condition.",1/6,,Individual,Charles Sawyers,1954-08-15,1954,Newark,United States,,United States,Male,,,,,,,,,,
lasker_awards-000341,2009,Lasker–DeBakey Clinical Medical Research Award,Lasker Award,"For the development of molecularly-targeted treatments for chronic myeloid leukemia, converting a fatal cancer into a manageable chronic condition.",1/6,,Individual,Nicholas Lydon,1945-12-25,1945,,United States,,United States,Male,,,,,,,,,,
lasker_awards-000342,2009,Lasker–Bloomberg Public Service Award,Lasker Award,For employing sound science in political decision making; setting a world standard for the public’s health as an impetus for government action; leading the way to reduce the scourge of tobacco use; and advancing public health through enlightened philanthropy.,1/6,,Individual,Michael Bloomberg,1942-02-14,1942,Boston,United States,,United States,Male,,,,,,,,,,
lasker_awards-000343,2010,Albert Lasker Basic Medical Research Award,Lasker Award,"For the discovery of leptin, a hormone that regulates appetite and body weight — a breakthrough that opened obesity research to molecular exploration.",1/4,,Individual,Douglas L. Coleman,1922-09-12,1922,,Canada,,Canada; United States,Male,,,,,2014-05-12,,Canada,,,
lasker_awards-000344,2010,Albert Lasker Basic Medical Research Award,Lasker Award,"For the discovery of leptin, a hormone that regulates appetite and body weight — a breakthrough that opened obesity research to molecular exploration.",1/4,,Individual,Jeffrey M. Friedman,1953-11-09,1953,New York,United States,,United States,Male,,,,,,,,,,
lasker_awards-000345,2010,Lasker–DeBakey Clinical Medical Research Award,Lasker Award,"For the discovery of VEGF as a major mediator of angiogenesis and the development of an effective anti-VEGF therapy for wet macular degeneration, a leading cause of blindness in the elderly.",1/4,,Individual,Napoleone Ferrara,1954-12-10,1954,Latina,Italy,,United States,Male,,,,,2019-05-02,Rome,Italy,,,
lasker_awards-000346,2010,Lasker–Koshland Special Achievement Award in Medical Science,Lasker Award,For 50 years of international statesmanship in biomedical science — exemplified by discoveries concerning genetic diseases of the blood and for leadership in improving clinical care for thousands of children with thalassemia throughout the developing world.,1/4,,Individual,David Weatherall,1933-11-23,1933,Milverton,United Kingdom,,United Kingdom,Male,,,,,2004-08-13,Oxford,United Kingdom,,,
lasker_awards-000347,2011,Albert Lasker Basic Medical Research Award,Lasker Award,"For discoveries concerning the cell’s protein-folding machinery, exemplified by cage-like structures that convert newly made proteins into their biologically active forms.",1/4,,Individual,Arthur L. Horwich,1951-10-22,1951,Denver,United States,,United States,Male,,,,,,,,,,
lasker_awards-000348,2011,Albert Lasker Basic Medical Research Award,Lasker Award,"For discoveries concerning the cell’s protein-folding machinery, exemplified by cage-like structures that convert newly made proteins into their biologically active forms.",1/4,,Individual,Franz-Ulrich Hartl,1952-07-01,1952,Offenbach,Germany,,Germany,Male,,,,,,,,,,
lasker_awards-000349,2011,Lasker–DeBakey Clinical Medical Research Award,Lasker Award,"For the discovery of artemisinin, a drug therapy for malaria that has saved millions of lives across the globe, especially in the developing world.",1/4,,Individual,Tu Youyou,1930-12-30,1930,Ningbo,China,,China,Female,,,,,,,,,,
lasker_awards-000350,2011,Lasker–Bloomberg Public Service Award,Lasker Award,"For serving since its inception as a model research hospital — providing innovative therapy and high-quality patient care, treating rare and severe diseases, and producing outstanding physician-scientists whose collective work has set a standard of excellence in biomedical research.",1/4,,Organization,The Clinical Center of the National Institutes of Health,,,,,,United States,,,,,,,,,,,
lasker_awards-000351,2012,Albert Lasker Basic Medical Research Award,Lasker Award,"For discoveries concerning cytoskeletal motor proteins, machines that move cargoes within cells, contract muscles, and enable cell movements.",1/7,,Individual,James Spudich,1957-12-16,1957,New York,United States,,United States,Male,,,,,,,,,,
lasker_awards-000352,2012,Albert Lasker Basic Medical Research Award,Lasker Award,"For discoveries concerning cytoskeletal motor proteins, machines that move cargoes within cells, contract muscles, and enable cell movements.",1/7,,Individual,Michael Sheetz,1952-02-23,1952,New York,United States,,United States,Male,,,,,,,,,,
lasker_awards-000353,2012,Albert Lasker Basic Medical Research Award,Lasker Award,"For discoveries concerning cytoskeletal motor proteins, machines that move cargoes within cells, contract muscles, and enable cell movements.",1/7,,Individual,Ronald Vale,1952-10-03,1952,Cleveland,United States,,United States,Male,,,,,,,,,,
lasker_awards-000354,2012,Lasker–DeBakey Clinical Medical Research Award,Lasker Award,"For the development of liver transplantation, which has restored normal life to thousands of patients with end-stage liver disease.",1/7,,Individual,Roy Calne,1930-03-30,1930,Bristol,United Kingdom,,United Kingdom,Male,,,,,2012-05-29,Cambridge,United Kingdom,,,
lasker_awards-000355,2012,Lasker–DeBakey Clinical Medical Research Award,Lasker Award,"For the development of liver transplantation, which has restored normal life to thousands of patients with end-stage liver disease.",1/7,,Individual,Thomas E. Starzl,1926-03-11,1926,Le Mars,United States,,United States,Male,,,,,1991-03-04,Pittsburgh,United States,,,
lasker_awards-000356,2012,Lasker–Koshland Special Achievement Award in Medical Science,Lasker Award,For exceptional leadership and citizenship in biomedical science—exemplified by fundamental discoveries concerning the nature of genes; by selfless commitment to young scientists; and by disseminating revolutionary technologies to the scientific community.,1/7,,Individual,Donald D. Brown,1929-06-20,1929,Providence,United States,,United States,Male,,,,,2004-11-06,Durham,United States,,,
lasker_awards-000357,2012,Lasker–Koshland Special Achievement Award in Medical Science,Lasker Award,For exceptional leadership and citizenship in biomedical science—exemplified by fundamental discoveries concerning the nature of genes; by selfless commitment to young scientists; and by disseminating revolutionary technologies to the scientific community.,1/7,,Individual,Tom Maniatis,1953-10-27,1953,Amherst,United States,,United States,Male,,,,,,,,,,
lasker_awards-000358,2013,Albert Lasker Basic Medical Research Award,Lasker Award,For discoveries concerning the molecular machinery and regulatory mechanism that underlie the rapid release of neurotransmitters.,1/7,,Individual,Richard H. Scheller,1949-08-18,1949,New Rochelle,United States,,United States,Male,,,,,2006-04-09,Bend,United States,,,
lasker_awards-000359,2013,Albert Lasker Basic Medical Research Award,Lasker Award,For discoveries concerning the molecular machinery and regulatory mechanism that underlie the rapid release of neurotransmitters.,1/7,,Individual,Thomas C. Südhof,1955-12-22,1955,Göttingen,Germany,,United States; Germany,Male,,,,,,,,,,
lasker_awards-000360,2013,Lasker–DeBakey Clinical Medical Research Award,Lasker Award,For the development of the modern cochlear implant — a device that bestows hearing to individuals with profound deafness.,1/7,,Individual,Blake S. Wilson,1953-06-30,1953,Memphis,United States,,United States,Male,,,,,,,,,,
lasker_awards-000361,2013,Lasker–DeBakey Clinical Medical Research Award,Lasker Award,For the development of the modern cochlear implant — a device that bestows hearing to individuals with profound deafness.,1/7,,Individual,Graeme Milbourne Clark,1935-01-01,1935,Sydney,Australia,,United States,Male,,,,,2014-04-26,Melbourne,Australia,,,
lasker_awards-000362,2013,Lasker–DeBakey Clinical Medical Research Award,Lasker Award,For the development of the modern cochlear implant — a device that bestows hearing to individuals with profound deafness.,1/7,,Individual,Ingeborg Hochmair,1957-04-30,1957,Salzburg,Austria,,Austria,Female,,,,,,,,,,
lasker_awards-000363,2013,Lasker–Bloomberg Public Service Award,Lasker Award,For leading a historic transformation in the way we view the globe’s most pressing health concerns and improving the lives of millions of the world’s most vulnerable.,1/7,,Individual,Bill Gates,1955-10-28,1955,Seattle,United States,,United States,Male,,,,,,,,,,
lasker_awards-000364,2013,Lasker–Bloomberg Public Service Award,Lasker Award,For leading a historic transformation in the way we view the globe’s most pressing health concerns and improving the lives of millions of the world’s most vulnerable.,1/7,,Individual,Melinda Gates,1960-08-15,1960,Dallas,United States,,United States,Female,,,,,,,,,,
lasker_awards-000365,2014,Albert Lasker Basic Medical Research Award,Lasker Award,For discoveries concerning the unfolded protein response — an intracellular quality-control system that detects harmful misfolded proteins in the endoplasmic reticulum and signals the nucleus to carry out corrective measures.,1/5,,Individual,Kazutoshi Mori,1952-01-15,1952,Osaka,Japan,,Japan,Male,,,,,,,,,,
lasker_awards-000366,2014,Albert Lasker Basic Medical Research Award,Lasker Award,For discoveries concerning the unfolded protein response — an intracellular quality-control system that detects harmful misfolded proteins in the endoplasmic reticulum and signals the nucleus to carry out corrective measures.,1/5,,Individual,Peter Walter,1950-08-04,1950,Hannover,Germany,,United States; Germany,Male,,,,,,,,,,
lasker_awards-000367,2014,Lasker–DeBakey Clinical Medical Research Award,Lasker Award,"For the development of deep brain stimulation of the subthalamic nucleus, a surgical technique that reduces tremors and restores motor function in patients with advanced Parkinson’s disease.",1/5,,Individual,Alim-Louis Benabid,1954-04-18,1954,Corolleu,France,,United States,Male,,,,,,,,,,
lasker_awards-000368,2014,Lasker–DeBakey Clinical Medical Research Award,Lasker Award,"For the development of deep brain stimulation of the subthalamic nucleus, a surgical technique that reduces tremors and restores motor function in patients with advanced Parkinson’s disease.",1/5,,Individual,Mahlon R. DeLong,1942-07-10,1942,Meriden,United States,,United States,Male,,,,,,,,,,
lasker_awards-000369,2014,Lasker–Koshland Special Achievement Award in Medical Science,Lasker Award,"For bold, imaginative, and diverse contributions to medical science and human rights — she discovered the BRCA1 gene locus that causes hereditary breast cancer and deployed DNA strategies that reunite missing persons or their remains with their families.",1/5,,Individual,Mary-Claire King,1946-02-27,1946,Chicago,United States,,United States,Female,,,,,,,,,,
lasker_awards-000370,2015,Albert Lasker Basic Medical Research Award,Lasker Award,For discoveries concerning the DNA-damage response—a fundamental mechanism that protects the genomes of all living organisms.,1/4,,Individual,Evelyn M. Witkin,1921-04-01,1921,Amherst,United States,,United States,Female,,,,,2001-10-09,Syracuse,United States,,,
lasker_awards-000371,2015,Albert Lasker Basic Medical Research Award,Lasker Award,For discoveries concerning the DNA-damage response—a fundamental mechanism that protects the genomes of all living organisms.,1/4,,Individual,Stephen J. Elledge,1966-01-30,1966,New York,United States,,United States,Male,,,,,,,,,,
lasker_awards-000372,2015,Lasker–DeBakey Clinical Medical Research Award,Lasker Award,For the discovery and development of a monoclonal antibody therapy that unleashes the immune system to combat cancer.,1/4,,Individual,James P. Allison,1957-08-01,1957,Alice,United States,,United States,Male,,,,,,,,,,
lasker_awards-000373,2015,Lasker–Bloomberg Public Service Award,Lasker Award,For bold leadership in responding to the recent Ebola outbreak in Africa and for sustained and effective frontline responses to health emergencies.,1/4,,Organization,Médecins Sans Frontières,,,,,,Switzerland,,,,,,,,,,,
lasker_awards-000374,2016,Albert Lasker Basic Medical Research Award,Lasker Award,For the discovery of the pathway by which cells from humans and most animals sense and adapt to changes in oxygen availability – a process essential for survival.,1/7,,Individual,Gregg L. Semenza,1956-07-12,1956,Elyria,United States,,United States,Male,,,,,,,,,,
lasker_awards-000375,2016,Albert Lasker Basic Medical Research Award,Lasker Award,For the discovery of the pathway by which cells from humans and most animals sense and adapt to changes in oxygen availability – a process essential for survival.,1/7,,Individual,Peter J. Ratcliffe,1954-12-21,1954,Lancashire,United Kingdom,,United Kingdom,Male,,,,,,,,,,
lasker_awards-000376,2016,Albert Lasker Basic Medical Research Award,Lasker Award,For the discovery of the pathway by which cells from humans and most animals sense and adapt to changes in oxygen availability – a process essential for survival.,1/7,,Individual,William Kaelin Jr.,1952-03-23,1952,New York,United States,,United States,Male,,,,,,,,,,
lasker_awards-000377,2016,Lasker–DeBakey Clinical Medical Research Award,Lasker Award,"For development of a system to study the replication of the virus that causes hepatitis C and for use of this system to revolutionize the treatment of this chronic, often lethal disease.",1/7,,Individual,Charles M. Rice,1952,1952,Sacramento,United States,,United States,Male,,,,,,,,,,
lasker_awards-000378,2016,Lasker–DeBakey Clinical Medical Research Award,Lasker Award,"For development of a system to study the replication of the virus that causes hepatitis C and for use of this system to revolutionize the treatment of this chronic, often lethal disease.",1/7,,Individual,Michael J. Sofia,1957,1957,,United States,,United States,Male,,,,,,,,,,
lasker_awards-000379,2016,Lasker–DeBakey Clinical Medical Research Award,Lasker Award,"For development of a system to study the replication of the virus that causes hepatitis C and for use of this system to revolutionize the treatment of this chronic, often lethal disease.",1/7,,Individual,Ralf F. W. Bartenschlager,1962,1962,Darmstadt,Germany,,Germany,Male,,,,,,,,,,
lasker_awards-000380,2016,Lasker–Koshland Special Achievement Award in Medical Science,Lasker Award,For fundamental discoveries in DNA replication and protein biochemistry; for visionary leadership in directing national and international scientific organizations to better people’s lives; and for passionate dedication to improving education in science and mathematics.,1/7,,Individual,Bruce M. Alberts,1949,1949,Chicago,United States,,United States,Male,,,,,,,,,,
lasker_awards-000381,2017,Albert Lasker Basic Medical Research Award,Lasker Award,For discoveries concerning the nutrient-activated TOR proteins and their central role in the metabolic control of cell growth,1/4,,Individual,Michael N. Hall,1952,1952,Zurich,Switzerland,,United States; Switzerland,Male,,,,,,,,,,
lasker_awards-000382,2017,Lasker–DeBakey Clinical Medical Research Award,Lasker Award,For technological advances that enabled development of HPV vaccines for prevention of cervical cancer and other tumors caused by human papillomaviruses,1/4,,Individual,Douglas R. Lowy,1949,1949,Pittsburgh,United States,,United States,Male,,,,,,,,,,
lasker_awards-000383,2017,Lasker–DeBakey Clinical Medical Research Award,Lasker Award,For technological advances that enabled development of HPV vaccines for prevention of cervical cancer and other tumors caused by human papillomaviruses,1/4,,Individual,John T. Schiller,1955,1955,,United States,,United States,Male,,,,,,,,,,
lasker_awards-000384,2017,Lasker–Bloomberg Public Service Award,Lasker Award,For providing essential health services and reproductive care to millions of women for more than a century,1/4,,Organization,Planned Parenthood,,,,,,United States,,,,,,,,,,,
lasker_awards-000385,2018,Albert Lasker Basic Medical Research Award,Lasker Award,For discoveries elucidating how gene expression is influenced by chemical modification of histones—the proteins that package DNA within chromosomes.,1/4,,Individual,C. David Allis,1949,1949,,United States,,United States,Male,,,,,,,,,,
lasker_awards-000386,2018,Albert Lasker Basic Medical Research Award,Lasker Award,For discoveries elucidating how gene expression is influenced by chemical modification of histones—the proteins that package DNA within chromosomes.,1/4,,Individual,Michael Grunstein,1952,1952,,United States,,United States,Male,,,,,,,,,,
lasker_awards-000387,2018,Lasker–DeBakey Clinical Medical Research Award,Lasker Award,"For the discovery and development of propofol, a chemical whose rapid action and freedom from residual effects have made it the most widely used agent for induction of anesthesia in patients throughout the world.",1/4,,Individual,John B. Glen,1952,1952,,United Kingdom,,United Kingdom,Male,,,,,,,,,,
lasker_awards-000388,2018,Lasker–Koshland Special Achievement Award in Medical Science,Lasker Award,"For four decades of leadership in biomedical science—exemplified by pioneering discoveries in RNA biology, generous mentorship of budding scientists, and vigorous and passionate support of women in science.",1/4,,Individual,Joan Argetsinger Steitz,1938,1938,,United States,,United States,Female,,,,,,,,,,
lasker_awards-000389,2019,Albert Lasker Basic Medical Research Award,Lasker Award,"For their discovery of the two distinct classes of lymphocytes, B and T cells – a monumental achievement that provided the organizing principle of the adaptive immune system and launched the course of modern immunology",1/6,,Individual,Jacques Miller,1931-04-06,1931,Badung,Indonesia,,France; Australia,Male,,,,,,,,,,
lasker_awards-000390,2019,Albert Lasker Basic Medical Research Award,Lasker Award,"For their discovery of the two distinct classes of lymphocytes, B and T cells – a monumental achievement that provided the organizing principle of the adaptive immune system and launched the course of modern immunology",1/6,,Individual,Max Dale Cooper,1943,1943,,United States,,United States,Male,,,,,,,,,,
lasker_awards-000391,2019,Lasker–DeBakey Clinical Medical Research Award,Lasker Award,"For their invention of Herceptin, the first monoclonal antibody that blocks a cancer-causing protein, and for its development as a life-saving therapy for women with breast cancer",1/6,,Individual,Axel Ullrich,1953,1953,Wuppertal,Germany,,Germany,Male,,,,,,,,,,
lasker_awards-000392,2019,Lasker–DeBakey Clinical Medical Research Award,Lasker Award,"For their invention of Herceptin, the first monoclonal antibody that blocks a cancer-causing protein, and for its development as a life-saving therapy for women with breast cancer",1/6,,Individual,Dennis J. Slamon,1954,1954,,United States,,United States,Male,,,,,,,,,,
lasker_awards-000393,2019,Lasker–DeBakey Clinical Medical Research Award,Lasker Award,"For their invention of Herceptin, the first monoclonal antibody that blocks a cancer-causing protein, and for its development as a life-saving therapy for women with breast cancer",1/6,,Individual,H. Michael Shepard,1962,1962,,United States,,United States,Male,,,,,,,,,,
lasker_awards-000394,2019,Lasker–Bloomberg Public Service Award,Lasker Award,"For providing sustained access to childhood vaccines around the globe, saving millions of lives, and for highlighting the power of immunization to prevent disease",1/6,,Organization,"Gavi, the Vaccine Alliance",,,,,,United States,,,,,,,,,,,
lasker_awards-000395,2021,Albert Lasker Basic Medical Research Award,Lasker Award,For the discovery of light-sensitive microbial proteins that can activate or silence individual brain cells and for their use in developing optogenetics—a revolutionary technique for neuroscience,1/6,,Individual,Dieter Oesterhelt,1940,1940,Saarland,Germany,,Germany,Male,,,,,,,,,,
lasker_awards-000396,2021,Albert Lasker Basic Medical Research Award,Lasker Award,For the discovery of light-sensitive microbial proteins that can activate or silence individual brain cells and for their use in developing optogenetics—a revolutionary technique for neuroscience,1/6,,Individual,Karl Deisseroth,1975,1975,,United States,,United States,Male,,,,,,,,,,
lasker_awards-000397,2021,Albert Lasker Basic Medical Research Award,Lasker Award,For the discovery of light-sensitive microbial proteins that can activate or silence individual brain cells and for their use in developing optogenetics—a revolutionary technique for neuroscience,1/6,,Individual,Peter Hegemann,1954,1954,Ludwigshafen,Germany,,Germany,Male,,,,,,,,,,
lasker_awards-000398,2021,Lasker–DeBakey Clinical Medical Research Award,Lasker Award,For the discovery of a new therapeutic technology based on the modification of messenger RNA—enabling rapid development of highly effective Covid-19 vaccines,1/6,,Individual,Drew Weissman,1966,1966,,United States,,United States,Male,,,,,,,,,,
lasker_awards-000399,2021,Lasker–DeBakey Clinical Medical Research Award,Lasker Award,For the discovery of a new therapeutic technology based on the modification of messenger RNA—enabling rapid development of highly effective Covid-19 vaccines,1/6,,Individual,Katalin Karikó,1955,1955,Szolnok,Hungary,,Hungary; United States,Female,,,,,,,,,,
lasker_awards-000400,2021,Lasker–Koshland Special Achievement Award in Medical Science,Lasker Award,"As one of the premier biomedical scientists of the last five decades, he is renowned for the breadth and beauty of his discoveries in virology, immunology, and cancer; for his academic leadership; for his mentorship of prominent scientists; and for his influence as a public advocate for science",1/6,,Individual,David Baltimore,1938,1938,Baltimore,United States,,United States,Male,,,,,,,,,,
lasker_awards-000401,2022,Albert Lasker Basic Medical Research Award,Lasker Award,For discoveries concerning the integrins—key mediators of cell-matrix and cell-cell adhesion in physiology and disease,1/5,,Individual,Erkki Ruoslahti,1944,1944,,United States,,United States,Male,,,,,,,,,,
lasker_awards-000402,2022,Albert Lasker Basic Medical Research Award,Lasker Award,For discoveries concerning the integrins—key mediators of cell-matrix and cell-cell adhesion in physiology and disease,1/5,,Individual,Richard O. Hynes,1957,1957,,United States,,United States,Male,,,,,,,,,,
lasker_awards-000403,2022,Albert Lasker Basic Medical Research Award,Lasker Award,For discoveries concerning the integrins—key mediators of cell-matrix and cell-cell adhesion in physiology and disease,1/5,,Individual,Timothy A. Springer,1959,1959,,United States,,United States,Male,,,,,,,,,,
lasker_awards-000404,2022,Lasker–DeBakey Clinical Medical Research Award,Lasker Award,"For the discovery of fetal DNA in maternal blood, leading to noninvasive prenatal testing for Down syndrome",1/5,,Individual,Yuk Ming Dennis Lo,1961,1961,,United States,,United States,Male,,,,,,,,,,
lasker_awards-000405,2022,Lasker–Bloomberg Public Service Award,Lasker Award,"For creating the Covid-19 Dashboard, which set a new standard for disseminating authoritative public health data in real time",1/5,,Individual,Lauren Gardner,1990,1990,,United States,,United States,Female,,,,,,,,,,
lasker_awards-000406,2023,Albert Lasker Basic Medical Research Award,Lasker Award,"For the invention of AlphaFold, a revolutionary technology for predicting the three-dimensional structure of proteins",1/6,,Individual,Demis Hassabis,1983,1983,London,United Kingdom,,United Kingdom,Male,,,,,,,,,,
lasker_awards-000407,2023,Albert Lasker Basic Medical Research Award,Lasker Award,"For the invention of AlphaFold, a revolutionary technology for predicting the three-dimensional structure of proteins",1/6,,Individual,John M. Jumper,1986,1986,,United States,,United States,Male,,,,,,,,,,
lasker_awards-000408,2023,Lasker–DeBakey Clinical Medical Research Award,Lasker Award,"For the invention of optical coherence tomography, a technology that revolutionized ophthalmology—allowing rapid detection of diseases of the retina that impair vision",1/6,,Individual,David Huang,1960,1960,,United States,,United States,Male,,,,,,,,,,
lasker_awards-000409,2023,Lasker–DeBakey Clinical Medical Research Award,Lasker Award,"For the invention of optical coherence tomography, a technology that revolutionized ophthalmology—allowing rapid detection of diseases of the retina that impair vision",1/6,,Individual,Eric A. Swanson,1961,1961,,United States,,United States,Male,,,,,,,,,,
lasker_awards-000410,2023,Lasker–DeBakey Clinical Medical Research Award,Lasker Award,"For the invention of optical coherence tomography, a technology that revolutionized ophthalmology—allowing rapid detection of diseases of the retina that impair vision",1/6,,Individual,James G. Fujimoto,1963,1963,,United States,,United States,Male,,,,,,,,,,
lasker_awards-000411,2023,Lasker–Koshland Special Achievement Award in Medical Science,Lasker Award,"For an exceptional 50-year career of scientific discovery, mentorship, and leadership",1/6,,Individual,Piet Borst,1931-05-28,1931,Utrecht,Netherlands,,Netherlands,Male,,,,,2007-05-04,Amsterdam,Netherlands,,,
lasker_awards-000412,2024,Albert Lasker Basic Medical Research Award,Lasker Award,"For the discovery of the cGAS enzyme that senses foreign and self DNA, solving the mystery of how DNA stimulates immune and inflammatory responses",1/6,,Individual,Zhijian Chen,1963,1963,,United States,,United States,Male,,,,,,,,,,
lasker_awards-000413,2024,Lasker–DeBakey Clinical Medical Research Award,Lasker Award,For the discovery and development of GLP-1-based drugs that have revolutionized the treatment of obesity,1/6,,Individual,Joel Habener,1936,1936,,United States,,United States,Male,,,,,,,,,,
lasker_awards-000414,2024,Lasker–DeBakey Clinical Medical Research Award,Lasker Award,For the discovery and development of GLP-1-based drugs that have revolutionized the treatment of obesity,1/6,,Individual,Lotte Bjerre Knudsen,1957,1957,Copenhagen,Denmark,,Denmark,Female,,,,,,,,,,
lasker_awards-000415,2024,Lasker–DeBakey Clinical Medical Research Award,Lasker Award,For the discovery and development of GLP-1-based drugs that have revolutionized the treatment of obesity,1/6,,Individual,Svetlana Mojsov,1956,1956,,United States,,United States,Female,,,,,,,,,,
lasker_awards-000416,2024,Lasker–Bloomberg Public Service Award,Lasker Award,For illuminating key drivers of heterosexual HIV transmission; introducing life-saving approaches to prevent and treat HIV; and statesmanship in public health policy and advocacy,1/6,,Individual,Quarraisha Abdool Karim,1972,1972,,South Africa,,South Africa,Female,,,,,,,,,,
lasker_awards-000417,2024,Lasker–Bloomberg Public Service Award,Lasker Award,For illuminating key drivers of heterosexual HIV transmission; introducing life-saving approaches to prevent and treat HIV; and statesmanship in public health policy and advocacy,1/6,,Individual,Salim S. Abdool Karim,1957,1957,,South Africa,,South Africa,Male,,,,,,,,,,
lasker_awards-000418,2025,Albert Lasker Basic Medical Research Award,Lasker Award,"For discoveries that exposed the structures and functions of low-complexity domains within protein sequences, revealing new principles of intracellular transport and cellular organization",1/6,,Individual,Dirk Görlich,1960,1960,,United States,,United States,Male,,,,,,,,,,
lasker_awards-000419,2025,Albert Lasker Basic Medical Research Award,Lasker Award,"For discoveries that exposed the structures and functions of low-complexity domains within protein sequences, revealing new principles of intracellular transport and cellular organization",1/6,,Individual,Steven L. McKnight,1954,1954,,United States,,United States,Male,,,,,,,,,,
lasker_awards-000420,2025,Lasker–DeBakey Clinical Medical Research Award,Lasker Award,For their key roles in developing a novel treatment for cystic fibrosis—a triple-drug combination that saves the lives of people with this lethal genetic disease,1/6,,Individual,Jesús (Tito) González,1964,1964,,United States,,United States,Male,,,,,,,,,,
lasker_awards-000421,2025,Lasker–DeBakey Clinical Medical Research Award,Lasker Award,For their key roles in developing a novel treatment for cystic fibrosis—a triple-drug combination that saves the lives of people with this lethal genetic disease,1/6,,Individual,Michael J. Welsh,1957,1957,,United States,,United States,Male,,,,,,,,,,
lasker_awards-000422,2025,Lasker–DeBakey Clinical Medical Research Award,Lasker Award,For their key roles in developing a novel treatment for cystic fibrosis—a triple-drug combination that saves the lives of people with this lethal genetic disease,1/6,,Individual,Paul A. Negulescu,1960,1960,,United States,,United States,Male,,,,,,,,,,
lasker_awards-000423,2025,Lasker–Koshland Special Achievement Award in Medical Science,Lasker Award,For a 55-year career in biomedical science—honored for discovering how bacteria coordinate their genetic logic in time and space to generate distinct daughter cells; for founding Stanford’s distinguished Department of Developmental Biology; and for exemplary leadership at the national level,1/6,,Individual,Lucy Shapiro,1946,1946,,United States,,United States,Female,,,,,,,,,,
