award_record_id	affiliation_name	affiliation_sub_name	affiliation_wikidata_qid	affiliation_city	affiliation_country	affiliation_coordinates
abel_prize-000001	Collège de France		Q202660	Paris	France	2.3456,48.8492
abel_prize-000002	University of Edinburgh			Edinburgh	United Kingdom	-3.1872,55.9474
abel_prize-000003	Massachusetts Institute of Technology		Q49108	Cambridge	United States	-71.0919,42.3597
abel_prize-000004	Courant Institute of Mathematical Sciences		Q946028	New York	United States	-73.9955,40.7286
abel_prize-000005	Royal Institute of Technology		Q854280	Stockholm	Sweden	18.0728,59.3472
abel_prize-000006	Courant Institute of Mathematical Sciences		Q946028	New York	United States	-73.9955,40.7286
abel_prize-000007	University of Florida			Gainesville	United States	-82.3450,29.6475
abel_prize-000008	Collège de France		Q202660	Paris	France	2.3456,48.8492
abel_prize-000009	Institut des Hautes Études Scientifiques		Q1156553	Bures-sur-Yvette	France	2.1691,48.6950
abel_prize-000010	University of Texas at Austin			Austin	United States	-97.7394,30.2861
abel_prize-000011	Stony Brook University			Stony Brook	United States	-73.1246,40.9173
abel_prize-000012	Rutgers University		Q499451	New Brunswick	United States	-74.4481,40.5017
abel_prize-000013	Institute for Advanced Study		Q635642	Princeton	United States	-74.6678,40.3317
abel_prize-000014	Princeton University		Q21578	Princeton	United States	-74.6561,40.3453
abel_prize-000015	Princeton University		Q21578	Princeton	United States	-74.6561,40.3453
abel_prize-000016	Courant Institute of Mathematical Sciences		Q946028	New York	United States	-73.9955,40.7286
abel_prize-000017	University of Oxford		Q34433	Oxford	United Kingdom	-1.2550,51.7550
abel_prize-000018	École Normale Supérieure Paris-Saclay			Cachan	France	2.3253,48.7891
abel_prize-000019	Institute for Advanced Study		Q635642	Princeton	United States	-74.6678,40.3317
abel_prize-000020	University of Texas at Austin			Austin	United States	-97.7394,30.2861
abel_prize-000021	Hebrew University of Jerusalem		Q174158	Jerusalem	Israel	35.2000,31.7758
abel_prize-000022	Yale University		Q49112	New Haven	United States	-72.9267,41.3111
abel_prize-000023	Eötvös Loránd University		Q390287	Budapest	Hungary	19.0585,47.4906
abel_prize-000024	Institute for Advanced Study		Q635642	Princeton	United States	-74.6678,40.3317
abel_prize-000025	Stony Brook University			Stony Brook	United States	-73.1246,40.9173
abel_prize-000026	University of Texas at Austin			Austin	United States	-97.7394,30.2861
abel_prize-000027	Centre National de la Recherche Scientifique		Q280413	Paris	France	2.2640,48.8477
abel_prize-000028	Kyoto University Institute for Advanced Study		Q138314106	Kyoto	Japan	135.7784,35.0256
abel_prize-000029	Max Planck Society	Max Planck Institute for Mathematics	Q158085	Bonn	Germany	7.0983,50.7344
breakthrough-000001	Massachusetts Institute of Technology		Q49108	Cambridge	United States	-71.0919,42.3597
breakthrough-000002	California Institute of Technology		Q161562	Pasadena	United States	-118.1244,34.1385
breakthrough-000003	Stanford University		Q41506	Stanford	United States	-122.1700,37.4275
breakthrough-000004	Harish-Chandra Research Institute, Allahabad			Prayagraj	India	81.8500,25.4500
breakthrough-000005	Institute for Advanced Study		Q635642	Princeton	United States	-74.6678,40.3317
breakthrough-000006	Institute for Advanced Study		Q635642	Princeton	United States	-74.6678,40.3317
breakthrough-000007	Institut des Hautes Études Scientifiques		Q1156553	Bures-sur-Yvette	France	2.1691,48.6950
breakthrough-000008	Institute for Advanced Study		Q635642	Princeton	United States	-74.6678,40.3317
breakthrough-000009	Institute for Advanced Study		Q635642	Princeton	United States	-74.6678,40.3317
breakthrough-000010	Princeton University		Q21578	Princeton	United States	-74.6561,40.3453
breakthrough-000011	Howard Hughes Medical Institute; Johns Hopkins University			Chevy Chase	United States	
breakthrough-000012	Howard Hughes Medical Institute; Memorial Sloan-Kettering Cancer Center			Chevy Chase	United States	
breakthrough-000013	Rockefeller University		Q270272	New York	United States	-73.9556,40.7625
breakthrough-000014	Princeton University		Q21578	Princeton	United States	-74.6561,40.3453
breakthrough-000015	Massachusetts Institute of Technology; Broad Institute			Cambridge	United States	
breakthrough-000016	Hubrecht Institute		Q2512544	Utrecht	Netherlands	5.1777,52.0899
breakthrough-000017	Harvard Medical School; Weill Cornell Medical College			Boston	United States	
breakthrough-000018	University of California, San Diego		Q622664	La Jolla	United States	-117.2361,32.8789
breakthrough-000019	Massachusetts Institute of Technology; Whitehead Institute			Cambridge	United States	
breakthrough-000020	Kyoto University; J. David Gladstone Institutes; University of California, San Francisco			Kyoto	Japan	
breakthrough-000021	Rockefeller University		Q270272	New York	United States	-73.9556,40.7625
breakthrough-000022	CERN		Q42944	Meyrin	Switzerland	6.0491,46.2345
breakthrough-000023	University of Cambridge		Q35794	Cambridge	United Kingdom	0.1132,52.2054
breakthrough-000024	California Institute of Technology and Cambridge University, Cambridge, UK			Cambridge	United Kingdom	
breakthrough-000025	California Institute of Technology		Q161562	Pasadena	United States	-118.1244,34.1385
breakthrough-000026	M. D. Anderson Cancer Center			Houston	United States	
breakthrough-000027	Emory University		Q621043	Atlanta	United States	-84.3242,33.7925
breakthrough-000028	Biozentrum University of Basel		Q864916	Basel	Switzerland	7.5801,47.5637
breakthrough-000029	Yale University	School of Medicine	Q49112	New Haven	United States	-72.9339,41.3032
breakthrough-000030	Massachusetts Institute of Technology		Q49108	Cambridge	United States	-71.0919,42.3597
breakthrough-000031	University of California, Berkeley and Lawrence Berkeley National Laboratory; Australian National University;Johns Hopkins University and Space Telescope Science Institute		Q168756	Baltimore	United States	
breakthrough-000032	Joseph Fourier University		Q955647	Grenoble	France	5.7731,45.1917
breakthrough-000033	Rockefeller University		Q270272	New York	United States	-73.9556,40.7625
breakthrough-000034	University of California, Berkeley; Howard Hughes Medical Institute; Lawrence Berkeley National Laboratory		Q168756	Berkeley	United States	
breakthrough-000035	University of Massachusetts	UMass Chan Medical School	Q7895715	Worcester	United States	-71.7624,42.2768
breakthrough-000036	Harvard University		Q13371	Cambridge	United States	-71.1169,42.3744
breakthrough-000037	Institut des Hautes Études Scientifiques		Q1156553	Bures-sur-Yvette	France	2.1691,48.6950
breakthrough-000038	Institute for Advanced Study		Q635642	Princeton	United States	-74.6678,40.3317
breakthrough-000039	Stony Brook University; Imperial College London			Stony Brook	United States	
breakthrough-000040	University of California, Los Angeles		Q174710	Los Angeles	United States	-118.4428,34.0722
breakthrough-000041	Sudbury Neutrino Observatory		Q176822	Sudbury	Canada	-81.1728,46.4667
breakthrough-000042	Queen's University		Q1420038	Kingston	Canada	-76.4950,44.2250
breakthrough-000043	High Energy Accelerator Research Organization (KEK)		Q2165768	Tsukuba	Japan	140.0769,36.1486
breakthrough-000044	Kavli Institute for the Physics and Mathematics of the Universe, University of Tokyo			Kashiwa	Japan	
breakthrough-000045	Chinese Academy of Sciences, University of California, Berkeley		Q168756	Berkeley	United States	
breakthrough-000046	Massachusetts Institute of Technology		Q49108	Cambridge	United States	-71.0919,42.3597
breakthrough-000047	University of Texas Southwestern Medical Center; Howard Hughes Medical Institute			Dallas	United States	
breakthrough-000048	University College London		Q193196	London	United Kingdom	-0.1336,51.5247
breakthrough-000049	Max Planck Society	Max Planck Institute for Evolutionary Anthropology	Q158085	Leipzig	Germany	12.3944,51.3206
breakthrough-000050	University of California, Berkeley; Institute for Advanced Study		Q168756	Berkeley	United States	
breakthrough-000051						
breakthrough-000052	California Institute of Technology		Q161562	Pasadena	United States	-118.1244,34.1385
breakthrough-000053	Harvard University		Q13371	Cambridge	United States	-71.1169,42.3744
breakthrough-000054	University of California, Santa Barbara		Q263064	Santa Barbara	United States	-119.8464,34.4163
breakthrough-000055	University of California, Santa Cruz		Q1047293	Santa Cruz	United States	-122.0608,36.9914
breakthrough-000056	Baylor College of Medicine		Q2892284	Houston	United States	-95.3965,29.7105
breakthrough-000057	Stanford University; Howard Hughes Medical Institute			Stanford	United States	
breakthrough-000058	Brigham and Women's Hospital; Harvard Medical School; Howard Hughes Medical Institute			Boston	United States	
breakthrough-000059	Tokyo Institute of Technology		Q587326	Tokyo	Japan	139.6839,35.6050
breakthrough-000060	Institute for Advanced Study		Q635642	Princeton	United States	-74.6678,40.3317
breakthrough-000061	Johns Hopkins University		Q193727	Baltimore	United States	-76.6206,39.3289
breakthrough-000062	University of British Columbia		Q391028	Vancouver	Canada	-123.2528,49.2647
breakthrough-000063	Princeton University		Q21578	Princeton	United States	-74.6561,40.3453
breakthrough-000064	University of California, San Diego		Q622664	La Jolla	United States	-117.2361,32.8789
breakthrough-000065	Salk Institute for Biological Studies; Howard Hughes Medical Institute			La Jolla	United States	
breakthrough-000066	University of Oxford		Q34433	Oxford	United Kingdom	-1.2550,51.7550
breakthrough-000067	University of California, San Francisco; Howard Hughes Medical Institute			San Francisco	United States	
breakthrough-000068	University of Utah		Q168515	Salt Lake City	United States	-111.8464,40.7642
breakthrough-000069	University of California, San Diego		Q622664	La Jolla	United States	-117.2361,32.8789
breakthrough-000070	University of Oxford and University of Dundee			Oxford	United Kingdom	
breakthrough-000071	University of Pennsylvania		Q49117	Philadelphia	United States	-75.1936,39.9519
breakthrough-000072	Massachusetts Institute of Technology		Q49108	Cambridge	United States	-71.0919,42.3597
breakthrough-000073	Ionis Pharmaceuticals		Q22079531	Carlsbad	United States	
breakthrough-000074	Harvard University; Howard Hughes Medical Institute			Cambridge	United States	
breakthrough-000075	UT Southwestern Medical Center; Howard Hughes Medical Institute			Dallas	United States	
breakthrough-000076	Centre National de la Recherche Scientifique; Institut Fourier, Université Grenoble-Alpes			Paris	France	
breakthrough-000077	Massachusetts Institute of Technology and Stanford University			Cambridge	United States	
breakthrough-000078	Stony Brook University		Q969850	Stony Brook	United States	-73.1246,40.9173
breakthrough-000079	CERN, UCLA			Meyrin	Switzerland	
breakthrough-000080						
breakthrough-000081	Yale School of Medicine; Howard Hughes Medical Institute			New Haven	United States	
breakthrough-000082	University of California, San Francisco		Q1061104	San Francisco	United States	-122.4581,37.7628
breakthrough-000083	Max Planck Society	Max Planck Institute of Biochemistry	Q158085	Martinsried	Germany	11.4606,48.1050
breakthrough-000084	Rockefeller University; Howard Hughes Medical Institute			New York	United States	
breakthrough-000085	University of Pennsylvania		Q49117	Philadelphia	United States	-75.1936,39.9519
breakthrough-000086	University of Chicago		Q131252	Chicago	United States	-87.5997,41.7897
breakthrough-000087	Stanford University		Q41506	Stanford	United States	-122.1700,37.4275
breakthrough-000088	University of Washington		Q219563	Seattle	United States	-122.3081,47.6542
breakthrough-000089	Harvard University; Howard Hughes Medical Institute			Cambridge	United States	
breakthrough-000090	University of Washington; Howard Hughes Medical Institute			Seattle	United States	
breakthrough-000091	National Institutes of Health		Q390551	Bethesda	United States	-77.1019,38.9975
breakthrough-000092	The Chinese University of Hong Kong		Q15570	Hong Kong	Hong Kong	114.2068,22.4197
breakthrough-000093	Imperial College London		Q189022	London	United Kingdom	-0.1769,51.4983
breakthrough-000094	University of Texas at Austin		Q49213	Austin	United States	-97.7394,30.2861
breakthrough-000095	University of Tokyo and RIKEN			Tokyo	Japan	
breakthrough-000096	National Institute of Standards and Technology and University of Colorado			Boulder	United States	
breakthrough-000097	Scripps Research Institute		Q793867	La Jolla	United States	-117.2425,32.8961
breakthrough-000098	BioNTech		Q30256699	Mainz	Germany	8.2714,49.9878
breakthrough-000099	University of Cambridge		Q35794	Cambridge	United Kingdom	0.1132,52.2054
breakthrough-000100	Kyoto University		Q336264	Kyoto	Japan	135.7808,35.0262
breakthrough-000101	IBM Thomas J. Watson Research Center		Q476208	Yorktown Heights	United States	-73.8030,41.2102
breakthrough-000102	Oxford University		Q34433	Oxford	United Kingdom	-1.2550,51.7550
breakthrough-000103	Université de Montréal		Q392189	Montreal	Canada	-73.6143,45.5041
breakthrough-000104	Massachusetts Institute of Technology		Q49108	Cambridge	United States	-71.0919,42.3597
breakthrough-000105	Princeton University; Howard Hughes Medical Institute; Marine Biological Laboratory			Princeton	United States	
breakthrough-000106	DeepMind		Q15733006	London	United Kingdom	-0.1260,51.5333
breakthrough-000107	Stanford University	School of Medicine	Q41506	Stanford	United States	-122.1700,37.4275
breakthrough-000108	Yale University		Q49112	New Haven	United States	-72.9267,41.3111
breakthrough-000109	Stony Brook University		Q969850	Stony Brook	United States	-73.1246,40.9173
breakthrough-000110	University of Oxford	All Souls College	Q34433	Oxford	United Kingdom	-1.2528,51.7533
breakthrough-000111	University of Pennsylvania	Perelman School of Medicine	Q49117	Philadelphia	United States	-75.1936,39.9519
breakthrough-000112	Vertex Pharmaceuticals			Boston	United States	
breakthrough-000113	Hertie Institute for Clinical Brain Research, University of Tübingen and German Center for Neurodegenerative Diseases			Tübingen	Germany	
breakthrough-000114	Columbia University		Q49088	New York	United States	-73.9619,40.8075
breakthrough-000115						
breakthrough-000116	Lunenfeld-Tanenbaum Research Institute; Sinai Health; University of Toronto			Toronto	Canada	
breakthrough-000117	Merkin Institute for Transformative Technologies; Harvard University; Howard Hughes Medical Institute			Cambridge	United States	
breakthrough-000118	University of California, San Francisco		Q1061104	San Francisco	United States	-122.4581,37.7628
breakthrough-000119	Max Planck Society	Max Planck Institute for Mathematics	Q158085	Bonn	Germany	7.0983,50.7344
breakthrough-000120	Utrecht University		Q221653	Utrecht	Netherlands	5.1750,52.0853
breakthrough-000121	CERN; Brookhaven National Laboratory; Fermilab				Switzerland; United States	
breakthrough-000122	University of Pennsylvania		Q49117	Philadelphia	United States	-75.1936,39.9519
breakthrough-000123	National Institute on Aging, National Institutes of Health			Bethesda	United States	
breakthrough-000124	University of Pennsylvania		Q49117	Philadelphia	United States	-75.1936,39.9519
breakthrough-000125	University of Pennsylvania, Children’s Hospital of Philadelphia; Rockefeller University			Philadelphia	United States	
breakthrough-000126	VIB, University of Antwerp; Mayo Clinic			Ghent	Belgium	
breakthrough-000127	Harvard Medical School; Howard Hughes Medical Institute			Boston	United States	
breakthrough-000128	National Heart, Lung, and Blood Institute, National Institutes of Health			Bethesda	United States	
breakthrough-000129	CY Cergy Paris University; Institut des Hautes Études Scientifiques			Cambridge	France	
breakthrough-000130	University of California, Santa Barbara; Kavli Institute for Theoretical Physics			Santa Barbara	United States	
breakthrough-000131	CERN		Q42944	Meyrin	Switzerland	6.0491,46.2345
breakthrough-000132	CERN		Q42944	Meyrin	Switzerland	6.0491,46.2345
breakthrough-000133	CERN		Q42944	Meyrin	Switzerland	6.0491,46.2345
breakthrough-000134	CERN		Q42944	Meyrin	Switzerland	6.0491,46.2345
breakthrough-000135	CERN		Q42944	Meyrin	Switzerland	6.0491,46.2345
breakthrough-000136	CERN		Q42944	Meyrin	Switzerland	6.0491,46.2345
breakthrough-000137	California Institute of Technology and Cambridge University, Cambridge, UK			Cambridge	United Kingdom	
breakthrough-000138	University of California, Berkeley and Lawrence Berkeley National Laboratory; Australian National University;Johns Hopkins University and Space Telescope Science Institute		Q168756	Baltimore	United States	
breakthrough-000139	University of California, Berkeley and Lawrence Berkeley National Laboratory; Australian National University;Johns Hopkins University and Space Telescope Science Institute		Q168756	Baltimore	United States	
breakthrough-000140	Chinese Academy of Sciences, University of California, Berkeley		Q168756	Berkeley	United States	
breakthrough-000141	California Institute of Technology		Q161562	Pasadena	United States	-118.1244,34.1385
breakthrough-000142	Massachusetts Institute of Technology		Q49108	Cambridge	United States	-71.0919,42.3597
breakthrough-000143	Harvard University		Q13371	Cambridge	United States	-71.1169,42.3744
breakthrough-000144	Princeton University		Q21578	Princeton	United States	-74.6561,40.3453
breakthrough-000145	Princeton University		Q21578	Princeton	United States	-74.6561,40.3453
breakthrough-000146	University of Pennsylvania		Q49117	Philadelphia	United States	-75.1936,39.9519
breakthrough-000147	University of Washington		Q219563	Seattle	United States	-122.3081,47.6542
breakthrough-000148	University of Washington		Q219563	Seattle	United States	-122.3081,47.6542
crafoord-000001	Steklov Institute of Mathematics		Q611420	Moscow	Russia	37.5644,55.6947
crafoord-000002	New York University		Q49210	New York	United States	-73.9950,40.7300
crafoord-000003	Massachusetts Institute of Technology		Q49108	Cambridge	United States	-71.0919,42.3597
crafoord-000004	Woods Hole Oceanographic Institution		Q1404053	Woods Hole	United States	-70.6708,41.5244
crafoord-000005	University of Pennsylvania		Q49117	Philadelphia	United States	-75.1936,39.9519
crafoord-000006	Princeton University		Q21578	Princeton	United States	-74.6561,40.3453
crafoord-000007	University of Paris			Paris	France	
crafoord-000008	California Institute of Technology		Q161562	Pasadena	United States	-118.1244,34.1385
crafoord-000009	University of Georgia			Athens	United States	
crafoord-000010	University of Florida		Q501758	Gainesville	United States	-82.3450,29.6475
crafoord-000011	Institute for Advanced Study		Q635642	Princeton	United States	-74.6678,40.3317
crafoord-000012	Institut des Hautes Études Scientifiques		Q1156553	Bures-sur-Yvette	France	2.1691,48.6950
crafoord-000013	University of Iowa		Q182973	Iowa City	United States	-91.5364,41.6617
crafoord-000014	Stanford University		Q41506	Stanford	United States	-122.1700,37.4275
crafoord-000015	Harvard University		Q13371	Cambridge	United States	-71.1169,42.3744
crafoord-000016	Carnegie Observatories		Q30255594	Pasadena	United States	-118.1340,34.1560
crafoord-000017	University of Tübingen		Q153978	Tübingen	Germany	9.0589,48.5250
crafoord-000018	University of Oxford		Q34433	Oxford	United Kingdom	-1.2550,51.7550
crafoord-000019	California Institute of Technology		Q161562	Pasadena	United States	-118.1244,34.1385
crafoord-000020	University of Oxford		Q34433	Oxford	United Kingdom	-1.2550,51.7550
crafoord-000021	Harvard University		Q13371	Cambridge	United States	-71.1169,42.3744
crafoord-000022	University of Copenhagen		Q186285	Copenhagen	Denmark	12.5725,55.6797
crafoord-000023	University of Cambridge		Q35794	Cambridge	United Kingdom	0.1132,52.2054
crafoord-000024	University of Oxford		Q34433	Oxford	United Kingdom	-1.2550,51.7550
crafoord-000025	University of Cambridge		Q35794	Cambridge	United Kingdom	0.1132,52.2054
crafoord-000026	Cornell University		Q49115	Ithaca	United States	-76.4839,42.4492
crafoord-000027	California Institute of Technology		Q161562	Pasadena	United States	-118.1244,34.1385
crafoord-000028	Harvard University		Q13371	Cambridge	United States	-71.1169,42.3744
crafoord-000029	Harvard University		Q13371	Cambridge	United States	-71.1169,42.3744
crafoord-000030	University of Sussex		Q1161297	Brighton	United Kingdom	-0.0856,50.8653
crafoord-000031	State University of New York at Stony Brook		Q969850	Stony Brook	United States	-73.1246,40.9173
crafoord-000032	University of Oxford		Q34433	Oxford	United Kingdom	-1.2550,51.7550
crafoord-000033	Imperial College London		Q189022	London	United Kingdom	-0.1769,51.4983
crafoord-000034	Institut des Hautes Études Scientifiques		Q1156553	Bures-sur-Yvette	France	2.1691,48.6950
crafoord-000035	University of Cambridge		Q35794	Cambridge	United Kingdom	0.1132,52.2054
crafoord-000036	University of Illinois Urbana-Champaign		Q457281	Urbana	United States	-88.2284,40.1105
crafoord-000037	Stanford University		Q41506	Stanford	United States	-122.1700,37.4275
crafoord-000038	Harvard University	Harvard Medical School	Q13371	Boston	United States	-71.1039,42.3369
crafoord-000039	Princeton University		Q21578	Princeton	United States	-74.6561,40.3453
crafoord-000040	Princeton University		Q21578	Princeton	United States	-74.6561,40.3453
crafoord-000041	University of Cambridge		Q35794	Cambridge	United Kingdom	0.1132,52.2054
crafoord-000042	Columbia University		Q49088	New York	United States	-73.9619,40.8075
crafoord-000043	Rutgers University		Q499451	New Brunswick	United States	-74.4481,40.5017
crafoord-000044	Max Planck Society	Max Planck Institute for Astrophysics	Q158085	Garching	Germany	11.6717,48.2611
crafoord-000045	Institut des Hautes Études Scientifiques		Q1156553	Bures-sur-Yvette	France	2.1691,48.6950
crafoord-000046	Institute for Advanced Study		Q635642	Princeton	United States	-74.6678,40.3317
crafoord-000047	University of Colorado Denver		Q1468161	Denver	United States	-105.0031,39.7435
crafoord-000048	Osaka University		Q651233	Suita	Japan	135.5267,34.8192
crafoord-000049	Osaka University		Q651233	Suita	Japan	135.5267,34.8192
crafoord-000050	Scripps Institution of Oceanography		Q604029	La Jolla	United States	-117.2536,32.8654
crafoord-000051	University of Helsinki		Q28695	Helsinki	Finland	24.9500,60.1694
crafoord-000052	Max Planck Society	Max Planck Institute for Extraterrestrial Physics	Q158085	Garching	Germany	11.6717,48.2617
crafoord-000053	University of California, Los Angeles		Q174710	Los Angeles	United States	-118.4428,34.0722
crafoord-000054	Institute for Advanced Study		Q635642	Princeton	United States	-74.6678,40.3317
crafoord-000055	University of California, Los Angeles		Q174710	Los Angeles	United States	-118.4428,34.0722
crafoord-000056	Feinstein Institute for Medical Research		Q7733638	Manhasset	United States	
crafoord-000057	Karolinska Institutet		Q219564	Stockholm	Sweden	18.0267,59.3489
crafoord-000058	Columbia University		Q49088	New York	United States	-73.9619,40.8075
crafoord-000059	University of Colorado, Boulder		Q736674	Boulder	United States	-105.2672,40.0067
crafoord-000060	Harvard University		Q13371	Cambridge	United States	-71.1169,42.3744
crafoord-000061	National Institute of Genetics		Q576466	Mishima	Japan	138.9385,35.1178
crafoord-000062	University of Canterbury		Q432475	Christchurch	New Zealand	172.5819,-43.5233
crafoord-000063	Stanford University		Q41506	Stanford	United States	-122.1700,37.4275
crafoord-000064	Stanford University		Q41506	Stanford	United States	-122.1700,37.4275
crafoord-000065	Osaka University		Q651233	Suita	Japan	135.5267,34.8192
crafoord-000066	University of California, San Francisco		Q1061104	San Francisco	United States	-122.4581,37.7628
crafoord-000067	Memorial Sloan-Kettering Cancer Center		Q1808012	New York	United States	-73.9568,40.7641
crafoord-000068	Princeton University		Q21578	Princeton	United States	-74.6561,40.3453
crafoord-000069	Massachusetts Institute of Technology		Q49108	Cambridge	United States	-71.0919,42.3597
crafoord-000070	Massachusetts Institute of Technology		Q49108	Cambridge	United States	-71.0919,42.3597
crafoord-000071	University of Chicago		Q131252	Chicago	United States	-87.5997,41.7897
crafoord-000072	Institute for Advanced Study		Q635642	Princeton	United States	-74.6678,40.3317
crafoord-000073	National Human Genome Research Institute			Bethesda	United States	
crafoord-000074	Harvard University		Q13371	Cambridge	United States	-71.1169,42.3744
crafoord-000075	University of British Columbia		Q391028	Vancouver	Canada	-123.2528,49.2647
crafoord-000076	University of Cambridge		Q35794	Cambridge	United Kingdom	0.1132,52.2054
crafoord-000077	Aarhus University		Q924265	Aarhus	Denmark	10.2011,56.1706
crafoord-000078	KU Leuven		Q833670	Leuven	Belgium	
crafoord-000079	Collège de France		Q202660	Paris	France	2.3456,48.8492
crafoord-000080	Garvan Institute of Medical Research		Q5524507	Sydney	Australia	
crafoord-000081	Scripps Research		Q793867	La Jolla	United States	-117.2425,32.8961
crafoord-000082	University of California, San Diego		Q622664	La Jolla	United States	-117.2361,32.8789
fields-000001	University of Chicago		Q131252	Chicago	United States	-87.5997,41.7897
fields-000002	Simons Center for Geometry and Physics, Stony Brook University, USA			Stony Brook University	United States	-73.1246,40.9173
fields-000003	University of Toronto		Q180865	Toronto	Canada	-79.3957,43.6629
fields-000004	New York University, USA; Institut des Hautes Études Scientifiques, France			; 	United States; France	-73.9950,40.7300;2.1691,48.6950
fields-000005	Swiss Federal Institute of Technology in Lausanne, Switzerland			Lausanne	Switzerland	6.5656,46.5203
fields-000006	University of Oxford		Q34433	Oxford	United Kingdom	-1.2550,51.7550
fields-000007	Princeton University		Q21578	Princeton	United States	-74.6561,40.3453
fields-000008	University of Geneva		Q503473	Geneva	Switzerland	6.1445,46.1990
fields-000009	University of Cambridge		Q35794	Cambridge	United Kingdom	0.1132,52.2054
fields-000010	Swiss Federal Institute of Technology in Zurich, Switzerland			Zurich	Switzerland	8.5479,47.3764
fields-000011	Max Planck Society	Max Planck Institute for Mathematics	Q158085	Bonn	Germany	7.0983,50.7344
fields-000012	Institute for Advanced Study		Q635642	Princeton	United States	-74.6678,40.3317
fields-000013	CNRS - Institut de Mathématiques de Jussieu-Paris Rive Gauche, France			Paris	France	2.3687,48.8331
fields-000014	Princeton University		Q21578	Princeton	United States	-74.6561,40.3453
fields-000015	University of Warwick		Q865528	Coventry	United Kingdom	-1.5619,52.3801
fields-000016	Stanford University		Q41506	Stanford	United States	-122.1700,37.4275
fields-000017	Université Paris-Sud		Q1480643	Orsay	France	2.1706,48.7006
fields-000018	Hebrew University of Jerusalem		Q174158	Jerusalem	Israel	35.2000,31.7758
fields-000019	University of Geneva		Q503473	Geneva	Switzerland	6.1445,46.1990
fields-000020	École Normale Supérieure de Lyon and Institut Henri Poincaré, France			Lyon; Paris	France	4.8269,45.7297;2.3439,48.8447
fields-000021	Princeton University		Q21578	Princeton	United States	-74.6561,40.3453
fields-000022	St. Petersburg Department of the Steklov Institute of Mathematics, Russia			Saint Petersburg	Russia	30.3428,59.9339
fields-000023	University of California, Los Angeles		Q174710	Los Angeles	United States	-118.4428,34.0722
fields-000024	Université Paris-Sud		Q1480643	Orsay	France	2.1706,48.7006
fields-000025	Institut des Hautes Études Scientifiques		Q1156553	Bures-sur-Yvette	France	2.1691,48.6950
fields-000026	Institute for Advanced Study		Q635642	Princeton	United States	-74.6678,40.3317
fields-000027	University of Cambridge		Q35794	Cambridge	United Kingdom	0.1132,52.2054
fields-000028	University of Cambridge		Q35794	Cambridge	United Kingdom	0.1132,52.2054
fields-000029	Institut des Hautes Études Scientifiques		Q1156553	Bures-sur-Yvette	France	2.1691,48.6950
fields-000030	Harvard University		Q13371	Cambridge	United States	-71.1169,42.3744
fields-000031	Institut des Hautes Études Scientifiques		Q1156553	Bures-sur-Yvette	France	2.1691,48.6950
fields-000032	Université de Paris-Dauphine, CEREMADE, France			CEREMADE	France	2.2739,48.8706
fields-000033	Université de Paris-Sud (Orsay), France			Orsay	France	2.1706,48.7006
fields-000034	University of Wisconsin (now at the University of Chicago), USA			Madison; Chicago	United States	-89.4042,43.0753;-87.5997,41.7897
fields-000035	Steklov Mathematical Institute		Q611420	Moscow	Russia	37.5644,55.6947
fields-000036	Columbia University		Q49088	New York	United States	-73.9619,40.8075
fields-000037	Harvard University		Q13371	Cambridge	United States	-71.1169,42.3744
fields-000038	Princeton University		Q21578	Princeton	United States	-74.6561,40.3453
fields-000039	University of Oxford		Q34433	Oxford	United Kingdom	-1.2550,51.7550
fields-000040	Princeton University		Q21578	Princeton	United States	-74.6561,40.3453
fields-000041	University of California, San Diego		Q622664	La Jolla	United States	-117.2361,32.8789
fields-000042	Institut des Hautes Études Scientifiques		Q1156553	Bures-sur-Yvette	France	2.1691,48.6950
fields-000043	Princeton University		Q21578	Princeton	United States	-74.6561,40.3453
fields-000044	Institute for Advanced Study		Q635642	Princeton	United States	-74.6678,40.3317
fields-000045	Institut des Hautes Études Scientifiques		Q1156553	Bures-sur-Yvette	France	2.1691,48.6950
fields-000046	Princeton University		Q21578	Princeton	United States	-74.6561,40.3453
fields-000047	Moscow State University		Q13164	Moscow	Russia	37.5306,55.7025
fields-000048	Massachusetts Institute of Technology		Q49108	Cambridge	United States	-71.0919,42.3597
fields-000049	University of Pisa, Italy			Pisa	Italy	10.3985,43.7165
fields-000050	Harvard University		Q13371	Cambridge	United States	-71.1169,42.3744
fields-000051	University of Cambridge		Q35794	Cambridge	United Kingdom	0.1132,52.2054
fields-000052	Harvard University		Q13371	Cambridge	United States	-71.1169,42.3744
fields-000053	Belorusskii University, Belarus			Minsk	Belarus	27.5469,53.8939
fields-000054	University of Chicago		Q131252	Chicago	United States	-87.5997,41.7897
fields-000055	University of Oxford		Q34433	Oxford	United Kingdom	-1.2550,51.7550
fields-000056	Stanford University		Q41506	Stanford	United States	-122.1700,37.4275
fields-000057	University of Paris			Paris	France	
fields-000058	University of California, Berkeley		Q168756	Berkeley	United States	-122.2583,37.8719
fields-000059	Stockholm University		Q221645	Stockholm	Sweden	18.0606,59.3631
fields-000060	Princeton University		Q21578	Princeton	United States	-74.6561,40.3453
fields-000061	University of London		Q170027	London	United Kingdom	-0.1289,51.5211
fields-000062	University of Strasbourg		Q157575	Strasbourg	France	7.7644,48.5803
fields-000063	Princeton University		Q21578	Princeton	United States	-74.6561,40.3453
fields-000064	Collège de France		Q202660	Paris	France	2.3456,48.8492
fields-000065	University of Lorraine		Q4173330	Nancy	France	6.1765,48.6962
fields-000066	Institute for Advanced Study		Q635642	Princeton	United States	-74.6678,40.3317
fields-000067	Harvard University		Q13371	Cambridge	United States	-71.1169,42.3744
fields-000068	Massachusetts Institute of Technology		Q49108	Cambridge	United States	-71.0919,42.3597
gairdner_international_award-000001	Johns Hopkins University		Q193727	Baltimore	United States	-76.6206,39.3289
gairdner_international_award-000002	Columbia University		Q49088	New York	United States	-73.9619,40.8075
gairdner_international_award-000003	Royal Free Hospital School of Medicine			London	United Kingdom	
gairdner_international_award-000004	Columbia University		Q49088	New York	United States	-73.9619,40.8075
gairdner_international_award-000005	University of Toronto		Q180865	Toronto	Canada	-79.3957,43.6629
gairdner_international_award-000006	Royal College of Surgeons of England		Q1584160	London	United Kingdom	-0.1158,51.5153
gairdner_international_award-000007	Johns Hopkins University		Q193727	Baltimore	United States	-76.6206,39.3289
gairdner_international_award-000008	Jefferson Medical College		Q2471216	Philadelphia	United States	-75.1925,40.0225
gairdner_international_award-000009	Postgraduate Medical School of London			London	United Kingdom	
gairdner_international_award-000010	University of Oxford		Q34433	Oxford	United Kingdom	-1.2550,51.7550
gairdner_international_award-000011	Columbia University		Q49088	New York	United States	-73.9619,40.8075
gairdner_international_award-000012	Medical College of Georgia		Q16973985	Augusta	United States	-81.9889,33.4706
gairdner_international_award-000013	University of Western Ontario		Q1144262	London	Canada	-81.2738,43.0096
gairdner_international_award-000014	Mount Sinai Hospital			New York	United States	
gairdner_international_award-000015	University of Manchester		Q230899	Manchester	United Kingdom	-2.2319,53.4661
gairdner_international_award-000016	Guy's Hospital		Q777039	London	United Kingdom	-0.0869,51.5033
gairdner_international_award-000017	Karolinska Institutet		Q219564	Stockholm	Sweden	18.0267,59.3489
gairdner_international_award-000018	Harvard University		Q13371	Boston	United States	-71.1169,42.3744
gairdner_international_award-000019	Karolinska Institutet		Q219564	Stockholm	Sweden	18.0267,59.3489
gairdner_international_award-000020	MRC Laboratory of Molecular Biology		Q185800	Cambridge	United Kingdom	0.1430,52.1763
gairdner_international_award-000021	Rockefeller University		Q270272	New York	United States	-73.9556,40.7625
gairdner_international_award-000022	National Institutes of Health		Q390551	Bethesda	United States	-77.1019,38.9975
gairdner_international_award-000023	University of Minnesota		Q238101	Minneapolis	United States	-93.2353,44.9750
gairdner_international_award-000024	Royal Postgraduate Medical School		Q7374735	London	United Kingdom	-0.2336,51.5175
gairdner_international_award-000025	Cleveland Clinic		Q4117596	Cleveland	United States	-81.6211,41.5025
gairdner_international_award-000026	Clinical Research Institute of Montreal			Montreal	Canada	
gairdner_international_award-000027	University of Western Ontario		Q1144262	London	Canada	-81.2738,43.0096
gairdner_international_award-000028	Institut Pasteur		Q391083	Paris	France	2.3111,48.8403
gairdner_international_award-000029	Middlesex Hospital Medical School		Q24638021	London	United Kingdom	
gairdner_international_award-000030	University of Toronto		Q180865	Toronto	Canada	-79.3957,43.6629
gairdner_international_award-000031	Middlesex Hospital Medical School		Q24638021	London	United Kingdom	
gairdner_international_award-000032	Merck Sharp & Dohme Research Laboratories			West Point	United States	
gairdner_international_award-000033	Harvard University		Q13371	Boston	United States	-71.1169,42.3744
gairdner_international_award-000034	California Institute of Technology		Q161562	Pasadena	United States	-118.1244,34.1385
gairdner_international_award-000035	University College London		Q193196	London	United Kingdom	-0.1336,51.5247
gairdner_international_award-000036	McGill University		Q201492	Montreal	Canada	-73.5775,45.5050
gairdner_international_award-000037	Hahnemann Medical College		Q101251452	Philadelphia	United States	
gairdner_international_award-000038	University of Otago		Q1201513	Dunedin	New Zealand	170.5139,-45.8656
gairdner_international_award-000039	University of Michigan		Q230492	Ann Arbor	United States	-83.7381,42.2769
gairdner_international_award-000040	University of Cambridge		Q35794	Cambridge	United Kingdom	0.1132,52.2054
gairdner_international_award-000041	University of Chicago		Q131252	Chicago	United States	-87.5997,41.7897
gairdner_international_award-000042	University of Oxford		Q34433	Oxford	United Kingdom	-1.2550,51.7550
gairdner_international_award-000043	Walter and Eliza Hall Institute of Medical Research		Q7966487	Melbourne	Australia	144.9560,-37.7980
gairdner_international_award-000044	Lund University		Q218506	Malmo	Sweden	13.1933,55.7058
gairdner_international_award-000045	Campomar Institute for Biochemical Research			Buenos Aires	Argentina	
gairdner_international_award-000046	St Mary's Hospital Medical School		Q16900469	London	United Kingdom	-0.1733,51.5176
gairdner_international_award-000047	Cleveland Clinic		Q4117596	Cleveland	United States	-81.6211,41.5025
gairdner_international_award-000048	UCLouvain		Q378134	Louvain-la-Neuve	Belgium	4.6156,50.6697
gairdner_international_award-000049	University of British Columbia		Q391028	Vancouver	Canada	-123.2528,49.2647
gairdner_international_award-000050	Rockefeller University		Q270272	New York	United States	-73.9556,40.7625
gairdner_international_award-000051	Royal Postgraduate Medical School		Q7374735	London	United Kingdom	-0.2336,51.5175
gairdner_international_award-000052	McMaster University		Q632891	Hamilton	Canada	-79.9189,43.2633
gairdner_international_award-000053	National Institutes of Health		Q390551	Bethesda	United States	-77.1019,38.9975
gairdner_international_award-000054	National Institutes of Health		Q390551	Bethesda	United States	-77.1019,38.9975
gairdner_international_award-000055	Connaught Laboratories		Q65045874	Toronto	Canada	
gairdner_international_award-000056	National Institutes of Health		Q390551	Bethesda	United States	-77.1019,38.9975
gairdner_international_award-000057	University of Manitoba			Winnipeg	Canada	-97.1328,49.8094
gairdner_international_award-000058	Burroughs Wellcome & Company		Q1016927	Tuckahoe	United States	
gairdner_international_award-000059	National Institutes of Health		Q390551	Bethesda	United States	-77.1019,38.9975
gairdner_international_award-000060	Institut Pasteur		Q391083	Paris	France	2.3111,48.8403
gairdner_international_award-000061	University of Oxford		Q34433	Oxford	United Kingdom	-1.2550,51.7550
gairdner_international_award-000062	University of Washington		Q219563	Seattle	United States	-122.3081,47.6542
gairdner_international_award-000063	Vanderbilt University		Q29052	Nashville	United States	-86.8025,36.1475
gairdner_international_award-000064	University of Toronto		Q180865	Toronto	Canada	-79.3957,43.6629
gairdner_international_award-000065	Cleveland Clinic		Q4117596	Cleveland	United States	-81.6211,41.5025
gairdner_international_award-000066	Scripps Research			La Jolla	United States	-117.2425,32.8961
gairdner_international_award-000067	University of Toronto		Q180865	Toronto	Canada	-79.3957,43.6629
gairdner_international_award-000068	Harvard University		Q13371	Boston	United States	-71.1169,42.3744
gairdner_international_award-000069	University of Toronto		Q180865	Toronto	Canada	-79.3957,43.6629
gairdner_international_award-000070	Basel Institute for Immunology		Q809921	Basel	Switzerland	7.6261,47.5627
gairdner_international_award-000071	University of Minnesota		Q238101	Minneapolis	United States	-93.2353,44.9750
gairdner_international_award-000072	Rockefeller University		Q270272	New York	United States	-73.9556,40.7625
gairdner_international_award-000073	Rockefeller University		Q270272	New York	United States	-73.9556,40.7625
gairdner_international_award-000074	University of Oxford		Q34433	Oxford	United Kingdom	-1.2550,51.7550
gairdner_international_award-000075	University of Toronto		Q180865	Toronto	Canada	-79.3957,43.6629
gairdner_international_award-000076	University of Chicago		Q131252	Chicago	United States	-87.5997,41.7897
gairdner_international_award-000077	MRC Laboratory of Molecular Biology		Q185800	Cambridge	United Kingdom	0.1430,52.1763
gairdner_international_award-000078	City of Hope National Medical Center		Q5123723	Duarte	United States	-117.9731,34.1280
gairdner_international_award-000079	James J. Peters VA Medical Center		Q47321182	New York	United States	-73.9061,40.8673
gairdner_international_award-000080	Mount Sinai School of Medicine		Q1950740	New York	United States	-73.9538,40.7895
gairdner_international_award-000081	University of Pennsylvania		Q49117	Philadelphia	United States	-75.1936,39.9519
gairdner_international_award-000082	Karolinska Institutet		Q219564	Stockholm	Sweden	18.0267,59.3489
gairdner_international_award-000083	University of Toronto		Q180865	Toronto	Canada	-79.3957,43.6629
gairdner_international_award-000084	Lister Institute of Preventive Medicine		Q1149028	London	United Kingdom	
gairdner_international_award-000085	Lister Institute of Preventive Medicine		Q1149028	London	United Kingdom	
gairdner_international_award-000086	Medical Research Council		Q746879	London	United Kingdom	-1.7847,51.5667
gairdner_international_award-000087	University of Toronto		Q180865	Toronto	Canada	-79.3957,43.6629
gairdner_international_award-000088	University of Manchester		Q230899	Manchester	United Kingdom	-2.2319,53.4661
gairdner_international_award-000089	Johns Hopkins University		Q193727	Bethesda	United States	-76.6206,39.3289
gairdner_international_award-000090	National Institutes of Health		Q390551	Bethesda	United States	-77.1019,38.9975
gairdner_international_award-000091	Johns Hopkins University		Q193727	Bethesda	United States	-76.6206,39.3289
gairdner_international_award-000092	Tulane University		Q1193547	New Orleans	United States	-90.1206,29.9408
gairdner_international_award-000093	Massachusetts Institute of Technology		Q49108	Cambridge	United States	-71.0919,42.3597
gairdner_international_award-000094	Scripps Research			La Jolla	United States	-117.2425,32.8961
gairdner_international_award-000095	University of Wisconsin–Madison		Q838330	Madison	United States	-89.4042,43.0753
gairdner_international_award-000096	University of Wisconsin–Madison		Q838330	Madison	United States	-89.4042,43.0753
gairdner_international_award-000097	University of British Columbia		Q391028	Vancouver	Canada	-123.2528,49.2647
gairdner_international_award-000098	Salk Institute for Biological Studies		Q1351061	La Jolla	United States	-117.2464,32.8875
gairdner_international_award-000099	Fox Chase Cancer Center		Q5476635	Philadelphia	United States	-75.0902,40.0718
gairdner_international_award-000100	City of Hope National Medical Center		Q5123723	Duarte	United States	-117.9731,34.1280
gairdner_international_award-000101	UCLouvain		Q378134	Brussels	Belgium	4.4545,50.8514
gairdner_international_award-000102	MRC Laboratory of Molecular Biology		Q185800	Cambridge	United Kingdom	0.1430,52.1763
gairdner_international_award-000103	University of Toronto		Q180865	Toronto	Canada	-79.3957,43.6629
gairdner_international_award-000104	University of Toronto		Q180865	Toronto	Canada	-79.3957,43.6629
gairdner_international_award-000105	Harvard University		Q13371	Boston	United States	-71.1169,42.3744
gairdner_international_award-000106	Jackson Laboratory		Q1677355	Bar Harbor	United States	-68.1965,44.3655
gairdner_international_award-000107	Karolinska Institutet		Q219564	Stockholm	Sweden	18.0267,59.3489
gairdner_international_award-000108	EMI Central Research Laboratories			Middlesex	United Kingdom	
gairdner_international_award-000109	Boston University		Q49110	Boston	United States	-71.1003,42.3489
gairdner_international_award-000110	National Institutes of Health		Q390551	Framingham	United States	
gairdner_international_award-000111	University of Liverpool		Q499510	Liverpool	United Kingdom	-2.9670,53.4060
gairdner_international_award-000112	University of Manitoba			Winnipeg	Canada	-97.1328,49.8094
gairdner_international_award-000113	Collège de France		Q202660	Paris	France	2.3456,48.8492
gairdner_international_award-000114	Harvard University		Q13371	Boston	United States	-71.1169,42.3744
gairdner_international_award-000115	Johns Hopkins University		Q193727	Baltimore	United States	-76.6206,39.3289
gairdner_international_award-000116	National Institutes of Health		Q390551	Bethesda	United States	-77.1019,38.9975
gairdner_international_award-000117	University of Washington		Q219563	Seattle	United States	-122.3081,47.6542
gairdner_international_award-000118	University of Wisconsin–Madison		Q838330	Madison	United States	-89.4042,43.0753
gairdner_international_award-000119	University of Wisconsin–Madison		Q838330	Madison	United States	-89.4042,43.0753
gairdner_international_award-000120	Institut Pasteur		Q391083	Paris	France	2.3111,48.8403
gairdner_international_award-000121	Uppsala University		Q185246	Uppsala	Sweden	17.6289,59.8575
gairdner_international_award-000122	McGill University		Q201492	Montreal	Canada	-73.5775,45.5050
gairdner_international_award-000123	McGill University		Q201492	Montreal	Canada	-73.5775,45.5050
gairdner_international_award-000124	MRC Laboratory of Molecular Biology		Q185800	Cambridge	United Kingdom	0.1430,52.1763
gairdner_international_award-000125	McGill University		Q201492	Montreal	Canada	-73.5775,45.5050
gairdner_international_award-000126	University of Chicago		Q131252	Chicago	United States	-87.5997,41.7897
gairdner_international_award-000127	MRC Laboratory of Molecular Biology		Q185800	Cambridge	United Kingdom	0.1430,52.1763
gairdner_international_award-000128	Harvard University		Q13371	Boston	United States	-71.1169,42.3744
gairdner_international_award-000129	Wellcome Research Laboratories		Q20714098	Kent	United Kingdom	-0.0214,51.3943
gairdner_international_award-000130	Harvard University		Q13371	Cambridge	United States	-71.1169,42.3744
gairdner_international_award-000131	Cornell University		Q49115	Ithaca	United States	-76.4839,42.4492
gairdner_international_award-000132	Massachusetts Institute of Technology		Q49108	Cambridge	United States	-71.0919,42.3597
gairdner_international_award-000133	University of Toronto		Q180865	Toronto	Canada	-79.3957,43.6629
gairdner_international_award-000134	National Institutes of Health		Q390551	Bethesda	United States	-77.1019,38.9975
gairdner_international_award-000135	Weizmann Institute of Science		Q4182	Rehovot	Israel	34.8092,31.9075
gairdner_international_award-000136	Stanford University		Q41506	Stanford	United States	-122.1700,37.4275
gairdner_international_award-000137	Karolinska Institutet		Q219564	Stockholm	Sweden	18.0267,59.3489
gairdner_international_award-000138	MRC Laboratory of Molecular Biology		Q185800	Cambridge	United Kingdom	0.1430,52.1763
gairdner_international_award-000139	National Institutes of Health		Q390551	Bethesda	United States	-77.1019,38.9975
gairdner_international_award-000140	Basel Institute for Immunology		Q809921	Basel	Switzerland	7.6261,47.5627
gairdner_international_award-000141	University of Manitoba			Winnipeg	Canada	-97.1328,49.8094
gairdner_international_award-000142	University of Texas Southwestern Medical Center		Q2725999	Dallas	United States	-96.8402,32.8121
gairdner_international_award-000143	University of Texas Southwestern Medical Center		Q2725999	Dallas	United States	-96.8402,32.8121
gairdner_international_award-000144	Johns Hopkins University		Q193727	Baltimore	United States	-76.6206,39.3289
gairdner_international_award-000145	St. Jude Children's Research Hospital		Q1164246	Memphis	United States	-90.0431,35.1529
gairdner_international_award-000146	University of Gothenburg		Q371522	Goteborg	Sweden	11.9717,57.6983
gairdner_international_award-000147	National Institutes of Health		Q390551	Bethesda	United States	-77.1019,38.9975
gairdner_international_award-000148	Rockefeller University		Q270272	New York	United States	-73.9556,40.7625
gairdner_international_award-000149	Johns Hopkins University		Q193727	Baltimore	United States	-76.6206,39.3289
gairdner_international_award-000150	Janssen Pharmaceutica		Q903523	Beerse	Belgium	
gairdner_international_award-000151	University of California, Berkeley		Q168756	Berkeley	United States	-122.2583,37.8719
gairdner_international_award-000152	Johns Hopkins University		Q193727	Baltimore	United States	-76.6206,39.3289
gairdner_international_award-000153	National Institutes of Health		Q390551	Bethesda	United States	-77.1019,38.9975
gairdner_international_award-000154	University of California, San Francisco		Q1061104	San Francisco	United States	-122.4581,37.7628
gairdner_international_award-000155	Yale University		Q49112	New Haven	United States	-72.9267,41.3111
gairdner_international_award-000156	Massachusetts Institute of Technology		Q49108	Cambridge	United States	-71.0919,42.3597
gairdner_international_award-000157	University of Texas Southwestern Medical Center		Q2725999	Dallas	United States	-96.8402,32.8121
gairdner_international_award-000158	University of California, San Francisco		Q1061104	San Francisco	United States	-122.4581,37.7628
gairdner_international_award-000159	University of California, San Francisco		Q1061104	San Francisco	United States	-122.4581,37.7628
gairdner_international_award-000160	McGill University		Q201492	Montreal	Canada	-73.5775,45.5050
gairdner_international_award-000161	National Institutes of Health		Q390551	Bethesda	United States	-77.1019,38.9975
gairdner_international_award-000162	University of British Columbia		Q391028	Vancouver	Canada	-123.2528,49.2647
gairdner_international_award-000163	University of California, San Francisco		Q1061104	San Francisco	United States	-122.4581,37.7628
gairdner_international_award-000164	Stanford University		Q41506	Stanford	United States	-122.1700,37.4275
gairdner_international_award-000165	Harvard University		Q13371	Cambridge	United States	-71.1169,42.3744
gairdner_international_award-000166	MRC Radiobiology Unit			Oxon	United Kingdom	
gairdner_international_award-000167	University of Illinois Urbana-Champaign		Q457281	Urbana	United States	-88.2284,40.1105
gairdner_international_award-000168	University of Alberta		Q640694	Edmonton	Canada	-113.5244,53.5244
gairdner_international_award-000169	Vanderbilt University		Q29052	Nashville	United States	-86.8025,36.1475
gairdner_international_award-000170	University of Ottawa		Q627969	Ottawa	Canada	-75.6824,45.4222
gairdner_international_award-000171	University of Toronto		Q180865	Toronto	Canada	-79.3957,43.6629
gairdner_international_award-000172	Rockefeller University		Q270272	New York	United States	-73.9556,40.7625
gairdner_international_award-000173	Sandoz			Basel	Switzerland	
gairdner_international_award-000174	University of British Columbia		Q391028	Vancouver	Canada	-123.2528,49.2647
gairdner_international_award-000175	Australian National University		Q127990	Canberra	Australia	149.1205,-35.2778
gairdner_international_award-000176	Massachusetts Institute of Technology		Q49108	Cambridge	United States	-71.0919,42.3597
gairdner_international_award-000177	University of Zurich		Q206702	Zurich	Switzerland	8.5483,47.3747
gairdner_international_award-000178	Queen's University		Q1420038	Kingston	Canada	-76.4950,44.2250
gairdner_international_award-000179	California Institute of Technology		Q161562	Pasadena	United States	-118.1244,34.1385
gairdner_international_award-000180	Columbia University		Q49088	New York	United States	-73.9619,40.8075
gairdner_international_award-000181	Institut Pasteur		Q391083	Paris	France	2.3111,48.8403
gairdner_international_award-000182	Purdue University		Q217741	West Lafayette	United States	-86.9231,40.4250
gairdner_international_award-000183	Favaloro Foundation			Buenos Aires	Argentina	
gairdner_international_award-000184	National Institutes of Health		Q390551	Bethesda	United States	-77.1019,38.9975
gairdner_international_award-000185	University of Basel			Basel	Switzerland	7.5835,47.5585
gairdner_international_award-000186	McGill University		Q201492	Montreal	Canada	-73.5775,45.5050
gairdner_international_award-000187	University of Oxford		Q34433	Oxford	United Kingdom	-1.2550,51.7550
gairdner_international_award-000188	Babraham Institute		Q4838012	Cambridge	United Kingdom	0.2033,52.1331
gairdner_international_award-000189	Duke University		Q168751	Durham	United States	-78.9389,36.0011
gairdner_international_award-000190	University of Colorado, Boulder		Q736674	Boulder	United States	-105.2672,40.0067
gairdner_international_award-000191	Kobe University		Q1192597	Kobe	Japan	135.2347,34.7281
gairdner_international_award-000192	Max Planck Society	Max Planck Institute for Medical Research	Q158085	Heidelberg	Germany	8.6754,49.4123
gairdner_international_award-000193	Max Planck Society	Max Planck Institute for Multidisciplinary Sciences	Q158085	Göttingen	Germany	9.9694,51.5619
gairdner_international_award-000194	University of Liège		Q1334582	Liege	Belgium	5.5747,50.6408
gairdner_international_award-000195	Harvard University		Q13371	Boston	United States	-71.1169,42.3744
gairdner_international_award-000196	Stanford University		Q41506	Stanford	United States	-122.1700,37.4275
gairdner_international_award-000197	University of Toronto		Q180865	Toronto	Canada	-79.3957,43.6629
gairdner_international_award-000198	University of Toronto		Q180865	Toronto	Canada	-79.3957,43.6629
gairdner_international_award-000199	Fred Hutchinson Cancer Research Center		Q1452369	Seattle	United States	-122.3307,47.6278
gairdner_international_award-000200	University of Oxford		Q34433	Oxford	United Kingdom	-1.2550,51.7550
gairdner_international_award-000201	National Institutes of Health		Q390551	Bethesda	United States	-77.1019,38.9975
gairdner_international_award-000202	University of Toronto		Q180865	Toronto	Canada	-79.3957,43.6629
gairdner_international_award-000203	University of Toronto		Q180865	Toronto	Canada	-79.3957,43.6629
gairdner_international_award-000204	University of North Carolina at Chapel Hill		Q192334	Chapel Hill	United States	-79.0492,35.9086
gairdner_international_award-000205	University of Toronto		Q180865	Toronto	Canada	-79.3957,43.6629
gairdner_international_award-000206	University of Toronto		Q180865	Toronto	Canada	-79.3957,43.6629
gairdner_international_award-000207	MRC Laboratory of Molecular Biology		Q185800	Cambridge	United Kingdom	0.1430,52.1763
gairdner_international_award-000208	Cetus Corporation		Q5065711	La Jolla	United States	
gairdner_international_award-000209	Harvard University		Q13371	Boston	United States	-71.1169,42.3744
gairdner_international_award-000210	SUNY Downstate Medical Center		Q3246712	New York	United States	-73.9457,40.6554
gairdner_international_award-000211	MRC Laboratory of Molecular Biology		Q185800	Cambridge	United Kingdom	0.1430,52.1763
gairdner_international_award-000212	Johns Hopkins University		Q193727	Baltimore	United States	-76.6206,39.3289
gairdner_international_award-000213	University of Washington		Q219563	Seattle	United States	-122.3081,47.6542
gairdner_international_award-000214	University of Oxford		Q34433	Oxford	United Kingdom	-1.2550,51.7550
gairdner_international_award-000215	University of Oxford		Q34433	Oxford	United Kingdom	-1.2550,51.7550
gairdner_international_award-000216	Whitehead Institute for Biomedical Research		Q825987	Cambridge	United States	-71.0895,42.3631
gairdner_international_award-000217	University of Toronto		Q180865	Toronto	Canada	-79.3957,43.6629
gairdner_international_award-000218	Yale University		Q49112	New Haven	United States	-72.9267,41.3111
gairdner_international_award-000219	University of Utah			Salt Lake City	United States	-111.8464,40.7642
gairdner_international_award-000220	Washington University in St. Louis			St. Louis	United States	-90.3050,38.6480
gairdner_international_award-000221	University of North Carolina at Chapel Hill		Q192334	Chapel Hill	United States	-79.0492,35.9086
gairdner_international_award-000222	University of California, San Francisco		Q1061104	San Francisco	United States	-122.4581,37.7628
gairdner_international_award-000223	Samuel Lunenfeld Research Institute		Q7412058	Toronto	Canada	-79.3896,43.6574
gairdner_international_award-000224	Harvard University		Q13371	Cambridge	United States	-71.1169,42.3744
gairdner_international_award-000225	Walter and Eliza Hall Institute of Medical Research		Q7966487	Melbourne	Australia	144.9560,-37.7980
gairdner_international_award-000226	California Institute of Technology		Q161562	Pasadena	United States	-118.1244,34.1385
gairdner_international_award-000227	Salk Institute for Biological Studies		Q1351061	La Jolla	United States	-117.2464,32.8875
gairdner_international_award-000228	Stanford University		Q41506	Stanford	United States	-122.1700,37.4275
gairdner_international_award-000229	University of California, San Francisco		Q1061104	San Francisco	United States	-122.4581,37.7628
gairdner_international_award-000230	University of California, San Diego			San Diego	United States	-117.2361,32.8789
gairdner_international_award-000231	University of Virginia		Q213439	Charlottesville	United States	-78.5033,38.0356
gairdner_international_award-000232	Memorial Sloan-Kettering Cancer Center		Q1808012	New York	United States	-73.9568,40.7641
gairdner_international_award-000233	University of Chicago		Q131252	Chicago	United States	-87.5997,41.7897
gairdner_international_award-000234	University of California, Berkeley		Q168756	Berkeley	United States	-122.2583,37.8719
gairdner_international_award-000235	Massachusetts Institute of Technology		Q49108	Cambridge	United States	-71.0919,42.3597
gairdner_international_award-000236	Fox Chase Cancer Center		Q5476635	Philadelphia	United States	-75.0902,40.0718
gairdner_international_award-000237	University of California, Berkeley		Q168756	Berkeley	United States	-122.2583,37.8719
gairdner_international_award-000238	Sanford Burnham Prebys Medical Discovery Institute		Q7417591	La Jolla	United States	-117.2420,32.9012
gairdner_international_award-000239	Massachusetts Institute of Technology		Q49108	Cambridge	United States	-71.0919,42.3597
gairdner_international_award-000240	Johns Hopkins University	School of Medicine	Q193727	Baltimore	United States	-76.5942,39.2989
gairdner_international_award-000241	University of California, San Francisco		Q1061104	San Francisco	United States	-122.4581,37.7628
gairdner_international_award-000242	California Institute of Technology		Q161562	Pasadena	United States	-118.1244,34.1385
gairdner_international_award-000243	University of Basel			Basel	Switzerland	7.5835,47.5585
gairdner_international_award-000244	Ludwig Maximilian University of Munich		Q55044	Munich	Germany	11.5803,48.1508
gairdner_international_award-000245	California Institute of Technology		Q161562	Pasadena	United States	-118.1244,34.1385
gairdner_international_award-000246	University of Cambridge		Q35794	Cambridge	United Kingdom	0.1132,52.2054
gairdner_international_award-000247	Technion – Israel Institute of Technology		Q333705	Haifa	Israel	35.0217,32.7775
gairdner_international_award-000248	Massachusetts Institute of Technology		Q49108	Cambridge	United States	-71.0919,42.3597
gairdner_international_award-000249	University of Oxford		Q34433	Oxford	United Kingdom	-1.2550,51.7550
gairdner_international_award-000250	Washington University in St. Louis			St. Louis	United States	-90.3050,38.6480
gairdner_international_award-000251	McMaster University		Q632891	Hamilton	Canada	-79.9189,43.2633
gairdner_international_award-000252	Rockefeller University		Q270272	New York	United States	-73.9556,40.7625
gairdner_international_award-000253	Stanford University		Q41506	Stanford	United States	-122.1700,37.4275
gairdner_international_award-000254	University of Washington		Q219563	Seattle	United States	-122.3081,47.6542
gairdner_international_award-000255	University of Pennsylvania		Q49117	Philadelphia	United States	-75.1936,39.9519
gairdner_international_award-000256	Harvard University	Harvard Medical School	Q13371	Boston	United States	-71.1039,42.3369
gairdner_international_award-000257	Rockefeller University		Q270272	New York	United States	-73.9556,40.7625
gairdner_international_award-000258	Massachusetts Institute of Technology		Q49108	Cambridge	United States	-71.0919,42.3597
gairdner_international_award-000259	National Human Genome Research Institute			Bethesda	United States	
gairdner_international_award-000260	The Institute for Genomic Research			Rockville	United States	-77.1989,39.1038
gairdner_international_award-000261	Cold Spring Harbor Laboratory		Q609768	Cold Spring Harbour	United States	-73.4672,40.8619
gairdner_international_award-000262	Genoscope		Q3100800	Paris	France	2.4394,48.6234
gairdner_international_award-000263	Wellcome Sanger Institute			Cambridge	United Kingdom	0.1875,52.0775
gairdner_international_award-000264	University of Washington		Q219563	Seattle	United States	-122.3081,47.6542
gairdner_international_award-000265	University of Southern California			Los Angeles	United States	-118.2853,34.0217
gairdner_international_award-000266	University of Washington		Q219563	Seattle	United States	-122.3081,47.6542
gairdner_international_award-000267	Washington University Genome Sequencing Center			St. Louis	United States	
gairdner_international_award-000268	Fred Hutchinson Cancer Research Center		Q1452369	Seattle	United States	-122.3307,47.6278
gairdner_international_award-000269	Rockefeller University		Q270272	New York	United States	-73.9556,40.7625
gairdner_international_award-000270	Columbia University		Q49088	New York	United States	-73.9619,40.8075
gairdner_international_award-000271	Ogawa Laboratories for Brain Function Research			Tokyo	Japan	
gairdner_international_award-000272	Columbia University		Q49088	New York	United States	-73.9619,40.8075
gairdner_international_award-000273	Yale University	School of Medicine	Q49112	New Haven	United States	-72.9339,41.3032
gairdner_international_award-000274	Max Planck Society	Max Planck Institute of Biochemistry	Q158085	Martinsried	Germany	11.4606,48.1050
gairdner_international_award-000275	University of California, Los Angeles			Los Angeles	United States	-118.4428,34.0722
gairdner_international_award-000276	University of Warwick		Q865528	Coventry	United Kingdom	-1.5619,52.3801
gairdner_international_award-000277	California Institute of Technology		Q161562	Pasadena	United States	-118.1244,34.1385
gairdner_international_award-000278	Stanford University		Q41506	Stanford	United States	-122.1700,37.4275
gairdner_international_award-000279	Montreal Neurological Institute			Montreal	Canada	-73.5814,45.5092
gairdner_international_award-000280	University of Massachusetts	UMass Chan Medical School		Worcester	United States	-71.7624,42.2768
gairdner_international_award-000281	The Jackson Laboratory			Bar Harbor	United States	-68.1965,44.3655
gairdner_international_award-000282	Rotman Research Institute		Q42847577	Toronto	Canada	
gairdner_international_award-000283	Rockefeller University		Q270272	New York	United States	-73.9556,40.7625
gairdner_international_award-000284	Memorial Sloan-Kettering Cancer Center		Q1808012	New York	United States	-73.9568,40.7641
gairdner_international_award-000285	Yale University		Q49112	New Haven	United States	-72.9267,41.3111
gairdner_international_award-000286	University of Pennsylvania		Q49117	Philadelphia	United States	-75.1936,39.9519
gairdner_international_award-000287	Salk Institute for Biological Studies		Q1351061	La Jolla	United States	-117.2464,32.8875
gairdner_international_award-000288	Yale University		Q49112	New Haven	United States	-72.9267,41.3111
gairdner_international_award-000289	Rockefeller University		Q270272	New York	United States	-73.9556,40.7625
gairdner_international_award-000290	University of California, Los Angeles			Los Angeles	United States	-118.4428,34.0722
gairdner_international_award-000291	University of California, Santa Cruz			Santa Cruz	United States	-122.0608,36.9914
gairdner_international_award-000292	University of Oxford		Q34433	Oxford	United Kingdom	-1.2550,51.7550
gairdner_international_award-000293	Yale University		Q49112	New Haven	United States	-72.9267,41.3111
gairdner_international_award-000294	Harvard University	Harvard Medical School	Q13371	Boston	United States	-71.1039,42.3369
gairdner_international_award-000295	German Cancer Research Center		Q449325	Heidelberg	Germany	8.6725,49.4142
gairdner_international_award-000296	McGill University		Q201492	Montreal	Canada	-73.5775,45.5050
gairdner_international_award-000297	University of Calgary			Calgary	Canada	-114.1331,51.0775
gairdner_international_award-000298	University of Massachusetts	UMass Chan Medical School		Worcester	United States	-71.7624,42.2768
gairdner_international_award-000299	Kyoto University		Q336264	Kyoto	Japan	135.7808,35.0262
gairdner_international_award-000300	Stanford University		Q41506	Stanford	United States	-122.1700,37.4275
gairdner_international_award-000301	University of California, San Francisco		Q1061104	San Francisco	United States	-122.4581,37.7628
gairdner_international_award-000302	Harvard University		Q13371	Cambridge	United States	-71.1169,42.3744
gairdner_international_award-000303	Kyoto University		Q336264	Kyoto	Japan	135.7808,35.0262
gairdner_international_award-000304	Johns Hopkins University	Institute for Cell Engineering	Q193727	Baltimore	United States	-76.6206,39.3289
gairdner_international_award-000305	University of Oxford		Q34433	Oxford	United Kingdom	-1.2550,51.7550
gairdner_international_award-000306	Institute of Genetics and Molecular and Cellular Biology		Q3152004	Illkirch-Graffenstaden	France	7.7412,48.5262
gairdner_international_award-000307	University of Washington		Q219563	Seattle	United States	-122.3081,47.6542
gairdner_international_award-000308	Dana-Farber Cancer Institute		Q1159198	Boston	United States	-71.1072,42.3380
gairdner_international_award-000309	University of Edinburgh			Edinburgh	United Kingdom	-3.1872,55.9474
gairdner_international_award-000310	Hebrew University of Jerusalem		Q174158	Jerusalem	Israel	35.2000,31.7758
gairdner_international_award-000311	Hebrew University of Jerusalem		Q174158	Jerusalem	Israel	35.2000,31.7758
gairdner_international_award-000312	Institute of Molecular and Cellular Biology, CNRS			Strasbourg	France	
gairdner_international_award-000313	Immunology Frontier Research Center, Osaka University			Osaka	Japan	
gairdner_international_award-000314	Brandeis University		Q49119	Waltham	United States	-71.2597,42.3657
gairdner_international_award-000315	Rockefeller University		Q270272	New York	United States	-73.9556,40.7625
gairdner_international_award-000316	Brandeis University		Q49119	Waltham	United States	-71.2597,42.3657
gairdner_international_award-000317	Rockefeller University		Q270272	New York	United States	-73.9556,40.7625
gairdner_international_award-000318	Columbia University		Q49088	New York	United States	-73.9619,40.8075
gairdner_international_award-000319	Centers for Disease Control and Prevention		Q583725	Atlanta	United States	-84.3283,33.7994
gairdner_international_award-000320	National Institutes of Health		Q390551	Bethesda	United States	-77.1019,38.9975
gairdner_international_award-000321	MRC Laboratory of Molecular Biology		Q185800	Cambridge	United Kingdom	0.1430,52.1763
gairdner_international_award-000322	Harvard University	Harvard Medical School	Q13371	Boston	United States	-71.1039,42.3369
gairdner_international_award-000323	Beth Israel Deaconess Medical Center		Q4897536	Boston	United States	-71.1094,42.3366
gairdner_international_award-000324	MD Anderson Cancer Center		Q1525831	Houston	United States	-95.3975,29.7078
gairdner_international_award-000325	University of California, San Diego			San Diego	United States	-117.2361,32.8789
gairdner_international_award-000326	University of Oxford		Q34433	Oxford	United Kingdom	-1.2550,51.7550
gairdner_international_award-000327	University of Oxford		Q34433	Oxford	United Kingdom	-1.2550,51.7550
gairdner_international_award-000328	Rockefeller University		Q270272	New York	United States	-73.9556,40.7625
gairdner_international_award-000329	Cornell University	Weill Cornell Medical College	Q49115	New York	United States	-73.9541,40.7645
gairdner_international_award-000330	University of Rochester			Rochester	United States	-77.6283,43.1283
gairdner_international_award-000331	Biozentrum University of Basel		Q864916	Basel	Switzerland	7.5801,47.5637
gairdner_international_award-000332	Immunology Frontier Research Center, Osaka University			Osake	Japan	
gairdner_international_award-000333	Tokyo Institute of Technology			Tokyo	Japan	139.6839,35.6050
gairdner_international_award-000334	Max Planck Society	Max Planck Institute for Infection Biology	Q158085	Berlin	Germany	13.3753,52.5250
gairdner_international_award-000335	Broad Institute		Q4971893	Cambridge	United States	-71.0869,42.3681
gairdner_international_award-000336	University of California, Berkeley		Q168756	Berkeley	United States	-122.2583,37.8719
gairdner_international_award-000337	DuPont		Q18627472	Dangé-Saint-Romain	France	
gairdner_international_award-000338	North Carolina State University			Raleigh	United States	-78.6706,35.7872
gairdner_international_award-000339	Biopharm Research Laboratories			Mitaka	Japan	139.5595,35.6836
gairdner_international_award-000340	University of California, San Francisco		Q1061104	San Francisco	United States	-122.4581,37.7628
gairdner_international_award-000341	Baylor College of Medicine		Q2892284	Houston	United States	-95.3965,29.7105
gairdner_international_award-000342	University of Toronto		Q180865	Toronto	Canada	-79.3957,43.6629
gairdner_international_award-000343	GSK		Q212322	Siena	Italy	
gairdner_international_award-000344	University of Cambridge		Q35794	Cambridge	United Kingdom	0.1132,52.2054
gairdner_international_award-000345	Max Planck Society	Max Planck Institute of Immunobiology and Epigenetics	Q158085	Freiburg im Breisgau	Germany	7.8520,48.0251
gairdner_international_award-000346	Massachusetts Institute of Technology		Q49108	Cambridge	United States	-71.0919,42.3597
gairdner_international_award-000347	Stanford University		Q41506	Stanford	United States	-122.1700,37.4275
gairdner_international_award-000348	Humboldt-Universität zu Berlin		Q152087	Berlin	Germany	13.3933,52.5181
gairdner_international_award-000349	Cold Spring Harbor Laboratory		Q609768	Cold Spring Harbor	United States	-73.4672,40.8619
gairdner_international_award-000350	Francis Crick Institute		Q326044	London	United Kingdom	-0.1289,51.5316
gairdner_international_award-000351	University of California, San Francisco		Q1061104	San Francisco	United States	-122.4581,37.7628
gairdner_international_award-000352	Albert Einstein College of Medicine		Q2030894	New York	United States	-73.8458,40.8500
gairdner_international_award-000353	Boston Children's Hospital		Q1000479	Boston	United States	-71.1064,42.3372
gairdner_international_award-000354	Rockefeller University		Q270272	New York	United States	-73.9556,40.7625
gairdner_international_award-000355	RIKEN		Q1153275	Kobe	Japan	
gairdner_international_award-000356	Lawrence Berkeley National Laboratory		Q1133630	Berkeley	United States	-122.2486,37.8758
gairdner_international_award-000357	Stanford University		Q41506	Stanford	United States	-122.1700,37.4275
gairdner_international_award-000358	Max Planck Society	Max Planck Institute of Immunobiology and Epigenetics	Q158085	Freiburg	Germany	7.8520,48.0251
gairdner_international_award-000359	University of Toronto		Q180865	Toronto	Canada	-79.3957,43.6629
gairdner_international_award-000360	University of Copenhagen			Copenhagen	Denmark	12.5725,55.6797
gairdner_international_award-000361	Harvard University	Harvard Medical School	Q13371	Boston	United States	-71.1039,42.3369
gairdner_international_award-000362	University of Washington		Q219563	Seattle	United States	-122.3081,47.6542
gairdner_international_award-000363	University of Pennsylvania		Q49117	Philadelphia	United States	-75.1936,39.9519
gairdner_international_award-000364	Princess Margaret Cancer Centre			Toronto	Canada	-79.3907,43.6582
gairdner_international_award-000365	BioNTech		Q30256699	Mainz	Germany	8.2714,49.9878
gairdner_international_award-000366	University of British Columbia			Vancouver	Canada	-123.2528,49.2647
gairdner_international_award-000367	Harvard University	Harvard Medical School	Q13371	Boston	United States	-71.1039,42.3369
gairdner_international_award-000368	Princeton University		Q21578	Princeton	United States	-74.6561,40.3453
gairdner_international_award-000369	Google	Google DeepMind	Q95	London	United Kingdom	-0.1260,51.5333
gairdner_international_award-000370	University of Washington		Q219563	Seattle	United States	-122.3081,47.6542
gairdner_international_award-000371	Google	Google DeepMind	Q95	London	United Kingdom	-0.1260,51.5333
gairdner_international_award-000372	The Agouron Institute			La Jolla	United States	
gairdner_international_award-000373	University of Cambridge		Q35794	Cambridge	United Kingdom	0.1132,52.2054
gairdner_international_award-000374	Memorial Sloan-Kettering Cancer Center		Q1808012	New York	United States	-73.9568,40.7641
gairdner_international_award-000375	Alphanosos			Riom	France	
gairdner_international_award-000376	University of Cambridge		Q35794	Cambridge	United Kingdom	0.1132,52.2054
gairdner_international_award-000377	Weizmann Institute of Science		Q4182	Rehovot	Israel	34.8092,31.9075
gairdner_international_award-000378	Columbia University		Q49088	New York	United States	-73.9619,40.8075
gairdner_international_award-000379	Columbia University		Q49088	New York	United States	-73.9619,40.8075
gairdner_international_award-000380	University of Iowa			Iowa City	United States	-91.5364,41.6617
gairdner_international_award-000381	Vertex Pharmaceuticals			San Diego	United States	
gairdner_international_award-000382	Harvard University	Harvard Medical School	Q13371	Boston	United States	-71.1039,42.3369
gairdner_international_award-000383	Scripps Research			La Jolla	United States	-117.2425,32.8961
gairdner_international_award-000384	Scripps Research			La Jolla	United States	-117.2425,32.8961
gairdner_international_award-000385	Max Planck Society	Max Planck Institute of Biochemistry	Q158085	Martinsried	Germany	11.4606,48.1050
gairdner_international_award-000386	ETH Zurich		Q11942	ETH Zurich	Switzerland	8.5479,47.3764
gairdner_international_award-000387	Max Planck Society	Max Planck Institute of Biochemistry	Q158085	Martinsried	Germany	11.4606,48.1050
japan_prize-000001	Stanford University		Q41506	Stanford	United States	-122.1700,37.4275
japan_prize-000002	Tel Aviv University		Q319239	Tel Aviv	Israel	34.8050,32.1125
japan_prize-000003	Harvard University		Q13371	Cambridge	United States	-71.1169,42.3744
japan_prize-000004	University of Utah			Salt Lake City	United States	-111.8464,40.7642
japan_prize-000005	Farms of Texas Company			Alvin	United States	
japan_prize-000006	International Rice Research Institute		Q1204921	Los Baños	Philippines	121.2616,14.1417
japan_prize-000007	Maiman Associates			Marina del Rey	United States	
japan_prize-000008	Commissariat à l'Energie Atomique		Q868550	Paris	France	2.1503,48.7251
japan_prize-000009	Johns Hopkins University	School of Hygiene and Public Health	Q193727	Baltimore	United States	-76.6206,39.3289
japan_prize-000010	Kumamoto National Hospital			Kumamoto	Japan	
japan_prize-000011	Australian National University	John Curtin School of Medical Research	Q127990	Canberra	Australia	149.1205,-35.2778
japan_prize-000012	Pasteur Institute			Paris	France	
japan_prize-000013	National Cancer Institute, National Institutes of Health		Q664846	Bethesda	United States	-77.1019,38.9975
japan_prize-000014	University of California, Irvine		Q868421	Irvine	United States	-117.8426,33.6454
japan_prize-000015	Harvard University		Q13371	Cambridge	United States	-71.1169,42.3744
japan_prize-000016	Massachusetts Institute of Technology		Q49108	Cambridge	United States	-71.0919,42.3597
japan_prize-000017	Princeton University		Q21578	Princeton	United States	-74.6561,40.3453
japan_prize-000018	University of Cambridge		Q35794	Cambridge	United Kingdom	0.1132,52.2054
japan_prize-000019	École Normale Supérieure	Department of Geology	Q83259	Paris	France	2.3447,48.8419
japan_prize-000020	Collège de France		Q202660	Paris	France	2.3456,48.8492
japan_prize-000021	Physicomedical Institute			Minneapolis	United States	
japan_prize-000022	Max Planck Society	Fritz Haber Institute	Q158085	Berlin	Germany	13.2830,52.4485
japan_prize-000023	Animal Biotechnology Cambridge Ltd.			Cambridge	United Kingdom	
japan_prize-000024	U.S. National Academy of Sciences		Q270794	Washington, D.C.	United States	-77.0195,38.8966
japan_prize-000025	Atomic Tags, Inc.			La Jolla	United States	
japan_prize-000026	California Institute of Technology		Q161562	Pasadena	United States	-118.1244,34.1385
japan_prize-000027	University of Gothenburg		Q371522	Gothenburg	Sweden	11.9717,57.6983
japan_prize-000028	University of Illinois Urbana-Champaign		Q457281	Urbana	United States	-88.2284,40.1105
japan_prize-000029	Florida State University		Q861548	Tallahassee	United States	-84.2950,30.4417
japan_prize-000030	The Chinese University of Hong Kong		Q15570	Hong Kong	Hong Kong	114.2068,22.4197
japan_prize-000031	The Institute of Physical and Chemical Research (RIKEN), Frontier Research Program			Wako	Japan	
japan_prize-000032	National Cancer Center; Toho University			Tokyo	Japan	
japan_prize-000033	University of California, Berkeley		Q168756	Berkeley	United States	-122.2583,37.8719
japan_prize-000034	HelpMate Robotics Inc.			Danbury	United States	
japan_prize-000035	The University of Tokyo		Q7842	Tokyo	Japan	139.7623,35.7134
japan_prize-000036	University of Tsukuba		Q743615	Tsukuba	Japan	140.1021,36.1037
japan_prize-000037	Max Planck Society	Max Planck Institute for Plant Breeding Research	Q158085	Cologne	Germany	6.8594,50.9584
japan_prize-000038	Ghent University	Department of Genetics	Q1137665	Ghent	Belgium	3.7261,51.0439
japan_prize-000039	University of Hawaii at Manoa		Q2000129	Honolulu	United States	-157.8170,21.2970
japan_prize-000040	Harvard University		Q13371	Cambridge	United States	-71.1169,42.3744
japan_prize-000041	Harvard University		Q13371	Cambridge	United States	-71.1169,42.3744
japan_prize-000042	University of Pennsylvania	Department of Landscape Architecture and Regional Planning	Q49117	Philadelphia	United States	-75.1936,39.9519
japan_prize-000043	La Jolla Institute for Allergy and Immunology		Q6463245	La Jolla	United States	-117.2199,32.8772
japan_prize-000044	University of Texas		Q49213	Austin	United States	-97.7394,30.2861
japan_prize-000045	University of British Columbia		Q391028	Vancouver	Canada	-123.2528,49.2647
japan_prize-000046	Massachusetts Institute of Technology	Laboratory for Computer Science	Q49108	Cambridge	United States	-71.0919,42.3597
japan_prize-000047	Wellcome Trust / Cancer Research Campaign (CRC) Institute			Cambridge	United Kingdom	
japan_prize-000048	Institute of Zoology, Warsaw University			Warsaw	Poland	
japan_prize-000049	Yale University		Q49112	New Haven	United States	-72.9267,41.3111
japan_prize-000050	Institute for Physical Sciences and Technology, University of Maryland			College Park	United States	
japan_prize-000051	Ogawa Laboratories for Brain Function Research, Hamano Life Science Research Foundation			Tokyo	Japan	
japan_prize-000052	The University of Tokyo		Q7842	Tokyo	Japan	139.7623,35.7134
japan_prize-000053	Kanagawa Academy of Science and Technology		Q11589396	Kawasaki	Japan	
japan_prize-000054	Commonwealth Scientific and Industrial Research Organization (CSIRO), Division of Marine Research			Hobart	Australia	
japan_prize-000055	Natural Environment Research Council			Swindon	United Kingdom	
japan_prize-000056	National Institute of Information and Communications Technology		Q6973676	Koganei	Japan	139.4878,35.7092
japan_prize-000057	RIKEN Center for Developmental Biology		Q30267664	Kobe	Japan	135.2146,34.6582
japan_prize-000058	The Burnham Institute			La Jolla	United States	
japan_prize-000059	Hadley Centre for Climate Prediction and Research, Meteorological Office			Exeter	United Kingdom	
japan_prize-000060	Biopharm Research Laboratories			Mitaka	Japan	139.5595,35.6836
japan_prize-000061	Université Paris-Sud	Unité Mixte de Physique CNRS/Thales	Q1480643	Orsay	France	2.1706,48.7006
japan_prize-000062	Forschungszentrum Jülich		Q697111	Jülich	Germany	6.4119,50.9050
japan_prize-000063	Harvard University		Q13371	Cambridge	United States	-71.1169,42.3744
japan_prize-000064	Google		Q95	Mountain View	United States	-122.0844,37.4221
japan_prize-000065	Corporation for National Research Initiatives		Q3350649	Reston	United States	
japan_prize-000066	Johns Hopkins University	McKusick-Nathans Institute of Genetic Medicine	Q193727	Baltimore	United States	-76.6206,39.3289
japan_prize-000067	Laboratory for Interactive Learning		Q6467293	Durham	United States	
japan_prize-000068	University of Michigan	Medical School	Q230492	Ann Arbor	United States	-83.7381,42.2769
japan_prize-000069	Tohoku Institute of Technology			Sendai	Japan	
japan_prize-000070	Stanford University	Department of Biology	Q41506	Stanford	United States	-122.1700,37.4275
japan_prize-000071	Google		Q95	Mountain View	United States	-122.0844,37.4221
japan_prize-000072	Nokia Bell Labs		Q217365	Murray Hill	United States	-74.4003,40.6833
japan_prize-000073	Osaka University	Graduate School of Frontier Bioscience	Q651233	Suita	Japan	135.5267,34.8192
japan_prize-000074	Osaka University	Graduate School of Medicine	Q651233	Suita	Japan	135.5267,34.8192
japan_prize-000075	The University of Chicago			Chicago	United States	
japan_prize-000076	OHSU Knight Cancer Institute, Oregon Health & Science University			Portland	United States	
japan_prize-000077	Blueprint Medicines		Q56582970	Cambridge	United States	-71.1019,42.3634
japan_prize-000078	Intermetallics Co., Ltd.			Kyoto	Japan	
japan_prize-000079	The University of Texas at Austin		Q49213	Austin	United States	-97.7394,30.2861
japan_prize-000080	King Abdullah University of Science and Technology		Q1463036	Thuwal	Saudi Arabia	39.1053,22.3097
japan_prize-000081	Rutgers, The State University of New Jersey		Q499451	New Brunswick	United States	-74.4481,40.5017
japan_prize-000082	Tokyo Institute of Technology			Tokyo	Japan	139.6839,35.6050
japan_prize-000083	Rockefeller University		Q270272	New York City	United States	-73.9556,40.7625
japan_prize-000084	The University of Tokyo		Q7842	Tokyo	Japan	139.7623,35.7134
japan_prize-000085	University of California, San Diego	School of Medicine, Department of Pediatrics	Q622664	La Jolla	United States	-117.2361,32.8789
japan_prize-000086	Institut Imagine		Q3152167	Paris	France	2.3181,48.8453
japan_prize-000087	Tokyo Institute of Technology			Yokohama	Japan	
japan_prize-000088	Cornell University		Q49115	Ithaca	United States	-76.4839,42.4492
japan_prize-000089	Max Planck Society	Max Planck Institute for Infection Biology	Q158085	Berlin	Germany	13.3753,52.5250
japan_prize-000090	University of California, Berkeley		Q168756	Berkeley	United States	-122.2583,37.8719
japan_prize-000091	Weizmann Institute of Science	Department of Computer Science and Applied Mathematics	Q4182	Rehovot	Israel	34.8092,31.9075
japan_prize-000092	Asahi Kasei Corporation		Q720489	Tokyo	Japan	
japan_prize-000093	Emory University	School of Medicine	Q621043	Atlanta	United States	-84.3242,33.7925
japan_prize-000094	The Walter and Eliza Hall Institute of Medical Research		Q7966487	Melbourne	Australia	144.9560,-37.7980
japan_prize-000095	Nagoya University		Q1191132	Nagoya	Japan	136.9686,35.1525
japan_prize-000096	The Ohio State University, Carbon Management and Sequestration Center			Columbus	United States	
japan_prize-000097	Massachusetts Institute of Technology		Q49108	Cambridge	United States	-71.0919,42.3597
japan_prize-000098	Max Planck Society	Max Planck Institute for Evolutionary Anthropology	Q158085	Leipzig	Germany	12.3944,51.3206
japan_prize-000099	University of New South Wales (UNSW Sydney)		Q734764	Sydney	Australia	151.2325,-33.9169
japan_prize-000100	Johns Hopkins University	School of Medicine	Q193727	Baltimore	United States	-76.5942,39.2989
japan_prize-000101	Whitehead Institute for Biomedical Research; Massachusetts Institute of Technology (MIT)			Cambridge	United States	
japan_prize-000102	BioNTech		Q30256699	Mainz	Germany	8.2714,49.9878
japan_prize-000103	University of Pennsylvania	School of Medicine	Q49117	Philadelphia	United States	-75.1936,39.9519
japan_prize-000104	Stanford University	Stanford Woods Institute for the Environment	Q41506	Stanford	United States	-122.1700,37.4275
japan_prize-000105	Tohoku University		Q1062129	Sendai	Japan	140.8736,38.2542
japan_prize-000106	National Institute of Information and Communications Technology		Q6973676	Koganei	Japan	139.4878,35.7092
japan_prize-000107	Centre for Neural Circuits and Behaviour, University of Oxford			Oxford	United Kingdom	
japan_prize-000108	Stanford University; Howard Hughes Medical Institute			Stanford	United States	
japan_prize-000109	University of Reading	Department of Meteorology	Q1432632	Reading	United Kingdom	-0.9456,51.4419
japan_prize-000110	University of Washington	Department of Atmospheric Sciences	Q219563	Seattle	United States	-122.3081,47.6542
japan_prize-000111	Salk Institute for Biological Studies		Q1351061	La Jolla	United States	-117.2464,32.8875
japan_prize-000112	Georgia Institute of Technology		Q864855	Atlanta	United States	-84.3947,33.7758
japan_prize-000113	King Abdullah University of Science and Technology		Q1463036	Thuwal	Saudi Arabia	39.1053,22.3097
japan_prize-000114	Harvard University		Q13371	Cambridge	United States	-71.1169,42.3744
japan_prize-000115	Center for Advanced Modalities and DDS (CAMaD), The University of Osaka			Suita	Japan	
japan_prize-000116	University of Texas Southwestern Medical Center		Q2725999	Dallas	United States	-96.8402,32.8121
kyoto_prize-000001	ETH Zurich		Q11942	Zurich	Switzerland	8.5479,47.3764
kyoto_prize-000002	Massachusetts Institute of Technology		Q49108	Cambridge	United States	-71.0919,42.3597
kyoto_prize-000003	Paris Conservatory			Paris	France	2.3908,48.8889
kyoto_prize-000004	Collège de France		Q202660	Paris	France	2.3456,48.8492
kyoto_prize-000005	Yale University		Q49112	New Haven	United States	-72.9267,41.3111
kyoto_prize-000006	Freelance					
kyoto_prize-000007	Massachusetts Institute of Technology		Q49108	Cambridge	United States	-71.0919,42.3597
kyoto_prize-000008	Leiden University		Q156598	Leiden	Netherlands	4.4853,52.1569
kyoto_prize-000009	Freelance					
kyoto_prize-000010	Stanford University		Q41506	Stanford	United States	-122.1700,37.4275
kyoto_prize-000011	Massachusetts Institute of Technology		Q49108	Cambridge	United States	-71.0919,42.3597
kyoto_prize-000012	University of Tübingen			Tübingen	Germany	9.0589,48.5250
kyoto_prize-000013	Nokia Bell Labs		Q217365	Murray Hill	United States	-74.4003,40.6833
kyoto_prize-000014	Moscow State University		Q13164	Moscow	Russia	37.5306,55.7025
kyoto_prize-000015	Freelance					
kyoto_prize-000016	MRC Laboratory of Molecular Biology		Q185800	Cambridge	United Kingdom	0.1430,52.1763
kyoto_prize-000017	Jane Goodall Institute		Q958460	Vienna	United States	
kyoto_prize-000018	Renzo Piano Building Workshop		Q100604548	Genoa	Italy	8.7248,44.4180
kyoto_prize-000019	University of Southern California		Q4614	Los Angeles	United States	-118.2853,34.0217
kyoto_prize-000020	Massachusetts Institute of Technology		Q49108	Cambridge	United States	-71.0919,42.3597
kyoto_prize-000021	Royal Shakespeare Company		Q1146254	Stratford-upon-Avon	United Kingdom	
kyoto_prize-000022	University of Cambridge		Q35794	Cambridge	United Kingdom	0.1132,52.2054
kyoto_prize-000023	Kobe University		Q1192597	Kobe	Japan	135.2347,34.7281
kyoto_prize-000024	London School of Economics and Political Science		Q174570	London	United Kingdom	-0.1167,51.5139
kyoto_prize-000025	Texas Instruments			Dallas	United States	
kyoto_prize-000026	University of Oxford		Q34433	Oxford	United Kingdom	-1.2550,51.7550
kyoto_prize-000027	Freelance					
kyoto_prize-000028	University of Illinois Urbana-Champaign		Q457281	Urbana	United States	-88.2284,40.1105
kyoto_prize-000029	Institute for Advanced Study		Q635642	Princeton	United States	-74.6678,40.3317
kyoto_prize-000030	Kurosawa Production		Q121299458	Tokyo	Japan	
kyoto_prize-000031	University of Hull			Hull	United Kingdom	-0.3694,53.7717
kyoto_prize-000032	Kyoto University		Q336264	Kyoto	Japan	135.7808,35.0262
kyoto_prize-000033	Freelance					
kyoto_prize-000034	Stanford University		Q41506	Stanford	United States	-122.1700,37.4275
kyoto_prize-000035	University of Utah			Salt Lake City	United States	-111.8464,40.7642
kyoto_prize-000036	Harvard University		Q13371	Cambridge	United States	-71.1169,42.3744
kyoto_prize-000037	Zilog			Campbell	United States	
kyoto_prize-000038	Intel		Q248	Santa Clara	United States	-121.9638,37.3883
kyoto_prize-000039	Intel		Q248	Santa Clara	United States	-121.9638,37.3883
kyoto_prize-000040	Intel		Q248	Santa Clara	United States	-121.9638,37.3883
kyoto_prize-000041	University of Pennsylvania		Q49117	Philadelphia	United States	-75.1936,39.9519
kyoto_prize-000042	Freelance					
kyoto_prize-000043	ETH Zurich		Q11942	Zurich	Switzerland	8.5479,47.3764
kyoto_prize-000044	Kyoto University		Q336264	Kyoto	Japan	135.7808,35.0262
kyoto_prize-000045	Freelance					
kyoto_prize-000046	University of Arizona			Tucson	United States	-110.9525,32.2319
kyoto_prize-000047	Scripps Institution of Oceanography			La Jolla	United States	-117.2536,32.8654
kyoto_prize-000048	Béjart Ballet Lausanne		Q2929775	Lausanne	Switzerland	
kyoto_prize-000049	University of Oxford		Q34433	Oxford	United Kingdom	-1.2550,51.7550
kyoto_prize-000050	University of Basel			Basel	Switzerland	7.5835,47.5585
kyoto_prize-000051	University of Paris			Paris	France	
kyoto_prize-000052	Optoelectronics Technology Research Laboratory			Tsukuba	Japan	
kyoto_prize-000053	Nokia Bell Labs		Q217365	Murray Hill	United States	-74.4003,40.6833
kyoto_prize-000054	Ioffe Institute		Q32637	Saint Petersburg	Russia	30.3688,60.0068
kyoto_prize-000055	University of Sussex			Brighton	United Kingdom	-0.0856,50.8653
kyoto_prize-000056	Freelance					
kyoto_prize-000057	Institute for Systems Biology		Q1829731	Seattle	United States	
kyoto_prize-000058	Institut des Hautes Études Scientifiques		Q1156553	Bures-sur-Yvette	France	2.1691,48.6950
kyoto_prize-000059	Tadao Ando Architect & Associates			Osaka	Japan	
kyoto_prize-000060	Harvard University		Q13371	Cambridge	United States	-71.1169,42.3744
kyoto_prize-000061	University of Chicago		Q131252	Chicago	United States	-87.5997,41.7897
kyoto_prize-000062	Freelance					
kyoto_prize-000063	Xerox PARC			Palo Alto	United States	
kyoto_prize-000064	Fox Chase Cancer Center		Q5476635	Philadelphia	United States	-75.0902,40.0718
kyoto_prize-000065	Goethe University Frankfurt		Q50662	Frankfurt	Germany	8.6694,50.1279
kyoto_prize-000066	DARPA		Q207361	Arlington	United States	
kyoto_prize-000067	Princeton University		Q21578	Princeton	United States	-74.6561,40.3453
kyoto_prize-000068	Concentus Musicus Wien		Q372863	Vienna	Austria	
kyoto_prize-000069	Stanford University		Q41506	Stanford	United States	-122.1700,37.4275
kyoto_prize-000070	Institute of Statistical Mathematics		Q4853066	Tokyo	Japan	
kyoto_prize-000071	Freelance					
kyoto_prize-000072	Institute for Molecular Science		Q11396095	Okazaki	Japan	137.1664,34.9477
kyoto_prize-000073	California Institute of Technology		Q161562	Pasadena	United States	-118.1244,34.1385
kyoto_prize-000074	Tanztheater Wuppertal			Wuppertal	Germany	
kyoto_prize-000075	University of California, Berkeley		Q168756	Berkeley	United States	-122.2583,37.8719
kyoto_prize-000076	Mount Sinai Hospital			Toronto	Canada	
kyoto_prize-000077	McGill University		Q201492	Montreal	Canada	-73.5775,45.5050
kyoto_prize-000078	Meijo University		Q847117	Nagoya	Japan	136.9760,35.1360
kyoto_prize-000079	Princeton University		Q21578	Princeton	United States	-74.6561,40.3453
kyoto_prize-000080	Princeton University		Q21578	Princeton	United States	-74.6561,40.3453
kyoto_prize-000081	IRCAM		Q579314	Paris	France	2.3514,48.8597
kyoto_prize-000082	Kyoto University		Q336264	Kyoto	Japan	135.7808,35.0262
kyoto_prize-000083	Eötvös Loránd University		Q390287	Budapest	Hungary	19.0585,47.4906
kyoto_prize-000084	Freelance					
kyoto_prize-000085	National Institute of Standards and Technology			Gaithersburg	United States	-77.2178,39.1415
kyoto_prize-000086	Max Planck Society	Max Planck Institute for Astrophysics	Q158085	Garching	Germany	11.6717,48.2611
kyoto_prize-000087	Freelance					
kyoto_prize-000088	Portland State University			Portland	United States	-122.6853,45.5128
kyoto_prize-000089	Tokyo Institute of Technology			Tokyo	Japan	139.6839,35.6050
kyoto_prize-000090	Columbia University		Q49088	New York	United States	-73.9619,40.8075
kyoto_prize-000091	IBM		Q37156	Yorktown Heights	United States	
kyoto_prize-000092	Pennsylvania State University			University Park	United States	-77.8628,40.7961
kyoto_prize-000093	Freelance					
kyoto_prize-000094	Massachusetts Institute of Technology		Q49108	Cambridge	United States	-71.0919,42.3597
kyoto_prize-000095	Institute for Advanced Study		Q635642	Princeton	United States	-74.6678,40.3317
kyoto_prize-000096	Freelance					
kyoto_prize-000097	Kyushu University		Q1188786	Fukuoka	Japan	130.2178,33.5957
kyoto_prize-000098	University of Geneva		Q503473	Geneva	Switzerland	6.1445,46.1990
kyoto_prize-000099	Hamburg Ballet		Q874154	Hamburg	Germany	
kyoto_prize-000100	Carnegie Mellon University		Q190080	Pittsburgh	United States	-79.9433,40.4425
kyoto_prize-000101	Kyoto University		Q336264	Kyoto	Japan	135.7808,35.0262
kyoto_prize-000102	University of Chicago		Q131252	Chicago	United States	-87.5997,41.7897
kyoto_prize-000103	Fujitsu		Q186394	Kawasaki	Japan	
kyoto_prize-000104	Australian National University		Q127990	Canberra	Australia	149.1205,-35.2778
kyoto_prize-000105	University of California, Berkeley		Q168756	Berkeley	United States	-122.2583,37.8719
kyoto_prize-000106	Stanford University		Q41506	Stanford	United States	-122.1700,37.4275
kyoto_prize-000107	Kyoto University		Q336264	Kyoto	Japan	135.7808,35.0262
kyoto_prize-000108	Freelance					
kyoto_prize-000109	University of Rochester			Rochester	United States	-77.6283,43.1283
kyoto_prize-000110	Princeton University		Q21578	Princeton	United States	-74.6561,40.3453
kyoto_prize-000111	Théâtre du Soleil			Paris	France	
kyoto_prize-000112	Tsinghua University			Beijing	China	116.3267,40.0000
kyoto_prize-000113	Rockefeller University		Q270272	New York	United States	-73.9556,40.7625
kyoto_prize-000114	Sciences Po			Paris	France	2.3286,48.8542
kyoto_prize-000115	California Institute of Technology		Q161562	Pasadena	United States	-118.1244,34.1385
kyoto_prize-000116	Princeton University		Q21578	Princeton	United States	-74.6561,40.3453
kyoto_prize-000117	Freelance					
kyoto_prize-000118	University of Hawaii			Honolulu	United States	-157.8170,21.2970
kyoto_prize-000119	Princeton University		Q21578	Princeton	United States	-74.6561,40.3453
kyoto_prize-000120	Freelance					
kyoto_prize-000121	Imperial College London		Q189022	London	United Kingdom	-0.1769,51.4983
kyoto_prize-000122	Harvard University		Q13371	Cambridge	United States	-71.1169,42.3744
kyoto_prize-000123	Freelance					
kyoto_prize-000124	RIKEN		Q1153275	Wako	Japan	139.6160,35.7788
kyoto_prize-000125	University of Cambridge		Q35794	Cambridge	United Kingdom	0.1132,52.2054
kyoto_prize-000126	New York University			New York	United States	-73.9950,40.7300
kyoto_prize-000127	Toin University of Yokohama			Yokohama	Japan	139.5180,35.5659
kyoto_prize-000128	Scripps Institution of Oceanography			La Jolla	United States	-117.2536,32.8654
kyoto_prize-000129	Freelance					
lasker_awards-000001	Washington University		Q777403	St. Louis	United States	-90.3050,38.6480
lasker_awards-000002	New York Medical Examiner’s Office			New York	United States	
lasker_awards-000003	Charles A. Dana Foundation and the Eleanor Naylor Dana Charitable Trust			New York	United States	
lasker_awards-000004	The Rockefeller Institute		Q270272	New York	United States	-73.9556,40.7625
lasker_awards-000005	The Rockefeller Institute		Q270272	New York	United States	-73.9556,40.7625
lasker_awards-000006	University of Pennsylvania		Q49117	Philadelphia	United States	-75.1936,39.9519
lasker_awards-000007	The Rockefeller Foundation		Q862034	New York	United States	-73.9833,40.7508
lasker_awards-000008	New York University	School of Medicine	Q49210	New York	United States	-73.9950,40.7300
lasker_awards-000009	The Rockefeller Institute		Q270272	New York	United States	-73.9556,40.7625
lasker_awards-000010	University of Michigan		Q230492	Ann Arbor	United States	-83.7381,42.2769
lasker_awards-000011	Harvard University	Harvard School of Public Health	Q13371	Boston	United States	-71.1169,42.3744
lasker_awards-000012	The Rockefeller Institute		Q270272	New York	United States	-73.9556,40.7625
lasker_awards-000013	Rutgers University		Q499451	New Brunswick	United States	-74.4481,40.5017
lasker_awards-000014	Cornell University	Weill Cornell Medical College	Q49115	New York	United States	-73.9541,40.7645
lasker_awards-000015	United States Children’s Bureau			Washington	United States	
lasker_awards-000016	National Institutes of Health		Q390551	Bethesda	United States	-77.1019,38.9975
lasker_awards-000017	Columbia University		Q49088	New York	United States	-73.9619,40.8075
lasker_awards-000018	New York University		Q49210	New York	United States	-73.9950,40.7300
lasker_awards-000019	New York University		Q49210	New York	United States	-73.9950,40.7300
lasker_awards-000020	The Mayo Foundation			Rochester	United States	
lasker_awards-000021	The Rockefeller Foundation		Q862034	New York	United States	-73.9833,40.7508
lasker_awards-000022	The Mayo Foundation			Rochester	United States	
lasker_awards-000023	Bureau of Public Health Nursing New York State Department of Health			Albany	United States	
lasker_awards-000024	California Institute of Technology		Q161562	Pasadena	United States	-118.1244,34.1385
lasker_awards-000025	Cornell University		Q49115	Ithaca	United States	-76.4839,42.4492
lasker_awards-000026	University of California, San Francisco		Q1061104	San Francisco	United States	-122.4581,37.7628
lasker_awards-000027	Columbia University College of Physicians and Surgeons		Q2154182	New York	United States	-73.9411,40.8415
lasker_awards-000028	Philadelphia College of Physicians			Philadelphia	United States	
lasker_awards-000029	University of Illinois College of Medicine	Chicago Campus	Q7895524	Chicago	United States	-87.6735,41.8711
lasker_awards-000030	Harvard University	Harvard Medical School	Q13371	Boston	United States	-71.1039,42.3369
lasker_awards-000031	Cornell University		Q49115	Ithaca	United States	-76.4839,42.4492
lasker_awards-000032	Johns Hopkins University	School of Medicine	Q193727	Baltimore	United States	-76.5942,39.2989
lasker_awards-000033	Royal Melbourne Hospital		Q7374471	Melbourne	Australia	144.9561,-37.7988
lasker_awards-000034	University of Wisconsin		Q838330	Madison	United States	-89.4042,43.0753
lasker_awards-000035	Colorado Dental Association		Q15760688	Denver	United States	
lasker_awards-000036	NIH, National Institute of Dental and Craniofacial Research			Bethesda	United States	
lasker_awards-000037	World Health Organization		Q7817	Geneva	Switzerland	6.1342,46.2335
lasker_awards-000038	New York University School of Medicine, Office of Defense Mobilization, New York Times			New York	United States	
lasker_awards-000039	Harvard University		Q13371	Cambridge	United States	-71.1169,42.3744
lasker_awards-000040	University of Washington	School of Medicine	Q219563	Seattle	United States	-122.3070,47.6492
lasker_awards-000041	Columbia University		Q49088	New York	United States	-73.9619,40.8075
lasker_awards-000042	National Heart Institute			Bethesda	United States	
lasker_awards-000043	Massachusetts Institute of Technology		Q49108	Cambridge	United States	-71.0919,42.3597
lasker_awards-000044	Mississippi State Board of Health			Jackson	United States	
lasker_awards-000045	University of Szeged			Szeged	Hungary	
lasker_awards-000046	Tufts University	Medical College		Boston	United States	
lasker_awards-000047	Harvard University	Harvard Medical School	Q13371	Boston	United States	-71.1039,42.3369
lasker_awards-000048	Johns Hopkins University		Q193727	Baltimore	United States	-76.6206,39.3289
lasker_awards-000049	Johns Hopkins University		Q193727	Baltimore	United States	-76.6206,39.3289
lasker_awards-000050	Harvard University	Harvard Medical School	Q13371	Boston	United States	-71.1039,42.3369
lasker_awards-000051	New York City-Commissioner of Health			New York	United States	
lasker_awards-000052	Circulation Research		Q2599020	Boston	United States	
lasker_awards-000053	University of Wisconsin, Madison		Q838330	Madison	United States	-89.4042,43.0753
lasker_awards-000054	University of Minnesota		Q238101	Minneapolis	United States	-93.2353,44.9750
lasker_awards-000055	Hoffman – La Roche Research Laboratories			Basel	Switzerland	
lasker_awards-000056	Bristol-Meyers Squibb- Squibb Institute for Medical Research			Princeton	United States	
lasker_awards-000057	University of Minnesota		Q238101	Minneapolis	United States	-93.2353,44.9750
lasker_awards-000058	Bristol-Meyers Squibb- Squibb Institute for Medical Research			Princeton	United States	
lasker_awards-000059	University of Minnesota		Q238101	Minneapolis	United States	-93.2353,44.9750
lasker_awards-000060	University of Minnesota		Q238101	Minneapolis	United States	-93.2353,44.9750
lasker_awards-000061	Hoffman – La Roche Research Laboratories			Basel	Switzerland	
lasker_awards-000062	Menninger Foundation		Q3735235		United States	
lasker_awards-000063	United States Public Health Service				United States	
lasker_awards-000064	University of Toronto		Q180865	Toronto	Canada	-79.3957,43.6629
lasker_awards-000065	Massachusetts Institute of Technology		Q49108	Cambridge	United States	-71.0919,42.3597
lasker_awards-000066	Columbia University College of Physicians and Surgeons		Q2154182	New York	United States	-73.9411,40.8415
lasker_awards-000067	Johns Hopkins University		Q193727	Baltimore	United States	-76.6206,39.3289
lasker_awards-000068	University of Pittsburgh		Q235034	Pittsburgh	United States	-79.9533,40.4446
lasker_awards-000069	Michael Reese Hospital University of Chicago			Chicago	United States	
lasker_awards-000070	Kresge Eye Institute		Q16998687	Detroit	United States	
lasker_awards-000071	Metropolitan Life Insurance Company			New York	United States	
lasker_awards-000072	University of Pennsylvania	School of Medicine	Q49117	Philadelphia	United States	-75.1936,39.9519
lasker_awards-000073	Douglas Hospital, Montréal			Montreal	Canada	
lasker_awards-000074	Val-de-Grâce			Paris	France	
lasker_awards-000075	Rockland Psychiatric Center (Rockland State Hospital)		Q22061059	Orangeburg	United States	-73.9688,41.0494
lasker_awards-000076	Sainte-Anne Psychiatric Hospital			Paris	France	
lasker_awards-000077	The Rockefeller University (Rockefeller Institute)			New York	United States	
lasker_awards-000078	Modesto State Hospital			Modesto	United States	
lasker_awards-000079	National Institutes of Health		Q390551	Bethesda	United States	-77.1019,38.9975
lasker_awards-000080	Milbank Memorial Fund		Q30272675	New York	United States	-73.9709,40.7639
lasker_awards-000081	American Public Health Association		Q4744758	Washington	United States	
lasker_awards-000082	King Edward VII Memorial Hospital, Bombay			Mumbai	India	
lasker_awards-000083	Cold Spring Harbor Laboratory		Q609768	Cold Spring Harbor	United States	-73.4672,40.8619
lasker_awards-000084	Max Planck Society	Max Planck Institute for Biology Tübingen	Q158085	Tübingen	Germany	9.0575,48.5367
lasker_awards-000085	University of California, Berkeley		Q168756	Berkeley	United States	-122.2583,37.8719
lasker_awards-000086	Cleveland Clinic		Q4117596	Cleveland	United States	-81.6211,41.5025
lasker_awards-000087	The Rockefeller Institute		Q270272	New York	United States	-73.9556,40.7625
lasker_awards-000088	University of California	University of California, Berkeley	Q184478	Berkeley	United States	-122.2583,37.8719
lasker_awards-000089	Boston University	School of Medicine	Q49110	Boston	United States	-71.1003,42.3489
lasker_awards-000090	March of Dimes		Q751572	Arlington	United States	
lasker_awards-000091	American Heart Association Harvard Medical School			Dallas	United States	
lasker_awards-000092	National Institutes of Health		Q390551	Bethesda	United States	-77.1019,38.9975
lasker_awards-000093	Sloan-Kettering Institute			New York	United States	
lasker_awards-000094	Western Reserve University	School of Medicine		Cleveland	United States	
lasker_awards-000095	Veterans Administration Hospital			Washington	United States	
lasker_awards-000096	United Nations Children’s Fund			Washington	United States	
lasker_awards-000097	Berlin Institute of Technology		Q51985	Berlin	Germany	13.3264,52.5119
lasker_awards-000098	University of Cambridge		Q35794	Cambridge	United Kingdom	0.1132,52.2054
lasker_awards-000099	Harvard University		Q13371	Cambridge	United States	-71.1169,42.3744
lasker_awards-000100	David Sarnoff Research Center (RCA Laboratories)			Princeton	United States	
lasker_awards-000101	University of Michigan		Q230492	Ann Arbor	United States	-83.7381,42.2769
lasker_awards-000102	University College London		Q193196	London	United Kingdom	-0.1336,51.5247
lasker_awards-000103	King’s College London		Q245247	London	United Kingdom	-0.1161,51.5119
lasker_awards-000104	Mayo Clinic		Q1130172	Rochester	United States	-92.4666,44.0225
lasker_awards-000105	New York-Presbyterian Hospital/Weill Cornell Medical Center			New York	United States	
lasker_awards-000106	University of Wisconsin, Madison		Q838330	Madison	United States	-89.4042,43.0753
lasker_awards-000107	Johns Hopkins University		Q193727	Baltimore	United States	-76.6206,39.3289
lasker_awards-000108	University of Puerto Rico		Q2075365	San Juan	United States	-66.0506,18.4031
lasker_awards-000109	Hormone Research Laboratory University of California			Berkeley	United States	
lasker_awards-000110	National Institutes of Health		Q390551	Bethesda	United States	-77.1019,38.9975
lasker_awards-000111	The Rockefeller Institute		Q270272	New York	United States	-73.9556,40.7625
lasker_awards-000112	University of Chicago		Q131252	Chicago	United States	-87.5997,41.7897
lasker_awards-000113	Baylor College of Medicine		Q2892284	Houston	United States	-95.3965,29.7105
lasker_awards-000114	US House of Representatives			Washington	United States	-77.0092,38.8897
lasker_awards-000115	US House of Representatives			Washington	United States	-77.0092,38.8897
lasker_awards-000116	University of California, Berkeley		Q168756	Berkeley	United States	-122.2583,37.8719
lasker_awards-000117	Salk Institute for Biological Studies		Q1351061	La Jolla	United States	-117.2464,32.8875
lasker_awards-000118	Rockland Psychiatric Center (Rockland State Hospital)		Q22061059	Orangeburg	United States	-73.9688,41.0494
lasker_awards-000119	Cornell University		Q49115	Ithaca	United States	-76.4839,42.4492
lasker_awards-000120	University of Cincinnati	College of Medicine	Q153265	Cincinnati	United States	-84.5153,39.1328
lasker_awards-000121	United States President			Washington	United States	
lasker_awards-000122	Rockefeller University		Q270272	New York	United States	-73.9556,40.7625
lasker_awards-000123	Harvard Medical School, Children’s Cancer Research Foundation			Boston	United States	
lasker_awards-000124	Joseph P. Kennedy Foundation			Washington	United States	
lasker_awards-000125	National Heart Institute, National Institutes of Health			Bethesda	United States	
lasker_awards-000126	Pakistan-SEATO Cholera Research Laboratory			Dhaka	Bangladesh	
lasker_awards-000127	US House of Representatives			Washington	United States	-77.0092,38.8897
lasker_awards-000128	University of Wisconsin		Q838330	Madison	United States	-89.4042,43.0753
lasker_awards-000129	National Heart Institute, NIH			Bethesda	United States	
lasker_awards-000130	New York University Medical Center		Q6956114	New York	United States	-73.9740,40.7420
lasker_awards-000131	Jefferson Medical College		Q2471216	Philadelphia	United States	-75.1925,40.0225
lasker_awards-000132	United States Senate			Washington	United States	-77.0092,38.8897
lasker_awards-000133	Rockefeller University		Q270272	New York	United States	-73.9556,40.7625
lasker_awards-000134	Brookhaven National Laboratory		Q585777	Upton	United States	-72.8721,40.8733
lasker_awards-000135	Vanderbilt University	School of Medicine	Q29052	Nashville	United States	-86.8025,36.1475
lasker_awards-000136	University of Minnesota		Q238101	Minneapolis	United States	-93.2353,44.9750
lasker_awards-000137	Stanford University		Q41506	Stanford	United States	-122.1700,37.4275
lasker_awards-000138	California Institute of Technology		Q161562	Pasadena	United States	-118.1244,34.1385
lasker_awards-000139	University of Cambridge		Q35794	Cambridge	United Kingdom	0.1132,52.2054
lasker_awards-000140	Veterans Administration Hospital			Washington	United States	
lasker_awards-000141	National Cancer Institute, National Institutes of Health		Q664846	Bethesda	United States	-77.1019,38.9975
lasker_awards-000142	Medical Research Council		Q746879	London	United Kingdom	-1.7847,51.5667
lasker_awards-000143	St. Jude Children’s Research Hospital		Q1164246	Memphis	United States	-90.0431,35.1529
lasker_awards-000144	Roswell Park Memorial Institute		Q7370121	Buffalo	United States	-78.8650,42.8987
lasker_awards-000145	Children’s Cancer Research Foundation			Boston	United States	
lasker_awards-000146	University of Texas MD Anderson Cancer Center			Houston	United States	
lasker_awards-000147	Temple University			Philadelphia	United States	
lasker_awards-000148	Mercy Catholic Medical Center		Q30280440	Darby	United States	-75.2477,39.9001
lasker_awards-000149	Roswell Park Memorial Institute		Q7370121	Buffalo	United States	-78.8650,42.8987
lasker_awards-000150	Uganda Cancer Institute		Q7877584	Kampala	Uganda	32.5775,0.3400
lasker_awards-000151	Memorial Hospital for Cancer and Allied Diseases			New York	United States	
lasker_awards-000152	Nassau Hospital		Q8026554	Mineola	United States	-73.6427,40.7401
lasker_awards-000153	National Cancer Institute, National Institutes of Health		Q664846	Bethesda	United States	-77.1019,38.9975
lasker_awards-000154	New York Medical College		Q4115972	Valhalla	United States	-73.8100,41.0850
lasker_awards-000155	University Centre of Health Sciences			Yaoundé	Cameroon	
lasker_awards-000156	National Cancer Institute, National Institutes of Health		Q664846	Bethesda	United States	-77.1019,38.9975
lasker_awards-000157	Harvard Medical School; Beth Israel Hospital			Boston	United States	
lasker_awards-000158	Johns Hopkins University		Q193727	Baltimore	United States	-76.6206,39.3289
lasker_awards-000159	United States Senate			Washington	United States	-77.0092,38.8897
lasker_awards-000160	Kettering-Meyer Laboratory Southern Research Institute			Birmingham	United States	
lasker_awards-000161	American Cancer Society University of Wisconsin			Atlanta	United States	
lasker_awards-000162	Veterans Administration Hospital			Washington	United States	
lasker_awards-000163	Columbia University		Q49088	New York	United States	-73.9619,40.8075
lasker_awards-000164	Wrightington Hospital		Q30281227	Wigan	United Kingdom	-2.7120,53.5906
lasker_awards-000165	Veterans Administration			Washington	United States	
lasker_awards-000166	Scripps Clinic and Research Foundation		Q793867	La Jolla	United States	-117.2425,32.8961
lasker_awards-000167	The Rockefeller Institute		Q270272	New York	United States	-73.9556,40.7625
lasker_awards-000168	Salk Institute for Biological Studies		Q1351061	La Jolla	United States	-117.2464,32.8875
lasker_awards-000169	Central Research Laboratories EMI, Ltd.			Hayes	United Kingdom	
lasker_awards-000170	Brentwood VA Hospital			Los Angeles	United States	
lasker_awards-000171	Research to Prevent Blindness		Q7315181	New York	United States	
lasker_awards-000172	Mt. Sinai School of Medicine, CUNY			New York	United States	
lasker_awards-000173	University College London		Q193196	London	United Kingdom	-0.1336,51.5247
lasker_awards-000174	Medical College of Georgia		Q16973985	Augusta	United States	-81.9889,33.4706
lasker_awards-000175	World Health Organization		Q7817	Geneva	Switzerland	6.1342,46.2335
lasker_awards-000176	Karolinska Institutet		Q219564	Stockholm	Sweden	18.0267,59.3489
lasker_awards-000177	Wellcome Research Laboratories		Q20714098	Beckenham	United Kingdom	-0.0214,51.3943
lasker_awards-000178	Karolinska Institutet		Q219564	Stockholm	Sweden	18.0267,59.3489
lasker_awards-000179	Lund Institute of Technology			Lund	Sweden	
lasker_awards-000180	University Hospital of Lund			Lund	Sweden	
lasker_awards-000181	University of Aberdeen		Q270532	Aberdeen	United Kingdom	-2.1000,57.1650
lasker_awards-000182	Imperial College of Science and Technology		Q189022	London	United Kingdom	-0.1769,51.4983
lasker_awards-000183	Johns Hopkins University	School of Medicine	Q193727	Baltimore	United States	-76.5942,39.2989
lasker_awards-000184	Rockefeller University		Q270272	New York	United States	-73.9556,40.7625
lasker_awards-000185	Columbia University		Q49088	New York	United States	-73.9619,40.8075
lasker_awards-000186	University of Pennsylvania	School of Medicine	Q49117	Philadelphia	United States	-75.1936,39.9519
lasker_awards-000187	Ambassador-at-Large			Washington	United States	
lasker_awards-000188	Cornell University	Weill Cornell Medical College	Q49115	New York	United States	-73.9541,40.7645
lasker_awards-000189	Laboratory of Molecular Biology, Cambridge, England			Cambridge	United Kingdom	
lasker_awards-000190	California Institute of Technology		Q161562	Pasadena	United States	-118.1244,34.1385
lasker_awards-000191	Harvard University		Q13371	Cambridge	United States	-71.1169,42.3744
lasker_awards-000192	Duke University		Q168751	Durham	United States	-78.9389,36.0011
lasker_awards-000193	Stanford University	School of Medicine	Q41506	Stanford	United States	-122.1700,37.4275
lasker_awards-000194	University of California, San Francisco		Q1061104	San Francisco	United States	-122.4581,37.7628
lasker_awards-000195	Stanford University	School of Medicine	Q41506	Stanford	United States	-122.1700,37.4275
lasker_awards-000196	Stanford University	School of Medicine	Q41506	Stanford	United States	-122.1700,37.4275
lasker_awards-000197	The University of Liverpool		Q499510	Liverpool	United Kingdom	-2.9670,53.4060
lasker_awards-000198	Columbia University		Q49088	New York	United States	-73.9619,40.8075
lasker_awards-000199	Royal Liverpool Hospital		Q100337263	Liverpool	United Kingdom	
lasker_awards-000200	Columbia University		Q49088	New York	United States	-73.9619,40.8075
lasker_awards-000201	Ortho Diagnostics			Raritan	United States	
lasker_awards-000202	Cold Spring Harbor Laboratory		Q609768	Cold Spring Harbor	United States	-73.4672,40.8619
lasker_awards-000203	National Institute of Mental Health			Bethesda	United States	
lasker_awards-000204	University of California, San Francisco		Q1061104	San Francisco	United States	-122.4581,37.7628
lasker_awards-000205	Rockefeller University		Q270272	New York	United States	-73.9556,40.7625
lasker_awards-000206	University of California, San Francisco		Q1061104	San Francisco	United States	-122.4581,37.7628
lasker_awards-000207	Harvard University		Q13371	Cambridge	United States	-71.1169,42.3744
lasker_awards-000208	National Cancer Institute, National Institutes of Health		Q664846	Bethesda	United States	-77.1019,38.9975
lasker_awards-000209	National Institute of Arthritis, Diabetes, Digestive and Kidney Diseases, NIH			Bethesda	United States	
lasker_awards-000210	National Institute of Neurological Disorders and Stroke, NIH			Bethesda	United States	
lasker_awards-000211	Columbia University		Q49088	New York	United States	-73.9619,40.8075
lasker_awards-000212	Johns Hopkins University	School of Medicine	Q193727	Baltimore	United States	-76.5942,39.2989
lasker_awards-000213	Cleveland Clinic		Q4117596	Cleveland	United States	-81.6211,41.5025
lasker_awards-000214	Merck Sharp & Dohme Research Laboratories			Rahway	United States	
lasker_awards-000215	New York University		Q49210	New York	United States	-73.9950,40.7300
lasker_awards-000216	Medical Research Council, Cambridge, England			Cambridge	United Kingdom	
lasker_awards-000217	Basel Institute for Immunology		Q809921	Basel	Switzerland	7.6261,47.5627
lasker_awards-000218	National Cancer Institute, National Institutes of Health		Q664846	Bethesda	United States	-77.1019,38.9975
lasker_awards-000219	State University of New York at Stony Brook		Q969850	Stony Brook	United States	-73.1246,40.9173
lasker_awards-000220	Xavier University		Q1849843	Cincinnati	United States	-84.4737,39.1496
lasker_awards-000221	UT Southwestern Medical Center		Q2725999	Dallas	United States	-96.8402,32.8121
lasker_awards-000222	UT Southwestern Medical Center		Q2725999	Dallas	United States	-96.8402,32.8121
lasker_awards-000223	University of Pittsburgh	School of Medicine	Q7896139	Pittsburgh	United States	-79.9613,40.4431
lasker_awards-000224	Syndicated Columnist			New York	United States	
lasker_awards-000225	American Cancer Society		Q463665	Atlanta	United States	
lasker_awards-000226	Institute of Cell Biology Italian National Council of Research			Rome	Italy	
lasker_awards-000227	Vanderbilt University	School of Medicine	Q29052	Nashville	United States	-86.8025,36.1475
lasker_awards-000228	Viral Oncology Unit The Pasteur Institute			Paris	France	
lasker_awards-000229	Harvard University	Harvard School of Public Health	Q13371	Boston	United States	-71.1169,42.3744
lasker_awards-000230	National Cancer Institute, National Institutes of Health		Q664846	Bethesda	United States	-77.1019,38.9975
lasker_awards-000231	Ministry of Public Health			Bangkok	China	
lasker_awards-000232	California Institute of Technology		Q161562	Pasadena	United States	-118.1244,34.1385
lasker_awards-000233	Harvard University	Harvard Medical School	Q13371	Boston	United States	-71.1039,42.3369
lasker_awards-000234	Massachusetts Institute of Technology		Q49108	Cambridge	United States	-71.0919,42.3597
lasker_awards-000235	Aarhus University	Institute of Psychiatry	Q924265	Aarhus	Denmark	10.2011,56.1706
lasker_awards-000236	Massachusetts Institute of Technology	Koch Institute for Integrative Cancer Research	Q49108	Cambridge	United States	-71.0919,42.3597
lasker_awards-000237	University of Colorado, Boulder		Q736674	Boulder	United States	-105.2672,40.0067
lasker_awards-000238	Rockefeller University		Q270272	New York	United States	-73.9556,40.7625
lasker_awards-000239	US Senate			Washington	United States	
lasker_awards-000240	UT Southwestern School of Medicine			Dallas	United States	
lasker_awards-000241	University of Washington	School of Medicine	Q219563	Seattle	United States	-122.3070,47.6492
lasker_awards-000242	Trinity College			Dublin	Ireland	
lasker_awards-000243	Kobe University	School of Medicine	Q1192597	Kobe	Japan	135.2347,34.7281
lasker_awards-000244	University of Paris	School of Medicine		Paris	France	
lasker_awards-000245	Cornell University	Weill Cornell Medical College	Q49115	New York	United States	-73.9541,40.7645
lasker_awards-000246	Max Planck Society	Max Planck Institute for Biology Tübingen	Q158085	Tübingen	Germany	9.0575,48.5367
lasker_awards-000247	California Institute of Technology		Q161562	Pasadena	United States	-118.1244,34.1385
lasker_awards-000248	University of California, San Francisco		Q1061104	San Francisco	United States	-122.4581,37.7628
lasker_awards-000249	Population Crisis Committee			Washington	United States	
lasker_awards-000250	United States House of Representatives			Washington	United States	-77.0092,38.8897
lasker_awards-000251	Rockefeller University		Q270272	New York	United States	-73.9556,40.7625
lasker_awards-000252	The Walter and Eliza Hall Institute of Medical Research		Q7966487	Melbourne	Australia	144.9560,-37.7980
lasker_awards-000253	Columbia University College of Physicians and Surgeons		Q2154182	New York	United States	-73.9411,40.8415
lasker_awards-000254	Hogan & Hartson			Washington	United States	
lasker_awards-000255	University of California, San Francisco		Q1061104	San Francisco	United States	-122.4581,37.7628
lasker_awards-000256	University of California, San Francisco		Q1061104	San Francisco	United States	-122.4581,37.7628
lasker_awards-000257	Rockefeller University		Q270272	New York	United States	-73.9556,40.7625
lasker_awards-000258	Harvard University		Q13371	Cambridge	United States	-71.1169,42.3744
lasker_awards-000259	Washington University	School of Medicine	Q777403	St. Louis	United States	-90.3050,38.6480
lasker_awards-000260	Harvard University		Q13371	Cambridge	United States	-71.1169,42.3744
lasker_awards-000261	St. Jude Children’s Research Hospital		Q1164246	Memphis	United States	-90.0431,35.1529
lasker_awards-000262	University of Zurich		Q206702	Zurich	Switzerland	8.5483,47.3747
lasker_awards-000263	University of Virginia Medical Center		Q30254081	Charlottesville	United States	-78.4989,38.0313
lasker_awards-000264	United States Senate			Washington	United States	-77.0092,38.8897
lasker_awards-000265	Molecular Geriatrics Corporation			Vernon Hills	United States	
lasker_awards-000266	State University of New York, Health Science Center at Brooklyn			Brooklyn	United States	
lasker_awards-000267	David H. Smith Foundation			Washington	United States	
lasker_awards-000268	National Institutes of Health		Q390551	Bethesda	United States	-77.1019,38.9975
lasker_awards-000269	University of Rochester		Q149990	Rochester	United States	-77.6283,43.1283
lasker_awards-000270	National Institutes of Health		Q390551	Bethesda	United States	-77.1019,38.9975
lasker_awards-000271	Massachusetts General Hospital		Q126412	Boston	United States	-71.0689,42.3628
lasker_awards-000272	Memorial Sloan-Kettering Cancer Center		Q1808012	New York	United States	-73.9568,40.7641
lasker_awards-000273	Johns Hopkins University		Q193727	Baltimore	United States	-76.6206,39.3289
lasker_awards-000274	Johns Hopkins University		Q193727	Baltimore	United States	-76.6206,39.3289
lasker_awards-000275	Fred Hutchinson Cancer Research Center		Q1452369	Seattle	United States	-122.3307,47.6278
lasker_awards-000276	Cancer Research UK	Imperial Cancer Research Fund	Q326079	London	United Kingdom	-0.0114,51.5425
lasker_awards-000277	University of Toronto		Q180865	Toronto	Canada	-79.3957,43.6629
lasker_awards-000278	Fox Chase Cancer Center		Q5476635	Philadelphia	United States	-75.0902,40.0718
lasker_awards-000279	University of Chicago Medical Center			New York	United States	
lasker_awards-000280	University of Pennsylvania	School of Medicine	Q49117	Philadelphia	United States	-75.1936,39.9519
lasker_awards-000281	University of California, Berkeley		Q168756	Berkeley	United States	-122.2583,37.8719
lasker_awards-000282	University of Washington		Q219563	Seattle	United States	-122.3081,47.6542
lasker_awards-000283	University of Pennsylvania		Q49117	Philadelphia	United States	-75.1936,39.9519
lasker_awards-000284	Rockefeller University		Q270272	New York	United States	-73.9556,40.7625
lasker_awards-000285	Bristol-Myers Squibb Pharmaceutical Research Institute			Princeton	United States	
lasker_awards-000286	Bristol-Myers Squibb Pharmaceutical Research Institute			Princeton	United States	
lasker_awards-000287	Harvard University	Harvard Medical School	Q13371	Boston	United States	-71.1039,42.3369
lasker_awards-000288	Technion – Israel Institute of Technology		Q333705	Haifa	Israel	35.0217,32.7775
lasker_awards-000289	California Institute of Technology		Q161562	Pasadena	United States	-118.1244,34.1385
lasker_awards-000290	Technion – Israel Institute of Technology		Q333705	Haifa	Israel	35.0217,32.7775
lasker_awards-000291	National Institutes of Health		Q390551	Bethesda	United States	-77.1019,38.9975
lasker_awards-000292	Chiron Corporation		Q1074758	Emeryville	United States	
lasker_awards-000293						
lasker_awards-000294	Charles A. Dana Foundation and the Eleanor Naylor Dana Charitable Trust			New York	United States	
lasker_awards-000295	North General Hospital		Q7055475	New York	United States	-73.9419,40.8033
lasker_awards-000296	United States House of Representatives			Washington	United States	-77.0092,38.8897
lasker_awards-000297	New York Times				United States	
lasker_awards-000298	University of Cambridge		Q35794	Cambridge	United Kingdom	0.1132,52.2054
lasker_awards-000299	University of Utah, Howard Hughes Medical Institute			Salt Lake City	United States	
lasker_awards-000300	Cardiff University		Q1035745	Cardiff	United Kingdom	-3.1782,51.4874
lasker_awards-000301	University of North Carolina at Chapel Hill		Q192334	Chapel Hill	United States	-79.0492,35.9086
lasker_awards-000302	University of Cambridge		Q35794	Cambridge	United Kingdom	0.1132,52.2054
lasker_awards-000303	Emory University	Rollins School of Public Health	Q621043	Atlanta	United States	-84.3242,33.7925
lasker_awards-000304	Sloan-Kettering Institute			New York	United States	
lasker_awards-000305	University of California, Berkeley		Q168756	Berkeley	United States	-122.2583,37.8719
lasker_awards-000306	University of Washington		Q219563	Seattle	United States	-122.3081,47.6542
lasker_awards-000307	University of Utah	School of Medicine	Q168515	Salt Lake City	United States	-111.8464,40.7642
lasker_awards-000308	Rockefeller University		Q270272	New York	United States	-73.9556,40.7625
lasker_awards-000309	Rockefeller University		Q270272	New York	United States	-73.9556,40.7625
lasker_awards-000310	Imperial College London, Kennedy Institute of Rheumatology			London	United Kingdom	
lasker_awards-000311	Imperial College London, Kennedy Institute of Rheumatology			London	United Kingdom	
lasker_awards-000312	The Christopher Reeve Paralysis Foundation			Short Hills	United States	
lasker_awards-000313	University of Chicago, University of Cincinnati College of Medicine			Chicago	United States	
lasker_awards-000314	Institute of Genetics and Molecular and Cellular Biology		Q3152004	Strasbourg	France	7.7412,48.5262
lasker_awards-000315	Salk Institute for Biological Studies		Q1351061	La Jolla	United States	-117.2464,32.8875
lasker_awards-000316	New York Medical College		Q4115972	Valhalla	United States	-73.8100,41.0850
lasker_awards-000317	Harvard University		Q13371	Cambridge	United States	-71.1169,42.3744
lasker_awards-000318	University of Toronto Ontario Cancer Institute	Ontario Cancer Institute	Q7094613	Toronto	Canada	-79.3908,43.6583
lasker_awards-000319	University of Toronto Ontario Cancer Institute	Ontario Cancer Institute	Q7094613	Toronto	Canada	-79.3908,43.6583
lasker_awards-000320	University of Leicester		Q1333399	Leicester	United Kingdom	-1.1244,52.6214
lasker_awards-000321	University of Oxford		Q34433	Oxford	United Kingdom	-1.2550,51.7550
lasker_awards-000322	Susan G. Komen Breast Cancer Foundation			Dallas	United States	
lasker_awards-000323	Johns Hopkins University	School of Medicine	Q193727	Baltimore	United States	-76.5942,39.2989
lasker_awards-000324	University of California, San Francisco		Q1061104	San Francisco	United States	-122.4581,37.7628
lasker_awards-000325	Harvard University	Harvard Medical School	Q13371	Boston	United States	-71.1039,42.3369
lasker_awards-000326	University of Pennsylvania		Q49117	Philadelphia	United States	-75.1936,39.9519
lasker_awards-000327	Carnegie Institution		Q1043963	Washington	United States	-77.0358,38.9094
lasker_awards-000328	Rockefeller University		Q270272	New York	United States	-73.9556,40.7625
lasker_awards-000329	Hôpital Europeen Georges Pompidou		Q3145336	Paris	France	2.2737,48.8389
lasker_awards-000330	Providence Health and Services			Renton	United States	
lasker_awards-000331	National Institute of Allergy and Infectious Diseases		Q3519875	Bethesda	United States	-77.0995,39.0041
lasker_awards-000332	University of Cambridge		Q35794	Cambridge	United Kingdom	0.1132,52.2054
lasker_awards-000333	Harvard Medical School, Massachusetts General Hospital			New York	United States	
lasker_awards-000334	University of Massachusetts	UMass Chan Medical School	Q7895715	Worcester	United States	-71.7624,42.2768
lasker_awards-000335	Biopharm Research Laboratories			Mitaka	Japan	139.5595,35.6836
lasker_awards-000336	Stanford University		Q41506	Stanford	United States	-122.1700,37.4275
lasker_awards-000337	University of Cambridge		Q35794	Cambridge	United Kingdom	0.1132,52.2054
lasker_awards-000338	Kyoto University		Q336264	Kyoto	Japan	135.7808,35.0262
lasker_awards-000339	Oregon Health & Science University		Q282097	Portland	United States	-122.6887,45.4989
lasker_awards-000340	Memorial Sloan-Kettering Cancer Center		Q1808012	New York	United States	-73.9568,40.7641
lasker_awards-000341	Novartis			Basel	Switzerland	
lasker_awards-000342	Mayor, The City of New York			New York	United States	
lasker_awards-000343	Jackson Laboratory		Q1677355	Bar Harbor	United States	-68.1965,44.3655
lasker_awards-000344	Rockefeller University		Q270272	New York	United States	-73.9556,40.7625
lasker_awards-000345	Genentech		Q899140	South San Francisco	United States	-122.3782,37.6570
lasker_awards-000346	Oxford University		Q34433	Oxford	United Kingdom	-1.2550,51.7550
lasker_awards-000347	Yale University	School of Medicine	Q49112	New Haven	United States	-72.9339,41.3032
lasker_awards-000348	Max Planck Society	Max Planck Institute of Biochemistry	Q158085	Martinsried	Germany	11.4606,48.1050
lasker_awards-000349	China Academy of Chinese Medical Sciences		Q1073814	Beijing	China	116.4194,39.9377
lasker_awards-000350	National Institutes of Health		Q390551		United States	-77.1019,38.9975
lasker_awards-000351	Stanford University	School of Medicine	Q41506	Stanford	United States	-122.1700,37.4275
lasker_awards-000352	Columbia University		Q49088	New York	United States	-73.9619,40.8075
lasker_awards-000353	University of California, San Francisco		Q1061104	San Francisco	United States	-122.4581,37.7628
lasker_awards-000354	University of Cambridge		Q35794	Cambridge	United Kingdom	0.1132,52.2054
lasker_awards-000355	University of Pittsburgh		Q235034	Pittsburgh	United States	-79.9533,40.4446
lasker_awards-000356	Carnegie Institution for Science in Baltimore			Baltimore	United States	
lasker_awards-000357	Columbia University		Q49088	New York	United States	-73.9619,40.8075
lasker_awards-000358	Genentech		Q899140	South San Francisco	United States	-122.3782,37.6570
lasker_awards-000359	Stanford University	School of Medicine	Q41506	Stanford	United States	-122.1700,37.4275
lasker_awards-000360	Duke University		Q168751	Durham	United States	-78.9389,36.0011
lasker_awards-000361	University of Melbourne		Q319078	Melbourne	Australia	144.9614,-37.7963
lasker_awards-000362	MED-EL		Q1567819	Innsbruck	Austria	
lasker_awards-000363	Bill & Melinda Gates Foundation		Q655286	Seattle	United States	-122.3456,47.6236
lasker_awards-000364	Bill & Melinda Gates Foundation		Q655286	Seattle	United States	-122.3456,47.6236
lasker_awards-000365	Kyoto University		Q336264	Kyoto	Japan	135.7808,35.0262
lasker_awards-000366	University of California, San Francisco		Q1061104	San Francisco	United States	-122.4581,37.7628
lasker_awards-000367	Joseph Fourier University, Grenoble			Grenoble	France	
lasker_awards-000368	Emory University	School of Medicine	Q621043	Atlanta	United States	-84.3242,33.7925
lasker_awards-000369	University of Washington		Q219563	Seattle	United States	-122.3081,47.6542
lasker_awards-000370	Rutgers University		Q499451	New Brunswick	United States	-74.4481,40.5017
lasker_awards-000371	Brigham and Women’s Hospital		Q2900977	Boston	United States	-71.1068,42.3362
lasker_awards-000372	University of Texas MD Anderson Cancer Center			Houston	United States	
lasker_awards-000373	Doctors Without Borders				Switzerland	
lasker_awards-000374	Johns Hopkins University	School of Medicine	Q193727	Baltimore	United States	-76.5942,39.2989
lasker_awards-000375	University of Oxford, Francis Crick Institute			Oxford	United Kingdom	
lasker_awards-000376	Dana-Farber Cancer Institute, Harvard Medical School			Boston	United States	
lasker_awards-000377	Rockefeller University		Q270272	New York	United States	-73.9556,40.7625
lasker_awards-000378	Arbutus Biopharma		Q17747021	Warminster	United States	
lasker_awards-000379	Heidelberg University		Q151510	Heidelberg	Germany	8.7064,49.4103
lasker_awards-000380	University of California, San Francisco		Q1061104	San Francisco	United States	-122.4581,37.7628
lasker_awards-000381	Biozentrum University of Basel		Q864916	Basel	Switzerland	7.5801,47.5637
lasker_awards-000382	National Cancer Institute		Q664846	Bethesda	United States	-77.1019,38.9975
lasker_awards-000383	National Cancer Institute		Q664846	Bethesda	United States	-77.1019,38.9975
lasker_awards-000384	Planned Parenthood				United States	
lasker_awards-000385	Rockefeller University		Q270272	New York	United States	-73.9556,40.7625
lasker_awards-000386	University of California, Los Angeles		Q174710	Los Angeles	United States	-118.4428,34.0722
lasker_awards-000387	AstraZeneca (Retired)		Q731938	Cambridge	United Kingdom	
lasker_awards-000388	Yale University		Q49112	New Haven	United States	-72.9267,41.3111
lasker_awards-000389	The Walter and Eliza Hall Institute of Medical Research		Q7966487	Melbourne	Australia	144.9560,-37.7980
lasker_awards-000390	Emory University	School of Medicine	Q621043	Atlanta	United States	-84.3242,33.7925
lasker_awards-000391	Max Planck Society	Max Planck Institute of Biochemistry	Q158085	Martinsried	Germany	11.4606,48.1050
lasker_awards-000392	University of California, Los Angeles		Q174710	Los Angeles	United States	-118.4428,34.0722
lasker_awards-000393	Genentech		Q899140	South San Francisco	United States	-122.3782,37.6570
lasker_awards-000394	Gavi, the Vaccine Alliance		Q688592		Switzerland	
lasker_awards-000395	Max Planck Society	Max Planck Institute of Biochemistry	Q158085	Martinsried	Germany	11.4606,48.1050
lasker_awards-000396	Stanford University		Q41506	Stanford	United States	-122.1700,37.4275
lasker_awards-000397	Humboldt University of Berlin		Q152087	Berlin	Germany	13.3933,52.5181
lasker_awards-000398	University of Pennsylvania		Q49117	Philadelphia	United States	-75.1936,39.9519
lasker_awards-000399	BioNTech		Q30256699	Mainz	Germany	8.2714,49.9878
lasker_awards-000400	California Institute of Technology		Q161562	Pasadena	United States	-118.1244,34.1385
lasker_awards-000401	Sanford Burnham Prebys		Q7417591	La Jolla	United States	-117.2420,32.9012
lasker_awards-000402	Massachusetts Institute of Technology		Q49108	Cambridge	United States	-71.0919,42.3597
lasker_awards-000403	Boston Children’s Hospital/Harvard Medical School			Boston	United States	
lasker_awards-000404	The Chinese University of Hong Kong		Q15570	Hong Kong	Hong Kong	114.2068,22.4197
lasker_awards-000405	Johns Hopkins University		Q193727	Baltimore	United States	-76.6206,39.3289
lasker_awards-000406	Google	Google DeepMind	Q95	London	United Kingdom	-0.1260,51.5333
lasker_awards-000407	Google	Google DeepMind	Q95	London	United Kingdom	-0.1260,51.5333
lasker_awards-000408	Oregon Health & Science University		Q282097	Portland	United States	-122.6887,45.4989
lasker_awards-000409	Massachusetts Institute of Technology		Q49108	Cambridge	United States	-71.0919,42.3597
lasker_awards-000410	Massachusetts Institute of Technology		Q49108	Cambridge	United States	-71.0919,42.3597
lasker_awards-000411	Netherlands Cancer Institute			Amsterdam	Netherlands	
lasker_awards-000412	UT Southwestern Medical Center		Q2725999	Dallas	United States	-96.8402,32.8121
lasker_awards-000413	Massachusetts General Hospital		Q126412	Boston	United States	-71.0689,42.3628
lasker_awards-000414	Novo Nordisk			Bagsværd	Denmark	
lasker_awards-000415	Rockefeller University		Q270272	New York	United States	-73.9556,40.7625
lasker_awards-000416	CAPRISA/Columbia University			Durban	South Africa	
lasker_awards-000417	CAPRISA/Columbia University			Durban	South Africa	
lasker_awards-000418	Max Planck Society		Q158085	Göttingen	Germany	
lasker_awards-000419	UT Southwestern Medical Center		Q2725999	Dallas	United States	-96.8402,32.8121
lasker_awards-000420	formerly at Vertex Pharmaceuticals			Boston	United States	
lasker_awards-000421	University of Iowa			Iowa City	United States	-91.5364,41.6617
lasker_awards-000422	Vertex Pharmaceuticals			Boston	United States	
lasker_awards-000423	Stanford University	School of Medicine	Q41506	Stanford	United States	-122.1700,37.4275
max_planck_medal-000001	University of Berlin		Q152087	Berlin	Germany	13.3933,52.5181
max_planck_medal-000002	University of Berlin		Q152087	Berlin	Germany	13.3933,52.5181
max_planck_medal-000003	University of Copenhagen		Q186285	Copenhagen	Denmark	12.5725,55.6797
max_planck_medal-000004	University of Munich		Q55044	Munich	Germany	11.5803,48.1508
max_planck_medal-000005	University of Berlin		Q152087	Berlin	Germany	13.3933,52.5181
max_planck_medal-000006	University of Leipzig			Leipzig	Germany	
max_planck_medal-000007	University of Graz		Q622683	Graz	Austria	15.4496,47.0776
max_planck_medal-000008	University of Paris			Paris	France	
max_planck_medal-000009	Humboldt University of Berlin		Q152087	Berlin	Germany	13.3933,52.5181
max_planck_medal-000010	University of Leipzig			Leipzig	Germany	
max_planck_medal-000011	University of Tübingen			Tübingen	Germany	9.0589,48.5250
max_planck_medal-000012	University of Edinburgh		Q160302	Edinburgh	United Kingdom	-3.1872,55.9474
max_planck_medal-000013	University of Berlin		Q152087	Berlin	Germany	13.3933,52.5181
max_planck_medal-000014	Max Planck Society		Q158085	Munich	Germany	11.5822,48.1411
max_planck_medal-000015	Cornell University		Q49115	Ithaca	United States	-76.4839,42.4492
max_planck_medal-000016	Sukhumi Institute of Physics			Sukhumi	Georgia	
max_planck_medal-000017	University of Chicago		Q131252	Chicago	United States	-87.5997,41.7897
max_planck_medal-000018	University of Cambridge		Q35794	Cambridge	United Kingdom	0.1132,52.2054
max_planck_medal-000019	University of Heidelberg			Heidelberg	Germany	
max_planck_medal-000020	University of Chicago		Q131252	Chicago	United States	-87.5997,41.7897
max_planck_medal-000021	Cornell University		Q49115	Ithaca	United States	-76.4839,42.4492
max_planck_medal-000022	Massachusetts Institute of Technology		Q49108	Cambridge	United States	-71.0919,42.3597
max_planck_medal-000023	University of Hamburg		Q156725	Hamburg	Germany	9.9848,53.5657
max_planck_medal-000024	ETH Zurich		Q11942	Zurich	Switzerland	8.5479,47.3764
max_planck_medal-000025	Stockholm University		Q221645	Stockholm	Sweden	18.0606,59.3631
max_planck_medal-000026	Institute for Physical Problems			Moscow	Russia	
max_planck_medal-000027	Princeton University		Q21578	Princeton	United States	-74.6561,40.3453
max_planck_medal-000028	Delft University of Technology		Q752663	Delft	Netherlands	4.3725,52.0017
max_planck_medal-000029	University of Birmingham		Q223429	Birmingham	United Kingdom	-1.9306,52.4506
max_planck_medal-000030	Rockefeller University		Q270272	New York	United States	-73.9556,40.7625
max_planck_medal-000031	Brookhaven National Laboratory		Q585777	Upton	United States	-72.8721,40.8733
max_planck_medal-000032	University of Göttingen		Q152838	Göttingen	Germany	9.9379,51.5340
max_planck_medal-000033	University of Hamburg		Q156725	Hamburg	Germany	9.9848,53.5657
max_planck_medal-000034	University of Zurich		Q206702	Zurich	Switzerland	8.5483,47.3747
max_planck_medal-000035	Institute for Advanced Study		Q635642	Princeton	United States	-74.6678,40.3317
max_planck_medal-000036	University of Hamburg		Q156725	Hamburg	Germany	9.9848,53.5657
max_planck_medal-000037	University of Liverpool		Q499510	Liverpool	United Kingdom	-2.9670,53.4060
max_planck_medal-000038	Joint Institute for Nuclear Research		Q259517	Dubna	Russia	37.1895,56.7465
max_planck_medal-000039	CERN		Q42944	Geneva	Switzerland	6.0491,46.2345
max_planck_medal-000040	University of Chicago		Q131252	Chicago	United States	-87.5997,41.7897
max_planck_medal-000041	University of Geneva		Q503473	Geneva	Switzerland	6.1445,46.1990
max_planck_medal-000042	University of Vienna		Q165980	Vienna	Austria	16.3597,48.2131
max_planck_medal-000043	Institute of Nuclear Physics, Polish Academy of Sciences			Kraków	Poland	
max_planck_medal-000044	ETH Zurich		Q11942	Zurich	Switzerland	8.5479,47.3764
max_planck_medal-000045	DESY		Q85413125	Hamburg	Germany	
max_planck_medal-000046	Max Planck Society	Max Planck Institute for Nuclear Physics	Q158085	Heidelberg	Germany	8.7092,49.3878
max_planck_medal-000047	University of Edinburgh		Q160302	Edinburgh	United Kingdom	-3.1872,55.9474
max_planck_medal-000048	ETH Zurich		Q11942	Zurich	Switzerland	8.5479,47.3764
max_planck_medal-000049	University of Chicago		Q131252	Chicago	United States	-87.5997,41.7897
max_planck_medal-000050	Heidelberg University		Q151510	Heidelberg	Germany	8.7064,49.4103
max_planck_medal-000051	University of Karlsruhe		Q29426438	Karlsruhe	Germany	8.4117,49.0094
max_planck_medal-000052	Princeton University		Q21578	Princeton	United States	-74.6561,40.3453
max_planck_medal-000053	University of California, Berkeley		Q168756	Berkeley	United States	-122.2583,37.8719
max_planck_medal-000054	University of Stuttgart		Q122453	Stuttgart	Germany	9.1752,48.7817
max_planck_medal-000055	Max Planck Society	Max Planck Institute for Physics	Q158085	Munich	Germany	11.6125,48.1842
max_planck_medal-000056	Princeton University		Q21578	Princeton	United States	-74.6561,40.3453
max_planck_medal-000057	University of Mainz		Q161982	Mainz	Germany	8.2417,49.9931
max_planck_medal-000058	University of Göttingen		Q152838	Göttingen	Germany	9.9379,51.5340
max_planck_medal-000059	University of Marburg		Q155354	Marburg	Germany	8.7736,50.8108
max_planck_medal-000060	Steklov Institute of Mathematics			Saint Petersburg	Russia	
max_planck_medal-000061	Stony Brook University			Stony Brook	United States	-73.1246,40.9173
max_planck_medal-000062	CERN		Q42944	Meyrin	Switzerland	6.0491,46.2345
max_planck_medal-000063	Yale University		Q49112	New Haven	United States	-72.9267,41.3111
max_planck_medal-000064	CERN		Q42944	Geneva	Switzerland	6.0491,46.2345
max_planck_medal-000065	ETH Zurich		Q11942	Zurich	Switzerland	8.5479,47.3764
max_planck_medal-000066	Max Planck Society	Max Planck Institute for Gravitational Physics	Q158085	Potsdam	Germany	12.9703,52.4164
max_planck_medal-000067	University of Paris			Paris	France	
max_planck_medal-000068	ETH Zurich		Q11942	Zurich	Switzerland	8.5479,47.3764
max_planck_medal-000069	University of Innsbruck		Q875788	Innsbruck	Austria	11.3839,47.2631
max_planck_medal-000070	Technical University of Munich		Q157808	Munich	Germany	11.5681,48.1481
max_planck_medal-000071	Rutgers University		Q499451	Piscataway	United States	-74.4481,40.5017
max_planck_medal-000072	University of Göttingen		Q152838	Göttingen	Germany	9.9379,51.5340
max_planck_medal-000073	University of Duisburg-Essen		Q696757	Essen	Germany	7.0061,51.4639
max_planck_medal-000074	University of Augsburg		Q616905	Augsburg	Germany	10.8983,48.3339
max_planck_medal-000075	Sapienza University of Rome		Q209344	Rome	Italy	12.5158,41.9033
max_planck_medal-000076	University of Cologne		Q54096	Cologne	Germany	6.9286,50.9281
max_planck_medal-000077	Dublin Institute for Advanced Studies		Q3151953	Dublin	Ireland	-6.2458,53.3313
max_planck_medal-000078	Institut des Hautes Études Scientifiques		Q1156553	Bures-sur-Yvette	France	2.1691,48.6950
max_planck_medal-000079	Ludwig Maximilian University of Munich		Q55044	Munich	Germany	11.5803,48.1508
max_planck_medal-000080	Ludwig Maximilian University of Munich		Q55044	Munich	Germany	11.5803,48.1508
max_planck_medal-000081	Technical University of Munich		Q157808	Munich	Germany	11.5681,48.1481
max_planck_medal-000082	Max Planck Society	Max Planck Institute of Quantum Optics	Q158085	Garching	Germany	11.6667,48.2594
max_planck_medal-000083	University of Twente		Q1547084	Enschede	Netherlands	6.8525,52.2425
max_planck_medal-000084	Technical University of Munich		Q157808	Munich	Germany	11.5681,48.1481
max_planck_medal-000085	Princeton University		Q21578	Princeton	United States	-74.6561,40.3453
max_planck_medal-000086	University of Göttingen		Q152838	Göttingen	Germany	9.9379,51.5340
max_planck_medal-000087	Max Planck Society	Max Planck Institute for Astrophysics	Q158085	Garching	Germany	11.6717,48.2611
max_planck_medal-000088	Ludwig Maximilian University of Munich		Q55044	Munich	Germany	11.5803,48.1508
max_planck_medal-000089	Leibniz University Hannover		Q678982	Hannover	Germany	9.7178,52.3822
max_planck_medal-000090	Max Planck Society	Max Planck Institute for Polymer Research	Q158085	Mainz	Germany	8.2297,49.9892
nobel-000001	Berlin University		Q152087	Berlin	Germany	13.3933,52.5181
nobel-000002						
nobel-000003	Marburg University		Q155354	Marburg	Germany	8.7736,50.8108
nobel-000004						
nobel-000005						
nobel-000006	Munich University		Q55044	Munich	Germany	11.5803,48.1508
nobel-000007	Berlin University		Q152087	Berlin	Germany	13.3933,52.5181
nobel-000008						
nobel-000009	University College			Liverpool	United Kingdom	
nobel-000010						
nobel-000011						
nobel-000012	Leiden University		Q156598	Leiden	Netherlands	4.4853,52.1569
nobel-000013	Amsterdam University		Q4748849	Amsterdam	Netherlands	4.9511,52.3550
nobel-000014	Stockholm University		Q221645	Stockholm	Sweden	18.0606,59.3631
nobel-000015						
nobel-000016	Finsen Medical Light Institute			Copenhagen	Denmark	
nobel-000017						
nobel-000018	École Polytechnique			Paris	France	
nobel-000019	École municipale de physique et de chimie industrielles (Municipal School of Industrial Physics and Chemistry)			Paris	France	
nobel-000020	Sorbonne University		Q41497113	Paris	France	2.3403,48.8506
nobel-000021	University College	University College London	Q193196	London	United Kingdom	-0.1336,51.5247
nobel-000022						
nobel-000023						
nobel-000024	Military Medical Academy			St. Petersburg	Russia	
nobel-000025						
nobel-000026	Royal Institution of Great Britain		Q2171086	London	United Kingdom	-0.1425,51.5098
nobel-000027	Munich University		Q55044	Munich	Germany	11.5803,48.1508
nobel-000028						
nobel-000029	Institute for Infectious Diseases			Berlin	Germany	
nobel-000030						
nobel-000031	Kiel University		Q156737	Kiel	Germany	10.1225,54.3389
nobel-000032	Sorbonne University		Q41497113	Paris	France	2.3403,48.8506
nobel-000033						
nobel-000034	Pavia University		Q219317	Pavia	Italy	9.1559,45.1868
nobel-000035	Madrid University			Madrid	Spain	
nobel-000036						
nobel-000037	University of Cambridge		Q35794	Cambridge	United Kingdom	0.1132,52.2054
nobel-000038	Landwirtschaftliche Hochschule (Agricultural College)		Q1804763	Berlin	Germany	13.3782,52.5297
nobel-000039						
nobel-000040	Institut Pasteur		Q391083	Paris	France	2.3111,48.8403
nobel-000041						
nobel-000042	Sorbonne University		Q41497113	Paris	France	2.3403,48.8506
nobel-000043	University of Chicago		Q131252	Chicago, IL	United States	-87.5997,41.7897
nobel-000044	Victoria University		Q867530	Manchester	United Kingdom	-2.2325,53.4675
nobel-000045						
nobel-000046	Institut Pasteur		Q391083	Paris	France	2.3111,48.8403
nobel-000047	Goettingen University		Q152838	Göttingen	Germany	9.9379,51.5340
nobel-000048						
nobel-000049						
nobel-000050	Sorbonne University		Q41497113	Paris	France	2.3403,48.8506
nobel-000051	Leipzig University		Q154804	Leipzig	Germany	12.3786,51.3385
nobel-000052						
nobel-000053	Berne University		Q4894094	Berne	Switzerland	
nobel-000054						
nobel-000055						
nobel-000056	Marconi Wireless Telegraph Co. Ltd.			London	United Kingdom	
nobel-000057	Strasbourg University			Strasbourg	France	
nobel-000058	Goettingen University		Q152838	Göttingen	Germany	9.9379,51.5340
nobel-000059						
nobel-000060	University of Heidelberg			Heidelberg	Germany	
nobel-000061						
nobel-000062	Amsterdam University		Q4748849	Amsterdam	Netherlands	4.9511,52.3550
nobel-000063	Sorbonne University		Q41497113	Paris	France	2.3403,48.8506
nobel-000064						
nobel-000065	Uppsala University		Q185246	Uppsala	Sweden	17.6289,59.8575
nobel-000066						
nobel-000067						
nobel-000068	Würzburg University		Q161976	Würzburg	Germany	9.9353,49.7881
nobel-000069	University of Lorraine		Q4173330	Nancy	France	6.1765,48.6962
nobel-000070	Toulouse University			Toulouse	France	
nobel-000071						
nobel-000072	Rockefeller Institute for Medical Research		Q270272	New York, NY	United States	-73.9556,40.7625
nobel-000073						
nobel-000074	Swedish Gas-Accumulator Co.			Lidingö-Stockholm	Sweden	
nobel-000075	University of Zurich		Q206702	Zurich	Switzerland	8.5483,47.3747
nobel-000076						
nobel-000077	Sorbonne University		Q41497113	Paris	France	2.3403,48.8506
nobel-000078						
nobel-000079	Leiden University		Q156598	Leiden	Netherlands	4.4853,52.1569
nobel-000080	Harvard University		Q13371	Cambridge, MA	United States	-71.1169,42.3744
nobel-000081	Vienna University		Q165980	Vienna	Austria	16.3597,48.2131
nobel-000082	Frankfurt-on-the-Main University			Frankfurt-on-the-Main	Germany	
nobel-000083	Munich University		Q55044	Munich	Germany	11.5803,48.1508
nobel-000084						
nobel-000085	University College	University College London	Q193196	London	United Kingdom	-0.1336,51.5247
nobel-000086	Victoria University		Q867530	Manchester	United Kingdom	-2.2325,53.4675
nobel-000087						
nobel-000088						
nobel-000089						
nobel-000090						
nobel-000091	Edinburgh University		Q160302	Edinburgh	United Kingdom	-3.1872,55.9474
nobel-000092	Max Planck Society	Fritz Haber Institute	Q158085	Berlin	Germany	13.2830,52.4485
nobel-000093	Berlin University		Q152087	Berlin	Germany	13.3933,52.5181
nobel-000094						
nobel-000095	Brussels University		Q19952130	Brussels	Belgium	
nobel-000096						
nobel-000097	Greifswald University		Q2496421	Greifswald	Germany	13.4053,54.0883
nobel-000098	Berlin University		Q152087	Berlin	Germany	13.3933,52.5181
nobel-000099						
nobel-000100	Copenhagen University		Q186285	Copenhagen	Denmark	12.5725,55.6797
nobel-000101						
nobel-000102	Bureau International des Poids et Mesures (International Bureau of Weights and Measures)			Sèvres	France	
nobel-000103	University of Oxford		Q34433	Oxford	United Kingdom	-1.2550,51.7550
nobel-000104						
nobel-000105						
nobel-000106						
nobel-000107	Max Planck Society	Max Planck Institute for Physics	Q158085	Munich	Germany	11.6125,48.1842
nobel-000108	University of Cambridge		Q35794	Cambridge	United Kingdom	0.1132,52.2054
nobel-000109						
nobel-000110	University of London		Q170027	London	United Kingdom	-0.1289,51.5211
nobel-000111	Kiel University		Q156737	Kiel	Germany	10.1225,54.3389
nobel-000112						
nobel-000113	Copenhagen University		Q186285	Copenhagen	Denmark	12.5725,55.6797
nobel-000114	Graz University		Q689775	Graz	Austria	15.4500,47.0689
nobel-000115						
nobel-000116	University of Toronto		Q180865	Toronto	Canada	-79.3957,43.6629
nobel-000117	University of Toronto		Q180865	Toronto	Canada	-79.3957,43.6629
nobel-000118	California Institute of Technology		Q161562	Pasadena	United States	-118.1244,34.1385
nobel-000119						
nobel-000120	Leiden University		Q156598	Leiden	Netherlands	4.4853,52.1569
nobel-000121	Uppsala University		Q185246	Uppsala	Sweden	17.6289,59.8575
nobel-000122	Goettingen University		Q152838	Göttingen	Germany	9.9379,51.5340
nobel-000123						
nobel-000124						
nobel-000125						
nobel-000126	Goettingen University		Q152838	Göttingen	Germany	9.9379,51.5340
nobel-000127	Halle University		Q135840532	Halle	Germany	
nobel-000128	Uppsala University		Q185246	Uppsala	Sweden	17.6289,59.8575
nobel-000129						
nobel-000130	Copenhagen University		Q186285	Copenhagen	Denmark	12.5725,55.6797
nobel-000131						
nobel-000132						
nobel-000133	Sorbonne University		Q41497113	Paris	France	2.3403,48.8506
nobel-000134	Munich University		Q55044	Munich	Germany	11.5803,48.1508
nobel-000135						
nobel-000136	Vienna University		Q165980	Vienna	Austria	16.3597,48.2131
nobel-000137						
nobel-000138						
nobel-000139	University of Chicago		Q131252	Chicago, IL	United States	-87.5997,41.7897
nobel-000140	University of Cambridge		Q35794	Cambridge	United Kingdom	0.1132,52.2054
nobel-000141	Goettingen University		Q152838	Göttingen	Germany	9.9379,51.5340
nobel-000142						
nobel-000143	Institut Pasteur		Q391083	Tunis	Tunisia	2.3111,48.8403
nobel-000144	University of London		Q170027	London	United Kingdom	-0.1289,51.5211
nobel-000145	University of London		Q170027	London	United Kingdom	-0.1289,51.5211
nobel-000146	Stockholm University		Q221645	Stockholm	Sweden	18.0606,59.3631
nobel-000147						
nobel-000148	Utrecht University		Q221653	Utrecht	Netherlands	5.1750,52.0853
nobel-000149	University of Cambridge		Q35794	Cambridge	United Kingdom	0.1132,52.2054
nobel-000150						
nobel-000151	Sorbonne University	Institut Henri Poincaré	Q41497113	Paris	France	2.3403,48.8506
nobel-000152	Technische Hochschule (Institute of Technology)			Munich	Germany	
nobel-000153						
nobel-000154	Rockefeller Institute for Medical Research		Q270272	New York, NY	United States	-73.9556,40.7625
nobel-000155						
nobel-000156	Calcutta University		Q1145306	Calcutta	India	88.3628,22.5750
nobel-000157	University of Heidelberg			Heidelberg	Germany	
nobel-000158	University of Heidelberg			Heidelberg	Germany	
nobel-000159						
nobel-000160	Max Planck Society	Max Planck Institute for Biology Tübingen	Q158085	Tübingen	Germany	9.0575,48.5367
nobel-000161						
nobel-000162	Columbia University		Q49088	New York	United States	-73.9619,40.8075
nobel-000163	General Electric Company		Q54173	Schenectady, NY	United States	
nobel-000164						
nobel-000165	University of Oxford		Q34433	Oxford	United Kingdom	-1.2550,51.7550
nobel-000166	University of Cambridge		Q35794	Cambridge	United Kingdom	0.1132,52.2054
nobel-000167	Leipzig University		Q154804	Leipzig	Germany	12.3786,51.3385
nobel-000168						
nobel-000169	California Institute of Technology		Q161562	Pasadena	United States	-118.1244,34.1385
nobel-000170						
nobel-000171	Berlin University		Q152087	Berlin	Germany	13.3933,52.5181
nobel-000172	University of Cambridge		Q35794	Cambridge	United Kingdom	0.1132,52.2054
nobel-000173	Columbia University		Q49088	New York	United States	-73.9619,40.8075
nobel-000174						
nobel-000175	University of Rochester		Q149990	Rochester, NY	United States	-77.6283,43.1283
nobel-000176	Harvard University		Q13371	Cambridge, MA	United States	-71.1169,42.3744
nobel-000177	Harvard University		Q13371	Cambridge, MA	United States	-71.1169,42.3744
nobel-000178						
nobel-000179	Institut du Radium		Q2451973	Paris	France	2.3445,48.8433
nobel-000180	Institut du Radium		Q2451973	Paris	France	2.3445,48.8433
nobel-000181	University of Freiburg		Q153987	Freiburg im Breisgau	Germany	7.8469,47.9942
nobel-000182						
nobel-000183	Liverpool University		Q499510	Liverpool	United Kingdom	-2.9670,53.4060
nobel-000184	Berlin University		Q152087	Berlin	Germany	13.3933,52.5181
nobel-000185						
nobel-000186	National Institute for Medical Research		Q1732774	London	United Kingdom	-0.2198,51.6175
nobel-000187	Graz University		Q689775	Graz	Austria	15.4500,47.0689
nobel-000188						
nobel-000189	Innsbruck University		Q52607919	Innsbruck	Austria	
nobel-000190	California Institute of Technology		Q161562	Pasadena	United States	-118.1244,34.1385
nobel-000191	Birmingham University		Q223429	Birmingham	United Kingdom	-1.9306,52.4506
nobel-000192	University of Zurich		Q206702	Zurich	Switzerland	8.5483,47.3747
nobel-000193						
nobel-000194	Szeged University		Q369839	Szeged	Hungary	20.1461,46.2502
nobel-000195						
nobel-000196	Bell Telephone Laboratories		Q217365	New York, NY	United States	-74.4003,40.6833
nobel-000197	University of London		Q170027	London	United Kingdom	-0.1289,51.5211
nobel-000198	Max Planck Society	Max Planck Institute for Medical Research	Q158085	Heidelberg	Germany	8.6754,49.4123
nobel-000199						
nobel-000200	Ghent University		Q1137665	Ghent	Belgium	3.7261,51.0439
nobel-000201						
nobel-000202	Rome University		Q25105063	Rome	Italy	12.5049,41.9225
nobel-000203	Max Planck Society	Max Planck Institute of Biochemistry	Q158085	Martinsried	Germany	11.4606,48.1050
nobel-000204	Eidgenössische Technische Hochschule (Swiss Federal Institute of Technology)		Q11942	Zurich	Switzerland	8.5479,47.3764
nobel-000205						
nobel-000206	Munster University			Munster	Germany	
nobel-000207	University of California	University of California, Berkeley	Q184478	Berkeley, CA	United States	-122.2583,37.8719
nobel-000208	Stockholm University		Q221645	Stockholm	Sweden	18.0606,59.3631
nobel-000209	Polytechnic Institute			Copenhagen	Denmark	
nobel-000210	Saint Louis University		Q734774	St. Louis, MO	United States	-90.2342,38.6364
nobel-000211	Carnegie Mellon University		Q190080	Pittsburgh	United States	-79.9433,40.4425
nobel-000212	Max Planck Society	Max Planck Institute for Chemistry	Q158085	Mainz	Germany	8.2431,49.9936
nobel-000213						
nobel-000214	Washington University		Q777403	St. Louis, MO	United States	-90.3050,38.6480
nobel-000215	Rockefeller Institute for Medical Research		Q270272	New York, NY	United States	-73.9556,40.7625
nobel-000216						
nobel-000217	Columbia University		Q49088	New York	United States	-73.9619,40.8075
nobel-000218	University of Helsinki		Q28695	Helsinki	Finland	24.9500,60.1694
nobel-000219						
nobel-000220	University of London		Q170027	London	United Kingdom	-0.1289,51.5211
nobel-000221	University of Oxford		Q34433	Oxford	United Kingdom	-1.2550,51.7550
nobel-000222	University of Oxford		Q34433	Oxford	United Kingdom	-1.2550,51.7550
nobel-000223						
nobel-000224	Princeton University		Q21578	Princeton, NJ	United States	-74.6561,40.3453
nobel-000225	Cornell University		Q49115	Ithaca, NY	United States	-76.4839,42.4492
nobel-000226	Rockefeller Institute for Medical Research		Q270272	Princeton, NJ	United States	-73.9556,40.7625
nobel-000227	Rockefeller Institute for Medical Research		Q270272	Princeton, NJ	United States	-73.9556,40.7625
nobel-000228						
nobel-000229	Indiana University		Q6608367	Bloomington, IN	United States	-86.5000,39.1667
nobel-000230						
nobel-000231						
nobel-000232	Harvard University		Q13371	Cambridge, MA	United States	-71.1169,42.3744
nobel-000233	University of Oxford		Q34433	Oxford	United Kingdom	-1.2550,51.7550
nobel-000234						
nobel-000235	Washington University		Q777403	St. Louis, MO	United States	-90.3050,38.6480
nobel-000236	Washington University		Q777403	St. Louis, MO	United States	-90.3050,38.6480
nobel-000237	Instituto de Biologia y Medicina Experimental (Institute for Biology and Experimental Medicine)		Q5918039	Buenos Aires	Argentina	-58.4588,-34.5579
nobel-000238						
nobel-000239						
nobel-000240	Department of Scientific and Industrial Research		Q17513775	London	United Kingdom	
nobel-000241	Uppsala University		Q185246	Uppsala	Sweden	17.6289,59.8575
nobel-000242						
nobel-000243	Laboratorium der Farben-Fabriken J.R. Geigy A.G. (Laboratory of the J.R. Geigy Dye-Factory Co.)			Basel	Switzerland	
nobel-000244	Victoria University		Q867530	Manchester	United Kingdom	-2.2325,53.4675
nobel-000245	University of California	University of California, Berkeley	Q184478	Berkeley, CA	United States	-122.2583,37.8719
nobel-000246						
nobel-000247	University of Zurich		Q206702	Zurich	Switzerland	8.5483,47.3747
nobel-000248	University of Lisbon		Q1122926	Lisbon	Portugal	-9.1589,38.7525
nobel-000249						
nobel-000250	Kyoto Imperial University		Q112328210	Kyoto	Japan	
nobel-000251	Kiel University		Q156737	Kiel	Germany	10.1225,54.3389
nobel-000252	Cologne University		Q54096	Cologne	Germany	6.9286,50.9281
nobel-000253						
nobel-000254	Mayo Clinic		Q1130172	Rochester, MN	United States	-92.4666,44.0225
nobel-000255	Basel University		Q372608	Basel	Switzerland	7.5835,47.5585
nobel-000256	Mayo Clinic		Q1130172	Rochester, MN	United States	-92.4666,44.0225
nobel-000257	Harvard University		Q13371	Cambridge, MA	United States	-71.1169,42.3744
nobel-000258	Bristol University		Q459506	Bristol	United Kingdom	-2.6044,51.4564
nobel-000259	University of California	University of California, Berkeley	Q184478	Berkeley, CA	United States	-122.2583,37.8719
nobel-000260	University of California	University of California, Berkeley	Q184478	Berkeley, CA	United States	-122.2583,37.8719
nobel-000261						
nobel-000262	Laboratories of the Division of Medicine and Public Health, Rockefeller Foundation			New York, NY	United States	
nobel-000263						
nobel-000264	Atomic Energy Research Establishment		Q757600	Harwell, Berkshire	United Kingdom	-1.3051,51.5830
nobel-000265	Trinity College			Dublin	Ireland	
nobel-000266	National Institute for Medical Research		Q1732774	London	United Kingdom	-0.2198,51.6175
nobel-000267	Rowett Research Institute		Q3041197	Bucksburn (Scotland)	United Kingdom	-2.1928,57.1850
nobel-000268						
nobel-000269	Rutgers University		Q499451	New Brunswick, NJ	United States	-74.4481,40.5017
nobel-000270						
nobel-000271	Stanford University		Q41506	Stanford, CA	United States	-122.1700,37.4275
nobel-000272	Harvard University		Q13371	Cambridge, MA	United States	-71.1169,42.3744
nobel-000273	University of Freiburg		Q153987	Freiburg im Breisgau	Germany	7.8469,47.9942
nobel-000274						
nobel-000275	Sheffield University		Q823917	Sheffield	United Kingdom	-1.4888,53.3807
nobel-000276	Harvard University	Harvard Medical School	Q13371	Boston, MA	United States	-71.1039,42.3369
nobel-000277						
nobel-000278	Groningen University		Q850730	Groningen	Netherlands	6.5628,53.2192
nobel-000279	California Institute of Technology		Q161562	Pasadena	United States	-118.1244,34.1385
nobel-000280						
nobel-000281	Harvard University	Harvard Medical School	Q13371	Boston, MA	United States	-71.1039,42.3369
nobel-000282	Research Division of Infectious Diseases, Children's Medical Center			Boston, MA	United States	
nobel-000283	Western Reserve University			Cleveland, OH	United States	
nobel-000284						
nobel-000285	Edinburgh University		Q160302	Edinburgh	United Kingdom	-3.1872,55.9474
nobel-000286	University of Heidelberg			Heidelberg	Germany	
nobel-000287	Cornell University		Q49115	Ithaca, NY	United States	-76.4839,42.4492
nobel-000288						
nobel-000289	Karolinska Institutet, Nobel Medical Institute			Stockholm	Sweden	
nobel-000290	Stanford University		Q41506	Stanford, CA	United States	-122.1700,37.4275
nobel-000291	Columbia University		Q49088	New York	United States	-73.9619,40.8075
nobel-000292	University of Oxford		Q34433	Oxford	United Kingdom	-1.2550,51.7550
nobel-000293	Institute for Chemical Physics of the Academy of Sciences of the USSR			Moscow	Russia	
nobel-000294						
nobel-000295	Columbia University	Cardio-Pulmonary Laboratory, Bellevue Hospital	Q49088	New York	United States	-73.9619,40.8075
nobel-000296	Mainz University		Q459724	Mainz	Germany	8.2271,49.9882
nobel-000297	Columbia University		Q49088	New York	United States	-73.9619,40.8075
nobel-000298	Semiconductor Laboratory of Beckman Instruments, Inc.			Mountain View, CA	United States	
nobel-000299	University of Illinois Urbana-Champaign		Q457281	Urbana	United States	-88.2284,40.1105
nobel-000300	Bell Telephone Laboratories		Q217365	Murray Hill, NJ	United States	-74.4003,40.6833
nobel-000301	University of Cambridge		Q35794	Cambridge	United Kingdom	0.1132,52.2054
nobel-000302						
nobel-000303	Istituto Superiore di Sanità (Chief Institute of Public Health)		Q3803682	Rome	Italy	12.5182,41.9043
nobel-000304						
nobel-000305	Institute for Advanced Study		Q635642	Princeton	United States	-74.6678,40.3317
nobel-000306	Columbia University		Q49088	New York	United States	-73.9619,40.8075
nobel-000307	University of Cambridge		Q35794	Cambridge	United Kingdom	0.1132,52.2054
nobel-000308						
nobel-000309	California Institute of Technology		Q161562	Pasadena	United States	-118.1244,34.1385
nobel-000310	Rockefeller Institute for Medical Research		Q270272	New York, NY	United States	-73.9556,40.7625
nobel-000311	University of Wisconsin		Q838330	Madison, WI	United States	-89.4042,43.0753
nobel-000312						
nobel-000313	P.N. Lebedev Physical Institute		Q1810862	Moscow	Russia	37.5653,55.6978
nobel-000314	Moscow State University		Q13164	Moscow	Russia	37.5306,55.7025
nobel-000315	Moscow State University		Q13164	Moscow	Russia	37.5306,55.7025
nobel-000316	Polarographic Institute of the Czechoslovak Academy of Science			Prague	Czech Republic	
nobel-000317						
nobel-000318	New York University	School of Medicine	Q49210	New York, NY	United States	-73.9950,40.7300
nobel-000319	Stanford University		Q41506	Stanford, CA	United States	-122.1700,37.4275
nobel-000320						
nobel-000321	University of California	University of California, Berkeley	Q184478	Berkeley, CA	United States	-122.2583,37.8719
nobel-000322	University of California	University of California, Berkeley	Q184478	Berkeley, CA	United States	-122.2583,37.8719
nobel-000323	University of California	University of California, Los Angeles	Q184478	Los Angeles, CA	United States	-118.4428,34.0722
nobel-000324						
nobel-000325	Walter and Eliza Hall Institute for Medical Research			Melbourne	Australia	
nobel-000326	University College	University College London	Q193196	London	United Kingdom	-0.1336,51.5247
nobel-000327						
nobel-000328	University of California	University of California, Berkeley	Q184478	Berkeley, CA	United States	-122.2583,37.8719
nobel-000329	University of California	University of California, Berkeley	Q184478	Berkeley, CA	United States	-122.2583,37.8719
nobel-000330						
nobel-000331	Harvard University		Q13371	Cambridge, MA	United States	-71.1169,42.3744
nobel-000332						
nobel-000333	Stanford University		Q41506	Stanford, CA	United States	-122.1700,37.4275
nobel-000334	Technical University			Munich	Germany	
nobel-000335	MRC Laboratory of Molecular Biology		Q185800	Cambridge	United Kingdom	0.1430,52.1763
nobel-000336	MRC Laboratory of Molecular Biology		Q185800	Cambridge	United Kingdom	0.1430,52.1763
nobel-000337						
nobel-000338	MRC Laboratory of Molecular Biology		Q185800	Cambridge	United Kingdom	0.1430,52.1763
nobel-000339	Harvard University		Q13371	Cambridge, MA	United States	-71.1169,42.3744
nobel-000340	University of London		Q170027	London	United Kingdom	-0.1289,51.5211
nobel-000341	California Institute of Technology		Q161562	Pasadena	United States	-118.1244,34.1385
nobel-000342	Academy of Sciences		Q414147	Moscow	Russia	
nobel-000343	Max Planck Society	Max Planck Institute for Coal Research	Q158085	Mülheim an der Ruhr	Germany	6.8864,51.4178
nobel-000344	Institute of Technology		Q1371037	Milan	Italy	
nobel-000345						
nobel-000346	Australian National University		Q127990	Canberra	Australia	149.1205,-35.2778
nobel-000347	University of Cambridge		Q35794	Cambridge	United Kingdom	0.1132,52.2054
nobel-000348	University College	University College London	Q193196	London	United Kingdom	-0.1336,51.5247
nobel-000349						
nobel-000350						
nobel-000351	Princeton University		Q21578	Princeton, NJ	United States	-74.6561,40.3453
nobel-000352	University of California	University of California, San Diego	Q184478	San Diego, CA	United States	-117.2361,32.8789
nobel-000353	University of Heidelberg			Heidelberg	Germany	
nobel-000354	University of Oxford		Q34433	Oxford	United Kingdom	-1.2550,51.7550
nobel-000355						
nobel-000356	Harvard University		Q13371	Cambridge, MA	United States	-71.1169,42.3744
nobel-000357	Max Planck Society	Max Planck Institute of Biochemistry	Q158085	Martinsried	Germany	11.4606,48.1050
nobel-000358						
nobel-000359	Massachusetts Institute of Technology		Q49108	Cambridge, MA	United States	-71.0919,42.3597
nobel-000360	P.N. Lebedev Physical Institute		Q1810862	Moscow	Russia	37.5653,55.6978
nobel-000361	P.N. Lebedev Physical Institute		Q1810862	Moscow	Russia	37.5653,55.6978
nobel-000362	Harvard University		Q13371	Cambridge, MA	United States	-71.1169,42.3744
nobel-000363						
nobel-000364	Institut Pasteur		Q391083	Paris	France	2.3111,48.8403
nobel-000365	Institut Pasteur		Q391083	Paris	France	2.3111,48.8403
nobel-000366	Institut Pasteur		Q391083	Paris	France	2.3111,48.8403
nobel-000367						
nobel-000368	Tokyo University of Education			Tokyo	Japan	
nobel-000369	Harvard University		Q13371	Cambridge, MA	United States	-71.1169,42.3744
nobel-000370	California Institute of Technology		Q161562	Pasadena	United States	-118.1244,34.1385
nobel-000371	University of Chicago		Q131252	Chicago, IL	United States	-87.5997,41.7897
nobel-000372						
nobel-000373						
nobel-000374	Rockefeller University		Q270272	New York, NY	United States	-73.9556,40.7625
nobel-000375	University of Chicago, Ben May Laboratory for Cancer Research			Chicago, IL	United States	
nobel-000376	École Normale Supérieure		Q83259	Paris	France	2.3447,48.8419
nobel-000377	Max Planck Society	Max Planck Institute for Multidisciplinary Sciences	Q158085	Göttingen	Germany	9.9694,51.5619
nobel-000378	Institute of Physical Chemistry		Q4483580	Cambridge	United Kingdom	30.7265,46.4286
nobel-000379	Royal Institution of Great Britain		Q2171086	London	United Kingdom	-0.1425,51.5098
nobel-000380						
nobel-000381	Karolinska Institutet		Q219564	Stockholm	Sweden	18.0267,59.3489
nobel-000382	Rockefeller University		Q270272	New York, NY	United States	-73.9556,40.7625
nobel-000383	Harvard University		Q13371	Cambridge, MA	United States	-71.1169,42.3744
nobel-000384	Cornell University		Q49115	Ithaca, NY	United States	-76.4839,42.4492
nobel-000385	Yale University		Q49112	New Haven, CT	United States	-72.9267,41.3111
nobel-000386						
nobel-000387	Cornell University		Q49115	Ithaca, NY	United States	-76.4839,42.4492
nobel-000388	University of Wisconsin		Q838330	Madison, WI	United States	-89.4042,43.0753
nobel-000389	National Institutes of Health		Q390551	Bethesda, MD	United States	-77.1019,38.9975
nobel-000390						
nobel-000391	University of California	University of California, Berkeley	Q184478	Berkeley, CA	United States	-122.2583,37.8719
nobel-000392	Imperial College London		Q189022	London	United Kingdom	-0.1769,51.4983
nobel-000393	University of Oslo		Q486156	Oslo	Norway	10.7221,59.9399
nobel-000394	University of Oslo		Q486156	Oslo	Norway	10.7221,59.9399
nobel-000395	The Netherlands School of Economics			Rotterdam	Netherlands	
nobel-000396						
nobel-000397	California Institute of Technology		Q161562	Pasadena	United States	-118.1244,34.1385
nobel-000398	Cold Spring Harbor Laboratory	Carnegie Institution of Washington, Department of Genetics	Q609768	Cold Spring Harbor	United States	-73.4672,40.8619
nobel-000399	Massachusetts Institute of Technology		Q49108	Cambridge, MA	United States	-71.0919,42.3597
nobel-000400						
nobel-000401	California Institute of Technology		Q161562	Pasadena	United States	-118.1244,34.1385
nobel-000402	Institute for Biochemical Research			Buenos Aires	Argentina	
nobel-000403	Massachusetts Institute of Technology		Q49108	Cambridge, MA	United States	-71.0919,42.3597
nobel-000404						
nobel-000405	University College	University College London	Q193196	London	United Kingdom	-0.1336,51.5247
nobel-000406	Karolinska Institutet		Q219564	Stockholm	Sweden	18.0267,59.3489
nobel-000407	National Institutes of Health		Q390551	Bethesda, MD	United States	-77.1019,38.9975
nobel-000408						
nobel-000409	Royal Institute of Technology		Q854280	Stockholm	Sweden	18.0728,59.3472
nobel-000410	University of Grenoble			Grenoble	France	
nobel-000411	National Research Council of Canada			Ottawa	Canada	
nobel-000412	Harvard University		Q13371	Cambridge, MA	United States	-71.1169,42.3744
nobel-000413						
nobel-000414	Vanderbilt University		Q29052	Nashville, TN	United States	-86.8025,36.1475
nobel-000415						
nobel-000416	Imperial College London		Q189022	London	United Kingdom	-0.1769,51.4983
nobel-000417	National Institutes of Health		Q390551	Bethesda, MD	United States	-77.1019,38.9975
nobel-000418	Rockefeller University		Q270272	New York, NY	United States	-73.9556,40.7625
nobel-000419	Rockefeller University		Q270272	New York, NY	United States	-73.9556,40.7625
nobel-000420	University of Oxford	All Souls College	Q34433	Oxford	United Kingdom	-1.2528,51.7533
nobel-000421	Harvard University		Q13371	Cambridge, MA	United States	-71.1169,42.3744
nobel-000422						
nobel-000423	Rockefeller University		Q270272	New York, NY	United States	-73.9556,40.7625
nobel-000424	University of Oxford		Q34433	Oxford	United Kingdom	-1.2550,51.7550
nobel-000425	University of Illinois Urbana-Champaign		Q457281	Urbana	United States	-88.2284,40.1105
nobel-000426	Brown University		Q49114	Providence, RI	United States	-71.4031,41.8261
nobel-000427	University of Pennsylvania		Q49117	Philadelphia, PA	United States	-75.1936,39.9519
nobel-000428	Technical University			Munich	Germany	
nobel-000429	Imperial College London		Q189022	London	United Kingdom	-0.1769,51.4983
nobel-000430	Harvard University		Q13371	Cambridge, MA	United States	-71.1169,42.3744
nobel-000431						
nobel-000432	Zoologisches Institut der Universität München			Munich	Germany	
nobel-000433	Konrad-Lorenz-Institut der Österreichischen Akademie der Wissen­schaften, Forschungsstelle für Ethologie			Altenberg; Grünau im Almtal	Austria	
nobel-000434	University of Oxford		Q34433	Oxford	United Kingdom	-1.2550,51.7550
nobel-000435						
nobel-000436						
nobel-000437	IBM Thomas J. Watson Research Center		Q476208	Yorktown Heights, NY	United States	-73.8030,41.2102
nobel-000438	General Electric Company		Q54173	Schenectady, NY	United States	
nobel-000439	University of Cambridge		Q35794	Cambridge	United Kingdom	0.1132,52.2054
nobel-000440	Stanford University		Q41506	Stanford, CA	United States	-122.1700,37.4275
nobel-000441	New York University			New York	United States	-73.9950,40.7300
nobel-000442	University of Salzburg			Salzburg	Austria	13.0481,47.7972
nobel-000443						
nobel-000444						
nobel-000445	UCLouvain		Q378134	Louvain-la-Neuve	Belgium	4.6156,50.6697
nobel-000446	Rockefeller University		Q270272	New York, NY	United States	-73.9556,40.7625
nobel-000447	Yale University	School of Medicine	Q49112	New Haven, CT	United States	-72.9339,41.3032
nobel-000448						
nobel-000449						
nobel-000450	University of Cambridge		Q35794	Cambridge	United Kingdom	0.1132,52.2054
nobel-000451	University of Cambridge		Q35794	Cambridge	United Kingdom	0.1132,52.2054
nobel-000452	University of Sussex			Brighton	United Kingdom	-0.0856,50.8653
nobel-000453	Eidgenössische Technische Hochschule (Swiss Federal Institute of Technology)		Q11942	Zurich	Switzerland	8.5479,47.3764
nobel-000454	Academy of Sciences		Q414147	Moscow	Russia	
nobel-000455	Yale University		Q49112	New Haven, CT	United States	-72.9267,41.3111
nobel-000456						
nobel-000457	Massachusetts Institute of Technology		Q49108	Cambridge, MA	United States	-71.0919,42.3597
nobel-000458	Cancer Research UK	Imperial Cancer Research Fund Laboratory	Q326079	London	United Kingdom	-0.0114,51.5425
nobel-000459	University of Wisconsin		Q838330	Madison, WI	United States	-89.4042,43.0753
nobel-000460						
nobel-000461	Niels Bohr Institute			Copenhagen	Denmark	
nobel-000462	Nordita			Copenhagen	Denmark	
nobel-000463	Columbia University		Q49088	New York	United States	-73.9619,40.8075
nobel-000464	Harvard University		Q13371	Cambridge, MA	United States	-71.1169,42.3744
nobel-000465	University of Chicago		Q131252	Chicago, IL	United States	-87.5997,41.7897
nobel-000466						
nobel-000467	The Institute for Cancer Research			Philadelphia, PA	United States	
nobel-000468	National Institutes of Health		Q390551	Bethesda, MD	United States	-77.1019,38.9975
nobel-000469						
nobel-000470						
nobel-000471	Stanford Linear Accelerator Center		Q915217	Stanford, CA	United States	-122.2025,37.4175
nobel-000472	Massachusetts Institute of Technology		Q49108	Cambridge, MA	United States	-71.0919,42.3597
nobel-000473	Université libre de Bruxelles		Q574606	Brussels	Belgium	4.3811,50.8117
nobel-000474	Stockholm School of Economics		Q1061504	Stockholm	Sweden	18.0569,59.3417
nobel-000475	University of Cambridge		Q35794	Cambridge	United Kingdom	0.1132,52.2054
nobel-000476						
nobel-000477	Salk Institute for Biological Studies		Q1351061	La Jolla	United States	-117.2464,32.8875
nobel-000478	Veterans Administration Hospital			New Orleans, LA	United States	
nobel-000479	Veterans Administration Hospital			Bronx, NY	United States	
nobel-000480						
nobel-000481	Bell Telephone Laboratories		Q217365	Murray Hill, NJ	United States	-74.4003,40.6833
nobel-000482	University of Cambridge		Q35794	Cambridge	United Kingdom	0.1132,52.2054
nobel-000483	Harvard University		Q13371	Cambridge, MA	United States	-71.1169,42.3744
nobel-000484	Glynn Research Laboratories			Bodmin	United Kingdom	
nobel-000485	Carnegie Mellon University		Q190080	Pittsburgh	United States	-79.9433,40.4425
nobel-000486						
nobel-000487	Biozentrum der Universität		Q864916	Basel	Switzerland	7.5801,47.5637
nobel-000488	Johns Hopkins University	School of Medicine	Q193727	Baltimore, MD	United States	-76.5942,39.2989
nobel-000489	Johns Hopkins University	School of Medicine	Q193727	Baltimore, MD	United States	-76.5942,39.2989
nobel-000490						
nobel-000491						
nobel-000492	Academy of Sciences		Q414147	Moscow	Russia	
nobel-000493	Nokia Bell Labs		Q217365	Holmdel	United States	-74.1672,40.3650
nobel-000494	Nokia Bell Labs		Q217365	Holmdel	United States	-74.1672,40.3650
nobel-000495	Purdue University		Q217741	West Lafayette, IN	United States	-86.9231,40.4250
nobel-000496	University of Heidelberg			Heidelberg	Germany	
nobel-000497	University of Chicago		Q131252	Chicago, IL	United States	-87.5997,41.7897
nobel-000498	Princeton University		Q21578	Princeton, NJ	United States	-74.6561,40.3453
nobel-000499						
nobel-000500	Tufts University		Q49120	Medford, MA	United States	-71.1198,42.4069
nobel-000501	Central Research Laboratories, EMI			London	United Kingdom	
nobel-000502						
nobel-000503	Harvard University	Lyman Laboratory	Q13371	Cambridge, MA	United States	-71.1169,42.3744
nobel-000504	International Centre for Theoretical Physics		Q1190606	Trieste	Italy	13.7183,45.7026
nobel-000505	Harvard University		Q13371	Cambridge, MA	United States	-71.1169,42.3744
nobel-000506	MRC Laboratory of Molecular Biology		Q185800	Cambridge	United Kingdom	0.1430,52.1763
nobel-000507	Stanford University		Q41506	Stanford, CA	United States	-122.1700,37.4275
nobel-000508	Harvard University	Biological Laboratories	Q13371	Cambridge, MA	United States	-71.1169,42.3744
nobel-000509	University of Pennsylvania		Q49117	Philadelphia, PA	United States	-75.1936,39.9519
nobel-000510						
nobel-000511	Harvard University	Harvard Medical School	Q13371	Boston, MA	United States	-71.1039,42.3369
nobel-000512	Université de Paris, Laboratoire Immuno-Hématologie			Paris	France	
nobel-000513	Jackson Laboratory		Q1677355	Bar Harbor, ME	United States	-68.1965,44.3655
nobel-000514						
nobel-000515	University of Chicago		Q131252	Chicago, IL	United States	-87.5997,41.7897
nobel-000516	Princeton University		Q21578	Princeton, NJ	United States	-74.6561,40.3453
nobel-000517	Kyoto University		Q336264	Kyoto	Japan	135.7808,35.0262
nobel-000518	Cornell University		Q49115	Ithaca, NY	United States	-76.4839,42.4492
nobel-000519	Yale University		Q49112	New Haven, CT	United States	-72.9267,41.3111
nobel-000520						
nobel-000521	California Institute of Technology		Q161562	Pasadena	United States	-118.1244,34.1385
nobel-000522	Harvard University	Harvard Medical School	Q13371	Boston, MA	United States	-71.1039,42.3369
nobel-000523	Harvard University	Harvard Medical School	Q13371	Boston, MA	United States	-71.1039,42.3369
nobel-000524						
nobel-000525	Harvard University		Q13371	Cambridge, MA	United States	-71.1169,42.3744
nobel-000526	Stanford University		Q41506	Stanford, CA	United States	-122.1700,37.4275
nobel-000527	Uppsala University		Q185246	Uppsala	Sweden	17.6289,59.8575
nobel-000528	MRC Laboratory of Molecular Biology		Q185800	Cambridge	United Kingdom	0.1430,52.1763
nobel-000529	University of Chicago		Q131252	Chicago, IL	United States	-87.5997,41.7897
nobel-000530						
nobel-000531	Karolinska Institutet		Q219564	Stockholm	Sweden	18.0267,59.3489
nobel-000532	Karolinska Institutet		Q219564	Stockholm	Sweden	18.0267,59.3489
nobel-000533	The Wellcome Research Laboratories			Beckenham	United Kingdom	
nobel-000534						
nobel-000535						
nobel-000536	Cornell University		Q49115	Ithaca, NY	United States	-76.4839,42.4492
nobel-000537	Stanford University		Q41506	Stanford, CA	United States	-122.1700,37.4275
nobel-000538	University of California	University of California, Berkeley	Q184478	Berkeley, CA	United States	-122.2583,37.8719
nobel-000539						
nobel-000540	Cold Spring Harbor Laboratory		Q609768	Cold Spring Harbor, NY	United States	-73.4672,40.8619
nobel-000541						
nobel-000542	University of Chicago		Q131252	Chicago, IL	United States	-87.5997,41.7897
nobel-000543	California Institute of Technology		Q161562	Pasadena	United States	-118.1244,34.1385
nobel-000544	Rockefeller University		Q270272	New York, NY	United States	-73.9556,40.7625
nobel-000545	University of Cambridge		Q35794	Cambridge	United Kingdom	0.1132,52.2054
nobel-000546						
nobel-000547	Basel Institute for Immunology		Q809921	Basel	Switzerland	7.6261,47.5627
nobel-000548	Basel Institute for Immunology		Q809921	Basel	Switzerland	7.6261,47.5627
nobel-000549	MRC Laboratory of Molecular Biology		Q185800	Cambridge	United Kingdom	0.1430,52.1763
nobel-000550						
nobel-000551	CERN		Q42944	Geneva	Switzerland	6.0491,46.2345
nobel-000552	CERN		Q42944	Geneva	Switzerland	6.0491,46.2345
nobel-000553	The Medical Foundation of Buffalo			Buffalo, NY	United States	
nobel-000554	US Naval Research Laboratory			Washington, DC	United States	
nobel-000555	Massachusetts Institute of Technology		Q49108	Cambridge, MA	United States	-71.0919,42.3597
nobel-000556						
nobel-000557	University of Texas Southwestern Medical Center at Dallas		Q2725999	Dallas, TX	United States	-96.8402,32.8121
nobel-000558	University of Texas Southwestern Medical Center at Dallas		Q2725999	Dallas, TX	United States	-96.8402,32.8121
nobel-000559						
nobel-000560	Max Planck Society	Max Planck Institute for Solid State Research	Q158085	Stuttgart	Germany	9.0808,48.7467
nobel-000561	Harvard University		Q13371	Cambridge, MA	United States	-71.1169,42.3744
nobel-000562	University of California	University of California, Berkeley	Q184478	Berkeley, CA	United States	-122.2583,37.8719
nobel-000563	University of Toronto		Q180865	Toronto	Canada	-79.3957,43.6629
nobel-000564	Center for Study of Public Choice			Fairfax, VA	United States	
nobel-000565						
nobel-000566	Vanderbilt University	School of Medicine	Q29052	Nashville, TN	United States	-86.8025,36.1475
nobel-000567	Institute of Cell Biology of the C.N.R.			Rome	Italy	
nobel-000568						
nobel-000569	Max Planck Society	Fritz Haber Institute	Q158085	Berlin	Germany	13.2830,52.4485
nobel-000570	IBM Zurich Research Laboratory		Q1474431	Rüschlikon	Switzerland	8.5444,47.3097
nobel-000571	IBM Zurich Research Laboratory		Q1474431	Rüschlikon	Switzerland	8.5444,47.3097
nobel-000572	University of California	University of California, Los Angeles	Q184478	Los Angeles, CA	United States	-118.4428,34.0722
nobel-000573	Université Louis Pasteur			Strasbourg	France	
nobel-000574	Du Pont			Wilmington, DE	United States	
nobel-000575	Massachusetts Institute of Technology		Q49108	Cambridge, MA	United States	-71.0919,42.3597
nobel-000576						
nobel-000577	Massachusetts Institute of Technology		Q49108	Cambridge, MA	United States	-71.0919,42.3597
nobel-000578						
nobel-000579	IBM Zurich Research Laboratory		Q1474431	Rüschlikon	Switzerland	8.5444,47.3097
nobel-000580	IBM Zurich Research Laboratory		Q1474431	Rüschlikon	Switzerland	8.5444,47.3097
nobel-000581	University of Texas Southwestern Medical Center at Dallas		Q2725999	Dallas, TX	United States	-96.8402,32.8121
nobel-000582	Max Planck Society	Max Planck Institute of Biochemistry	Q158085	Martinsried	Germany	11.4606,48.1050
nobel-000583	Max Planck Society	Max Planck Institute of Biophysics	Q158085	Frankfurt am Main	Germany	8.6303,50.1736
nobel-000584	École Nationale Supérieur des Mines de Paris			Paris	France	
nobel-000585						
nobel-000586	University of London	King's College Hospital Medical School	Q170027	London	United Kingdom	-0.1289,51.5211
nobel-000587	Wellcome Research Laboratories			Research Triangle Park, NC	United States	
nobel-000588	Wellcome Research Laboratories			Research Triangle Park, NC	United States	
nobel-000589						
nobel-000590	Fermi National Accelerator Laboratory		Q337641	Batavia	United States	-88.2572,41.8319
nobel-000591	Digital Pathways, Inc.			Mountain View, CA	United States	
nobel-000592	CERN		Q42944	Geneva	Switzerland	6.0491,46.2345
nobel-000593	Yale University		Q49112	New Haven, CT	United States	-72.9267,41.3111
nobel-000594	University of Colorado			Boulder, CO	United States	
nobel-000595	University of Oslo		Q486156	Oslo	Norway	10.7221,59.9399
nobel-000596						
nobel-000597	University of California	School of Medicine	Q184478	San Francisco, CA	United States	-122.4581,37.7628
nobel-000598	University of California	School of Medicine	Q184478	San Francisco, CA	United States	-122.4581,37.7628
nobel-000599						
nobel-000600	Harvard University		Q13371	Cambridge, MA	United States	-71.1169,42.3744
nobel-000601	University of Washington		Q219563	Seattle, WA	United States	-122.3081,47.6542
nobel-000602	University of Bonn		Q152171	Bonn	Germany	7.1022,50.7339
nobel-000603	Harvard University		Q13371	Cambridge, MA	United States	-71.1169,42.3744
nobel-000604	City University of New York		Q762266	New York, NY	United States	-73.9735,40.7510
nobel-000605	University of Chicago		Q131252	Chicago, IL	United States	-87.5997,41.7897
nobel-000606	Stanford University		Q41506	Stanford, CA	United States	-122.1700,37.4275
nobel-000607						
nobel-000608	Brigham and Women’s Hospital		Q2900977	Boston, MA	United States	-71.1068,42.3362
nobel-000609	Fred Hutchinson Cancer Research Center		Q1452369	Seattle, WA	United States	-122.3307,47.6278
nobel-000610						
nobel-000611	Massachusetts Institute of Technology		Q49108	Cambridge, MA	United States	-71.0919,42.3597
nobel-000612	Massachusetts Institute of Technology		Q49108	Cambridge, MA	United States	-71.0919,42.3597
nobel-000613	Stanford University		Q41506	Stanford, CA	United States	-122.1700,37.4275
nobel-000614	Eidgenössische Technische Hochschule (Swiss Federal Institute of Technology)		Q11942	Zurich	Switzerland	8.5479,47.3764
nobel-000615	University of Chicago		Q131252	Chicago, IL	United States	-87.5997,41.7897
nobel-000616						
nobel-000617	Max Planck Society	Max Planck Institute for Multidisciplinary Sciences	Q158085	Göttingen	Germany	9.9694,51.5619
nobel-000618	Max Planck Society	Max Planck Institute for Medical Research	Q158085	Heidelberg	Germany	8.6754,49.4123
nobel-000619						
nobel-000620	Collège de France		Q202660	Paris	France	2.3456,48.8492
nobel-000621	California Institute of Technology		Q161562	Pasadena	United States	-118.1244,34.1385
nobel-000622	University of Chicago		Q131252	Chicago, IL	United States	-87.5997,41.7897
nobel-000623						
nobel-000624	University of Washington		Q219563	Seattle, WA	United States	-122.3081,47.6542
nobel-000625	University of Washington		Q219563	Seattle, WA	United States	-122.3081,47.6542
nobel-000626						
nobel-000627	École Supérieure de Physique et Chimie			Paris	France	
nobel-000628				La Jolla, CA	United States	
nobel-000629	University of British Columbia		Q391028	Vancouver	Canada	-123.2528,49.2647
nobel-000630	University of Chicago		Q131252	Chicago, IL	United States	-87.5997,41.7897
nobel-000631	Washington University		Q777403	St. Louis, MO	United States	-90.3050,38.6480
nobel-000632						
nobel-000633	New England Biolabs			Beverly, MA	United States	
nobel-000634	Massachusetts Institute of Technology	Koch Institute for Integrative Cancer Research	Q49108	Cambridge	United States	-71.0919,42.3597
nobel-000635						
nobel-000636						
nobel-000637	Princeton University		Q21578	Princeton, NJ	United States	-74.6561,40.3453
nobel-000638	Princeton University		Q21578	Princeton, NJ	United States	-74.6561,40.3453
nobel-000639	University of Southern California		Q4614	Los Angeles, CA	United States	-118.2853,34.0217
nobel-000640	University of California	University of California, Berkeley	Q184478	Berkeley, CA	United States	-122.2583,37.8719
nobel-000641	Princeton University		Q21578	Princeton, NJ	United States	-74.6561,40.3453
nobel-000642	Rheinische Friedrich-Wilhelms-Universität		Q152171	Bonn	Germany	7.1022,50.7339
nobel-000643						
nobel-000644	University of Texas Southwestern Medical Center at Dallas		Q2725999	Dallas, TX	United States	-96.8402,32.8121
nobel-000645	National Institute of Environmental Health Sciences		Q1284039	Research Triangle Park, NC	United States	-78.8833,35.8837
nobel-000646						
nobel-000647						
nobel-000648						
nobel-000649	McMaster University		Q632891	Hamilton, Ontario	Canada	-79.9189,43.2633
nobel-000650	Massachusetts Institute of Technology		Q49108	Cambridge, MA	United States	-71.0919,42.3597
nobel-000651	Max Planck Society	Max Planck Institute for Chemistry	Q158085	Mainz	Germany	8.2431,49.9936
nobel-000652	Massachusetts Institute of Technology		Q49108	Cambridge, MA	United States	-71.0919,42.3597
nobel-000653	University of California	University of California, Irvine	Q184478	Irvine, CA	United States	-117.8426,33.6454
nobel-000654	University of Chicago		Q131252	Chicago, IL	United States	-87.5997,41.7897
nobel-000655						
nobel-000656	California Institute of Technology		Q161562	Pasadena	United States	-118.1244,34.1385
nobel-000657	Max Planck Society	Max Planck Institute for Biology Tübingen	Q158085	Tübingen	Germany	9.0575,48.5367
nobel-000658	Princeton University		Q21578	Princeton, NJ	United States	-74.6561,40.3453
nobel-000659						
nobel-000660						
nobel-000661	Stanford University		Q41506	Stanford, CA	United States	-122.1700,37.4275
nobel-000662	University of California	University of California, Irvine	Q184478	Irvine, CA	United States	-117.8426,33.6454
nobel-000663	Rice University		Q842909	Houston, TX	United States	-95.4028,29.7169
nobel-000664	University of Sussex			Brighton	United Kingdom	-0.0856,50.8653
nobel-000665	Rice University		Q842909	Houston, TX	United States	-95.4028,29.7169
nobel-000666	University of Cambridge		Q35794	Cambridge	United Kingdom	0.1132,52.2054
nobel-000667	Columbia University		Q49088	New York	United States	-73.9619,40.8075
nobel-000668						
nobel-000669	St. Jude Children's Research Hospital		Q1164246	Memphis, TN	United States	-90.0431,35.1529
nobel-000670	University of Zurich	Institute of Experimental Immunology	Q206702	Zurich	Switzerland	8.5483,47.3747
nobel-000671						
nobel-000672						
nobel-000673	Cornell University		Q49115	Ithaca, NY	United States	-76.4839,42.4492
nobel-000674	Stanford University		Q41506	Stanford, CA	United States	-122.1700,37.4275
nobel-000675	Cornell University		Q49115	Ithaca, NY	United States	-76.4839,42.4492
nobel-000676	University of California	University of California, Los Angeles	Q184478	Los Angeles, CA	United States	-118.4428,34.0722
nobel-000677	MRC Laboratory of Molecular Biology		Q185800	Cambridge	United Kingdom	0.1430,52.1763
nobel-000678	Aarhus University		Q924265	Aarhus	Denmark	10.2011,56.1706
nobel-000679	Harvard University		Q13371	Cambridge, MA	United States	-71.1169,42.3744
nobel-000680	Long Term Capital Management			Greenwich, CT	United States	
nobel-000681						
nobel-000682	University of California	School of Medicine	Q184478	San Francisco, CA	United States	-122.4581,37.7628
nobel-000683						
nobel-000684						
nobel-000685	Stanford University		Q41506	Stanford, CA	United States	-122.1700,37.4275
nobel-000686	Collège de France		Q202660	Paris	France	2.3456,48.8492
nobel-000687	National Institute of Standards and Technology		Q176691	Gaithersburg, MD	United States	-77.2178,39.1415
nobel-000688	University of California	University of California, Santa Barbara	Q184478	Santa Barbara, CA	United States	-119.8464,34.4163
nobel-000689	Northwestern University		Q309350	Evanston, IL	United States	-87.6753,42.0565
nobel-000690	Trinity College			Cambridge	United Kingdom	
nobel-000691						
nobel-000692	SUNY Health Science Center		Q3246712	Brooklyn, NY	United States	-73.9457,40.6554
nobel-000693	University of California	School of Medicine	Q184478	Los Angeles, CA	United States	-118.4428,34.0722
nobel-000694	University of Texas Medical School at Houston		Q96418922	Houston, TX	United States	-95.3963,29.7129
nobel-000695						
nobel-000696						
nobel-000697	Stanford University		Q41506	Stanford, CA	United States	-122.1700,37.4275
nobel-000698	Columbia University		Q49088	New York	United States	-73.9619,40.8075
nobel-000699	Princeton University		Q21578	Princeton, NJ	United States	-74.6561,40.3453
nobel-000700	California Institute of Technology		Q161562	Pasadena	United States	-118.1244,34.1385
nobel-000701	Columbia University		Q49088	New York	United States	-73.9619,40.8075
nobel-000702						
nobel-000703	Rockefeller University		Q270272	New York, NY	United States	-73.9556,40.7625
nobel-000704						
nobel-000705	Utrecht University		Q221653	Utrecht	Netherlands	5.1750,52.0853
nobel-000706				Bilthoven	Netherlands	
nobel-000707	University of California	University of California, Santa Barbara	Q184478	Santa Barbara, CA	United States	-119.8464,34.4163
nobel-000708	University of Pennsylvania		Q49117	Philadelphia, PA	United States	-75.1936,39.9519
nobel-000709	University of Tsukuba			Tokyo	Japan	
nobel-000710	University of Chicago		Q131252	Chicago, IL	United States	-87.5997,41.7897
nobel-000711	University of California	University of California, Berkeley	Q184478	Berkeley, CA	United States	-122.2583,37.8719
nobel-000712						
nobel-000713	University of Gothenburg		Q371522	Gothenburg	Sweden	11.9717,57.6983
nobel-000714	Rockefeller University		Q270272	New York, NY	United States	-73.9556,40.7625
nobel-000715	Columbia University		Q49088	New York	United States	-73.9619,40.8075
nobel-000716						
nobel-000717	A.F. Ioffe Physico-Technical Institute			St. Petersburg	Russia	
nobel-000718	University of California	University of California, Santa Barbara	Q184478	Santa Barbara, CA	United States	-119.8464,34.4163
nobel-000719	Texas Instruments			Dallas, TX	United States	
nobel-000720				St. Louis, MO	United States	
nobel-000721	Nagoya University		Q1191132	Nagoya	Japan	136.9686,35.1525
nobel-000722	The Scripps Research Institute		Q793867	La Jolla, CA	United States	-117.2425,32.8961
nobel-000723	University of California	University of California, Berkeley	Q184478	Berkeley, CA	United States	-122.2583,37.8719
nobel-000724	Stanford University		Q41506	Stanford, CA	United States	-122.1700,37.4275
nobel-000725	Columbia University		Q49088	New York	United States	-73.9619,40.8075
nobel-000726						
nobel-000727	Fred Hutchinson Cancer Research Center		Q1452369	Seattle, WA	United States	-122.3307,47.6278
nobel-000728	Cancer Research UK	Imperial Cancer Research Fund	Q326079	London	United Kingdom	-0.0114,51.5425
nobel-000729	Cancer Research UK	Imperial Cancer Research Fund	Q326079	London	United Kingdom	-0.0114,51.5425
nobel-000730						
nobel-000731						
nobel-000732	University of Colorado, JILA	JILA	Q1586184	Boulder, CO	United States	-105.2680,40.0074
nobel-000733	Massachusetts Institute of Technology		Q49108	Cambridge, MA	United States	-71.0919,42.3597
nobel-000734	University of Colorado, JILA	JILA	Q1586184	Boulder, CO	United States	-105.2680,40.0074
nobel-000735	Virginia Commonwealth University		Q2303536	Richmond, VA	United States	-77.4533,37.5466
nobel-000736	Shimadzu Corp.			Kyoto	Japan	
nobel-000737	Eidgenössische Technische Hochschule (Swiss Federal Institute of Technology)		Q11942	Zurich	Switzerland	8.5479,47.3764
nobel-000738	Princeton University		Q21578	Princeton, NJ	United States	-74.6561,40.3453
nobel-000739	George Mason University		Q1411222	Fairfax, VA	United States	-77.3075,38.8308
nobel-000740						
nobel-000741	The Molecular Sciences Institute			Berkeley, CA	United States	
nobel-000742	Massachusetts Institute of Technology		Q49108	Cambridge, MA	United States	-71.0919,42.3597
nobel-000743	The Wellcome Trust Sanger Institute			Cambridge	United Kingdom	
nobel-000744						
nobel-000745	University of Pennsylvania		Q49117	Philadelphia, PA	United States	-75.1936,39.9519
nobel-000746	The University of Tokyo		Q7842	Tokyo	Japan	139.7623,35.7134
nobel-000747	Associated Universities Inc.			Washington, DC	United States	
nobel-000748	Johns Hopkins University	School of Medicine	Q193727	Baltimore, MD	United States	-76.5942,39.2989
nobel-000749	Rockefeller University		Q270272	New York, NY	United States	-73.9556,40.7625
nobel-000750	New York University		Q49210	New York, NY	United States	-73.9950,40.7300
nobel-000751	University of California	University of California, San Diego	Q184478	San Diego, CA	United States	-117.2361,32.8789
nobel-000752						
nobel-000753	University of Illinois Urbana-Champaign		Q457281	Urbana	United States	-88.2284,40.1105
nobel-000754	University of Nottingham	School of Physics and Astronomy	Q472316	Nottingham	United Kingdom	-1.1969,52.9389
nobel-000755						
nobel-000756	Argonne National Laboratory		Q649120	Argonne, IL	United States	-87.9789,41.7183
nobel-000757	P.N. Lebedev Physical Institute		Q1810862	Moscow	Russia	37.5653,55.6978
nobel-000758	University of Illinois Urbana-Champaign		Q457281	Urbana	United States	-88.2284,40.1105
nobel-000759	Technion – Israel Institute of Technology		Q333705	Haifa	Israel	35.0217,32.7775
nobel-000760	Technion – Israel Institute of Technology		Q333705	Haifa	Israel	35.0217,32.7775
nobel-000761	University of California	University of California, Irvine	Q184478	Irvine, CA	United States	-117.8426,33.6454
nobel-000762	Carnegie Mellon University		Q190080	Pittsburgh	United States	-79.9433,40.4425
nobel-000763	Arizona State University		Q670897	Tempe, AZ	United States	-111.9361,33.4169
nobel-000764						
nobel-000765	Columbia University		Q49088	New York	United States	-73.9619,40.8075
nobel-000766	Fred Hutchinson Cancer Research Center		Q1452369	Seattle, WA	United States	-122.3307,47.6278
nobel-000767						
nobel-000768	University of California, Kavli Institute for Theoretical Physics			Santa Barbara, CA	United States	
nobel-000769	California Institute of Technology		Q161562	Pasadena	United States	-118.1244,34.1385
nobel-000770	Massachusetts Institute of Technology		Q49108	Cambridge, MA	United States	-71.0919,42.3597
nobel-000771	Institut Français du Pétrole		Q84026	Rueil-Malmaison	France	
nobel-000772	California Institute of Technology		Q161562	Pasadena	United States	-118.1244,34.1385
nobel-000773	Massachusetts Institute of Technology		Q49108	Cambridge, MA	United States	-71.0919,42.3597
nobel-000774	Hebrew University of Jerusalem	Federmann Center for the Study of Rationality	Q174158	Jerusalem	Israel	35.2000,31.7758
nobel-000775	University of Maryland	Department of Economics and School of Public Policy	Q503415	College Park, MD	United States	-76.9425,38.9881
nobel-000776						
nobel-000777	NHMRC Helicobacter pylori Research Laboratory, QEII Medical Centre			Nedlands	Australia	
nobel-000778				Perth	Australia	
nobel-000779						
nobel-000780						
nobel-000781	Harvard University		Q13371	Cambridge, MA	United States	-71.1169,42.3744
nobel-000782	University of Colorado, JILA	JILA	Q1586184	Boulder, CO	United States	-105.2680,40.0074
nobel-000783	Max Planck Society	Max Planck Institute of Quantum Optics	Q158085	Garching	Germany	11.6667,48.2594
nobel-000784	Stanford University		Q41506	Stanford, CA	United States	-122.1700,37.4275
nobel-000785	Columbia University		Q49088	New York	United States	-73.9619,40.8075
nobel-000786						
nobel-000787	Stanford University	School of Medicine	Q41506	Stanford, CA	United States	-122.1700,37.4275
nobel-000788	University of Massachusetts	UMass Chan Medical School	Q7895715	Worcester, MA	United States	-71.7624,42.2768
nobel-000789						
nobel-000790						
nobel-000791	NASA Goddard Space Flight Center		Q52152	Greenbelt, MD	United States	-76.8525,38.9922
nobel-000792	University of California	University of California, Berkeley	Q184478	Berkeley, CA	United States	-122.2583,37.8719
nobel-000793	Max Planck Society	Fritz Haber Institute	Q158085	Berlin	Germany	13.2830,52.4485
nobel-000794	University of Minnesota		Q238101	Minneapolis, MN	United States	-93.2353,44.9750
nobel-000795	Institute for Advanced Study		Q635642	Princeton	United States	-74.6678,40.3317
nobel-000796	University of Chicago		Q131252	Chicago, IL	United States	-87.5997,41.7897
nobel-000797						
nobel-000798	University of Utah		Q168515	Salt Lake City, UT	United States	-111.8464,40.7642
nobel-000799	Cardiff University		Q1035745	Cardiff	United Kingdom	-3.1782,51.4874
nobel-000800	University of North Carolina		Q192334	Chapel Hill, NC	United States	-79.0492,35.9086
nobel-000801						
nobel-000802						
nobel-000803	Université Paris-Sud		Q1480643	Orsay	France	2.1706,48.7006
nobel-000804	Forschungszentrum Jülich		Q697111	Jülich	Germany	6.4119,50.9050
nobel-000805	Marine Biological Laboratory (MBL)		Q500632	Woods Hole, MA	United States	-70.6728,41.5261
nobel-000806	Columbia University		Q49088	New York	United States	-73.9619,40.8075
nobel-000807	University of California	University of California, San Diego	Q184478	San Diego, CA	United States	-117.2361,32.8789
nobel-000808	Princeton University		Q21578	Princeton, NJ	United States	-74.6561,40.3453
nobel-000809						
nobel-000810	German Cancer Research Center		Q449325	Heidelberg	Germany	8.6725,49.4142
nobel-000811	Regulation of Retroviral Infections Unit, Virology Department, Institut Pasteur			Paris	France	
nobel-000812	World Foundation for AIDS Research and Prevention			Paris	France	
nobel-000813						
nobel-000814	Enrico Fermi Institute, University of Chicago			Chicago, IL	United States	
nobel-000815	High Energy Accelerator Research Organization (KEK)		Q2165768	Tsukuba	Japan	140.0769,36.1486
nobel-000816	Kyoto Sangyo University		Q2221774	Kyoto	Japan	135.7584,35.0702
nobel-000817	MRC Laboratory of Molecular Biology		Q185800	Cambridge	United Kingdom	0.1430,52.1763
nobel-000818	Yale University		Q49112	New Haven, CT	United States	-72.9267,41.3111
nobel-000819	Weizmann Institute of Science		Q4182	Rehovot	Israel	34.8092,31.9075
nobel-000820	Indiana University		Q6608367	Bloomington, IN	United States	-86.5000,39.1667
nobel-000821	University of California	University of California, Berkeley	Q184478	Berkeley, CA	United States	-122.2583,37.8719
nobel-000822						
nobel-000823	University of California	University of California, San Francisco	Q184478	San Francisco, CA	United States	-122.4581,37.7628
nobel-000824	Johns Hopkins University	School of Medicine	Q193727	Baltimore, MD	United States	-76.5942,39.2989
nobel-000825	Harvard University	Harvard Medical School	Q13371	Boston, MA	United States	-71.1039,42.3369
nobel-000826						
nobel-000827	Standard Telecommunication Laboratories			Harlow	United Kingdom	
nobel-000828	Nokia Bell Labs		Q217365	Murray Hill	United States	-74.4003,40.6833
nobel-000829	Nokia Bell Labs		Q217365	Murray Hill	United States	-74.4003,40.6833
nobel-000830	University of Delaware		Q1068072	Newark	United States	-75.7522,39.6791
nobel-000831	Purdue University		Q217741	West Lafayette, IN	United States	-86.9231,40.4250
nobel-000832	Hokkaido University		Q1057199	Sapporo	Japan	141.3408,43.0747
nobel-000833	Massachusetts Institute of Technology		Q49108	Cambridge, MA	United States	-71.0919,42.3597
nobel-000834	Northwestern University		Q309350	Evanston, IL	United States	-87.6753,42.0565
nobel-000835	London School of Economics and Political Science		Q174570	London	United Kingdom	-0.1167,51.5139
nobel-000836						
nobel-000837	University of Cambridge		Q35794	Cambridge	United Kingdom	0.1132,52.2054
nobel-000838						
nobel-000839	University of Manchester		Q230899	Manchester	United Kingdom	-2.2319,53.4661
nobel-000840	University of Manchester		Q230899	Manchester	United Kingdom	-2.2319,53.4661
nobel-000841	Technion – Israel Institute of Technology		Q333705	Haifa	Israel	35.0217,32.7775
nobel-000842	New York University		Q49210	New York, NY	United States	-73.9950,40.7300
nobel-000843	Princeton University		Q21578	Princeton, NJ	United States	-74.6561,40.3453
nobel-000844						
nobel-000845	University of Texas Southwestern Medical Center at Dallas		Q2725999	Dallas, TX	United States	-96.8402,32.8121
nobel-000846	University of Strasbourg		Q157575	Strasbourg	France	7.7644,48.5803
nobel-000847	Rockefeller University		Q270272	New York, NY	United States	-73.9556,40.7625
nobel-000848						
nobel-000849						
nobel-000850						
nobel-000851	Lawrence Berkeley National Laboratory		Q1133630	Berkeley	United States	-122.2486,37.8758
nobel-000852	Australian National University		Q127990	Weston Creek	Australia	149.1205,-35.2778
nobel-000853	Johns Hopkins University		Q193727	Baltimore, MD	United States	-76.6206,39.3289
nobel-000854	Howard Hughes Medical Institute		Q1512226	Bethesda	United States	
nobel-000855	Stanford University	School of Medicine	Q41506	Stanford, CA	United States	-122.1700,37.4275
nobel-000856	Harvard University		Q13371	Cambridge, MA	United States	-71.1169,42.3744
nobel-000857	University of California	University of California, Los Angeles	Q184478	Los Angeles, CA	United States	-118.4428,34.0722
nobel-000858						
nobel-000859	Gurdon Institute		Q5013781	Cambridge	United Kingdom	
nobel-000860	Kyoto University		Q336264	Kyoto	Japan	135.7808,35.0262
nobel-000861						
nobel-000862	Collège de France		Q202660	Paris	France	2.3456,48.8492
nobel-000863	National Institute of Standards and Technology			Boulder, CO	United States	
nobel-000864	Université de Strasbourg		Q157575	Strasbourg	France	7.7644,48.5803
nobel-000865	Stanford University	School of Medicine	Q41506	Stanford, CA	United States	-122.1700,37.4275
nobel-000866	University of Southern California		Q4614	Los Angeles, CA	United States	-118.2853,34.0217
nobel-000867	University of Chicago		Q131252	Chicago, IL	United States	-87.5997,41.7897
nobel-000868	University of Chicago		Q131252	Chicago, IL	United States	-87.5997,41.7897
nobel-000869	Yale University		Q49112	New Haven, CT	United States	-72.9267,41.3111
nobel-000870						
nobel-000871	Yale University		Q49112	New Haven, CT	United States	-72.9267,41.3111
nobel-000872	University of California	University of California, Berkeley	Q184478	Berkeley, CA	United States	-122.2583,37.8719
nobel-000873	Stanford University		Q41506	Stanford, CA	United States	-122.1700,37.4275
nobel-000874						
nobel-000875	Université libre de Bruxelles		Q574606	Brussels	Belgium	4.3811,50.8117
nobel-000876	University of Edinburgh		Q160302	Edinburgh	United Kingdom	-3.1872,55.9474
nobel-000877	Janelia Research Campus, Howard Hughes Medical Institute			Ashburn, VA	United States	
nobel-000878	Max Planck Society	Max Planck Institute for Multidisciplinary Sciences	Q158085	Göttingen	Germany	9.9694,51.5619
nobel-000879	Stanford University		Q41506	Stanford, CA	United States	-122.1700,37.4275
nobel-000880	Toulouse School of Economics (TSE)			Toulouse	France	
nobel-000881						
nobel-000882	University College	University College London	Q193196	London	United Kingdom	-0.1336,51.5247
nobel-000883	Norwegian University of Science and Technology (NTNU)		Q314536	Trondheim	Norway	10.4025,63.4194
nobel-000884	Norwegian University of Science and Technology (NTNU)		Q314536	Trondheim	Norway	10.4025,63.4194
nobel-000885						
nobel-000886						
nobel-000887	Meijo University		Q847117	Nagoya	Japan	136.9760,35.1360
nobel-000888	Nagoya University		Q1191132	Nagoya	Japan	136.9686,35.1525
nobel-000889	University of California	University of California, Santa Barbara	Q184478	Santa Barbara, CA	United States	-119.8464,34.4163
nobel-000890	Francis Crick Institute		Q326044	Hertfordshire	United Kingdom	-0.1289,51.5316
nobel-000891	Howard Hughes Medical Institute		Q1512226	Durham, NC	United States	
nobel-000892	University of North Carolina		Q192334	Chapel Hill, NC	United States	-79.0492,35.9086
nobel-000893	Princeton University		Q21578	Princeton, NJ	United States	-74.6561,40.3453
nobel-000894						
nobel-000895	Drew University		Q1795487	Madison, NJ	United States	-74.4270,40.7610
nobel-000896	Kitasato University		Q4389652	Tokyo	Japan	139.7256,35.6426
nobel-000897	China Academy of Traditional Chinese Medicine		Q30264894	Beijing	China	116.2317,39.9039
nobel-000898						
nobel-000899	The University of Tokyo		Q7842	Kashiwa	Japan	139.9362,35.9020
nobel-000900	Queen's University		Q1420038	Kingston	Canada	-76.4950,44.2250
nobel-000901	University of Strasbourg		Q157575	Strasbourg	France	7.7644,48.5803
nobel-000902	Northwestern University		Q309350	Evanston, IL	United States	-87.6753,42.0565
nobel-000903	University of Groningen		Q850730	Groningen	Netherlands	6.5628,53.2192
nobel-000904	Harvard University		Q13371	Cambridge, MA	United States	-71.1169,42.3744
nobel-000905	Massachusetts Institute of Technology		Q49108	Cambridge, MA	United States	-71.0919,42.3597
nobel-000906						
nobel-000907	Tokyo Institute of Technology			Tokyo	Japan	139.6839,35.6050
nobel-000908						
nobel-000909	University of Washington		Q219563	Seattle, WA	United States	-122.3081,47.6542
nobel-000910	Princeton University		Q21578	Princeton, NJ	United States	-74.6561,40.3453
nobel-000911	Brown University		Q49114	Providence, RI	United States	-71.4031,41.8261
nobel-000912	University of Lausanne		Q658975	Lausanne	Switzerland	6.5794,46.5225
nobel-000913	Columbia University		Q49088	New York	United States	-73.9619,40.8075
nobel-000914	MRC Laboratory of Molecular Biology		Q185800	Cambridge	United Kingdom	0.1430,52.1763
nobel-000915	University of Chicago		Q131252	Chicago, IL	United States	-87.5997,41.7897
nobel-000916						
nobel-000917	University of Maine			Maine, ME	United States	
nobel-000918	Brandeis University		Q49119	Waltham, MA	United States	-71.2597,42.3657
nobel-000919	Rockefeller University		Q270272	New York, NY	United States	-73.9556,40.7625
nobel-000920						
nobel-000921	LIGO/VIRGO Collaboration			Pasadena	United States	
nobel-000922	LIGO/VIRGO Collaboration			Pasadena	United States	
nobel-000923	LIGO/VIRGO Collaboration			Pasadena	United States	
nobel-000924	California Institute of Technology		Q161562	Pasadena	United States	-118.1244,34.1385
nobel-000925	University of Missouri		Q579968	Columbia	United States	-92.3288,38.9453
nobel-000926	MRC Laboratory of Molecular Biology		Q185800	Cambridge	United Kingdom	0.1430,52.1763
nobel-000927	Yale University		Q49112	New Haven, CT	United States	-72.9267,41.3111
nobel-000928	New York University	Stern School of Business	Q49210	New York, NY	United States	-73.9950,40.7300
nobel-000929						
nobel-000930	Parker Institute for Cancer Immunotherapy		Q50035640	San Francisco	United States	-122.4493,37.7994
nobel-000931	Kyoto University		Q336264	Kyoto	Japan	135.7808,35.0262
nobel-000932						
nobel-000933						
nobel-000934	Nokia Bell Labs		Q217365	Holmdel	United States	-74.1672,40.3650
nobel-000935	École Polytechnique			Palaiseau	France	
nobel-000936	University of Waterloo			Waterloo	Canada	
nobel-000937	University of Texas		Q49213	Austin, TX	United States	-97.7394,30.2861
nobel-000938	Binghamton University, State University of New York		Q863813	New York, NY	United States	-75.9699,42.0892
nobel-000939	Asahi Kasei Corporation		Q720489	Tokyo	Japan	
nobel-000940	Massachusetts Institute of Technology		Q49108	Cambridge, MA	United States	-71.0919,42.3597
nobel-000941	Massachusetts Institute of Technology		Q49108	Cambridge, MA	United States	-71.0919,42.3597
nobel-000942	Harvard University		Q13371	Cambridge, MA	United States	-71.1169,42.3744
nobel-000943						
nobel-000944	Harvard University	Harvard Medical School	Q13371	Boston, MA	United States	-71.1039,42.3369
nobel-000945	University of Oxford		Q34433	Oxford	United Kingdom	-1.2550,51.7550
nobel-000946	Johns Hopkins University		Q193727	Baltimore, MD	United States	-76.6206,39.3289
nobel-000947						
nobel-000948	Princeton University		Q21578	Princeton, NJ	United States	-74.6561,40.3453
nobel-000949	University of Geneva		Q503473	Geneva	Switzerland	6.1445,46.1990
nobel-000950	University of Geneva		Q503473	Geneva	Switzerland	6.1445,46.1990
nobel-000951	Max Planck Society	Max Planck Unit for the Science of Pathogens	Q158085	Berlin	Germany	13.3744,52.5256
nobel-000952	University of California	University of California, Berkeley	Q184478	Berkeley, CA	United States	-122.2583,37.8719
nobel-000953	Stanford University		Q41506	Stanford, CA	United States	-122.1700,37.4275
nobel-000954	Stanford University		Q41506	Stanford, CA	United States	-122.1700,37.4275
nobel-000955						
nobel-000956	National Institutes of Health		Q390551	Bethesda, MD	United States	-77.1019,38.9975
nobel-000957	University of Alberta		Q640694	Edmonton	Canada	-113.5244,53.5244
nobel-000958	Rockefeller University		Q270272	New York, NY	United States	-73.9556,40.7625
nobel-000959						
nobel-000960	University of Oxford		Q34433	Oxford	United Kingdom	-1.2550,51.7550
nobel-000961	Max Planck Society	Max Planck Institute for Extraterrestrial Physics	Q158085	Garching	Germany	11.6717,48.2617
nobel-000962	University of California	University of California, Los Angeles	Q184478	Los Angeles, CA	United States	-118.4428,34.0722
nobel-000963	Max Planck Society	Max Planck Institute for Coal Research	Q158085	Mülheim an der Ruhr	Germany	6.8864,51.4178
nobel-000964	Princeton University		Q21578	Princeton, NJ	United States	-74.6561,40.3453
nobel-000965	University of California	University of California, Berkeley	Q184478	Berkeley, CA	United States	-122.2583,37.8719
nobel-000966	Massachusetts Institute of Technology		Q49108	Cambridge, MA	United States	-71.0919,42.3597
nobel-000967	Stanford University		Q41506	Stanford, CA	United States	-122.1700,37.4275
nobel-000968						
nobel-000969	University of California	University of California, San Francisco	Q184478	San Francisco, CA	United States	-122.4581,37.7628
nobel-000970	Scripps Research		Q793867	La Jolla, CA	United States	-117.2425,32.8961
nobel-000971						
nobel-000972						
nobel-000973	Princeton University		Q21578	Princeton, NJ	United States	-74.6561,40.3453
nobel-000974	Max Planck Society	Max Planck Institute for Meteorology	Q158085	Hamburg	Germany	9.9752,53.5677
nobel-000975	Sapienza University of Rome		Q209344	Rome	Italy	12.5158,41.9033
nobel-000976	Scripps Research		Q793867	La Jolla, CA	United States	-117.2425,32.8961
nobel-000977	Stanford University		Q41506	Stanford, CA	United States	-122.1700,37.4275
nobel-000978	University of Copenhagen		Q186285	Copenhagen	Denmark	12.5725,55.6797
nobel-000979	The Brookings Institution			Washington, D.C.	United States	
nobel-000980	University of Chicago		Q131252	Chicago, IL	United States	-87.5997,41.7897
nobel-000981	Washington University		Q777403	St. Louis, MO	United States	-90.3050,38.6480
nobel-000982						
nobel-000983	Max Planck Society	Max Planck Institute for Evolutionary Anthropology	Q158085	Leipzig	Germany	12.3944,51.3206
nobel-000984						
nobel-000985						
nobel-000986						
nobel-000987	Institut d’Optique Graduate School – Université Paris-Saclay			Paris	France	
nobel-000988	J.F. Clauser & Assoc.			Walnut Creek, CA	United States	
nobel-000989	University of Vienna		Q165980	Vienna	Austria	16.3597,48.2131
nobel-000990	Massachusetts Institute of Technology		Q49108	Cambridge, MA	United States	-71.0919,42.3597
nobel-000991	Columbia University		Q49088	New York	United States	-73.9619,40.8075
nobel-000992	Nanocrystals Technology Inc.			New York, NY	United States	
nobel-000993	Harvard University		Q13371	Cambridge, MA	United States	-71.1169,42.3744
nobel-000994						
nobel-000995	Szeged University		Q369839	Szeged	Hungary	20.1461,46.2502
nobel-000996	Penn Institute for RNA Innovations, University of Pennsylvania			Philadelphia, PA	United States	
nobel-000997						
nobel-000998	The Ohio State University		Q309331	Columbus, OH	United States	-83.0278,40.0058
nobel-000999	Max Planck Society	Max Planck Institute of Quantum Optics	Q158085	Garching	Germany	11.6667,48.2594
nobel-001000	Lund University		Q218506	Lund	Sweden	13.1933,55.7058
nobel-001001	University of Washington		Q219563	Seattle, WA	United States	-122.3081,47.6542
nobel-001002	Google	Google DeepMind	Q95	London	United Kingdom	-0.1260,51.5333
nobel-001003	Google	Google DeepMind	Q95	London	United Kingdom	-0.1260,51.5333
nobel-001004	Massachusetts Institute of Technology		Q49108	Cambridge, MA	United States	-71.0919,42.3597
nobel-001005	Massachusetts Institute of Technology		Q49108	Cambridge, MA	United States	-71.0919,42.3597
nobel-001006	University of Chicago		Q131252	Chicago, IL	United States	-87.5997,41.7897
nobel-001007						
nobel-001008	University of Massachusetts	UMass Chan Medical School	Q7895715	Worcester, MA	United States	-71.7624,42.2768
nobel-001009	Massachusetts General Hospital		Q126412	Boston, MA	United States	-71.0689,42.3628
nobel-001010						
nobel-001011	Princeton University		Q21578	Princeton, NJ	United States	-74.6561,40.3453
nobel-001012	University of Toronto		Q180865	Toronto	Canada	-79.3957,43.6629
nobel-001013	Kyoto University		Q336264	Kyoto	Japan	135.7808,35.0262
nobel-001014	University of Melbourne		Q319078	Melbourne	Australia	144.9614,-37.7963
nobel-001015	University of California	University of California, Berkeley	Q184478	Berkeley, CA	United States	-122.2583,37.8719
nobel-001016	Northwestern University		Q309350	Evanston, IL	United States	-87.6753,42.0565
nobel-001017	Collège de France		Q202660	Paris	France	2.3456,48.8492
nobel-001018	Brown University		Q49114	Providence, RI	United States	-71.4031,41.8261
nobel-001019						
nobel-001020	Institute for Systems Biology		Q1829731	Seattle, WA	United States	
nobel-001021	Sonoma Biotherapeutics			San Francisco, CA	United States	
nobel-001022	The University of Osaka		Q651233	Osaka	Japan	135.5267,34.8192
nobel-001023						
nobel-001024	University of California	University of California, Berkeley	Q184478	Berkeley, CA	United States	-122.2583,37.8719
nobel-001025	Yale University		Q49112	New Haven, CT	United States	-72.9267,41.3111
nobel-001026	University of California	University of California, Santa Barbara	Q184478	Santa Barbara, CA	United States	-119.8464,34.4163
shaw_prize-000001	Princeton University		Q21578	Princeton	United States	-74.6561,40.3453
shaw_prize-000002	University of California, San Francisco		Q1061104	San Francisco	United States	-122.4581,37.7628
shaw_prize-000003	University of Oxford		Q34433	Oxford	United Kingdom	-1.2550,51.7550
shaw_prize-000004	Stanford University		Q41506	Stanford	United States	-122.1700,37.4275
shaw_prize-000005	University of California, San Francisco		Q1061104	San Francisco	United States	-122.4581,37.7628
shaw_prize-000006	Nankai University		Q254204	Tianjin	China	117.1647,39.1011
shaw_prize-000007	University of California, Berkeley		Q168756	Berkeley	United States	-122.2583,37.8719
shaw_prize-000008	University of Geneva		Q503473	Geneva	Switzerland	6.1445,46.1990
shaw_prize-000009	Babraham Institute		Q4838012	Cambridge	United Kingdom	0.2033,52.1331
shaw_prize-000010	Princeton University		Q21578	Princeton	United States	-74.6561,40.3453
shaw_prize-000011	Johns Hopkins University		Q193727	Baltimore	United States	-76.6206,39.3289
shaw_prize-000012	Australian National University		Q127990	Canberra	Australia	149.1205,-35.2778
shaw_prize-000013	Lawrence Berkeley National Laboratory		Q1133630	Berkeley	United States	-122.2486,37.8758
shaw_prize-000014	University of Texas Southwestern Medical Center		Q2725999	Dallas	United States	-96.8402,32.8121
shaw_prize-000015	Brown University		Q49114	Providence	United States	-71.4031,41.8261
shaw_prize-000016	Chinese Academy of Sciences		Q530471	Beijing	China	116.3296,39.9096
shaw_prize-000017	Institute for Advanced Study		Q635642	Princeton	United States	-74.6678,40.3317
shaw_prize-000018	Duke University		Q168751	Durham	United States	-78.9389,36.0011
shaw_prize-000019	Harvard University		Q13371	Cambridge	United States	-71.1169,42.3744
shaw_prize-000020	Institute for Advanced Study		Q635642	Princeton	United States	-74.6678,40.3317
shaw_prize-000021	Max Planck Society	Max Planck Institute for Extraterrestrial Physics	Q158085	Garching	Germany	11.6717,48.2617
shaw_prize-000022	University of Edinburgh		Q160302	Edinburgh	United Kingdom	-3.1872,55.9474
shaw_prize-000023	University of Nottingham		Q472316	Nottingham	United Kingdom	-1.1969,52.9389
shaw_prize-000024	Kyoto University		Q336264	Kyoto	Japan	135.7808,35.0262
shaw_prize-000025	Steklov Institute of Mathematics			St. Petersburg	Russia	
shaw_prize-000026	Steklov Institute of Mathematics		Q611420	Moscow	Russia	37.5644,55.6947
shaw_prize-000027	University of California, San Diego		Q622664	La Jolla	United States	-117.2361,32.8789
shaw_prize-000028	Jackson Laboratory		Q1677355	Bar Harbor	United States	-68.1965,44.3655
shaw_prize-000029	Rockefeller University		Q270272	New York	United States	-73.9556,40.7625
shaw_prize-000030	Harvard University		Q13371	Cambridge	United States	-71.1169,42.3744
shaw_prize-000031	Imperial College London		Q189022	London	United Kingdom	-0.1769,51.4983
shaw_prize-000032	Johns Hopkins University		Q193727	Baltimore	United States	-76.6206,39.3289
shaw_prize-000033	Princeton University		Q21578	Princeton	United States	-74.6561,40.3453
shaw_prize-000034	Princeton University		Q21578	Princeton	United States	-74.6561,40.3453
shaw_prize-000035	University of California, San Francisco		Q1061104	San Francisco	United States	-122.4581,37.7628
shaw_prize-000036	Institute for Advanced Study		Q635642	Princeton	United States	-74.6678,40.3317
shaw_prize-000037	National Institute for Astrophysics			Rome	Italy	
shaw_prize-000038	NASA Marshall Space Flight Center		Q618696	Huntsville	United States	-86.6728,34.6508
shaw_prize-000039	University of Texas Southwestern Medical Center		Q2725999	Dallas	United States	-96.8402,32.8121
shaw_prize-000040	University of Strasbourg		Q157575	Strasbourg	France	7.7644,48.5803
shaw_prize-000041	Yale University	School of Medicine	Q49112	New Haven	United States	-72.9339,41.3032
shaw_prize-000042	ETH Zurich		Q11942	Zurich	Switzerland	8.5479,47.3764
shaw_prize-000043	Columbia University		Q49088	New York	United States	-73.9619,40.8075
shaw_prize-000044	University of California, Los Angeles		Q174710	Los Angeles	United States	-118.4428,34.0722
shaw_prize-000045	Massachusetts Institute of Technology		Q49108	Lexington	United States	-71.0919,42.3597
shaw_prize-000046	Yale University		Q49112	New Haven	United States	-72.9267,41.3111
shaw_prize-000047	Max Planck Society	Max Planck Institute of Biochemistry	Q158085	Martinsried	Germany	11.4606,48.1050
shaw_prize-000048	Institut des Hautes Études Scientifiques		Q1156553	Bures-sur-Yvette	France	2.1691,48.6950
shaw_prize-000049	University of Virginia		Q213439	Charlottesville	United States	-78.5033,38.0356
shaw_prize-000050	University of Oxford		Q34433	Oxford	United Kingdom	-1.2550,51.7550
shaw_prize-000051	Brandeis University		Q49119	Waltham	United States	-71.2597,42.3657
shaw_prize-000052	Brandeis University		Q49119	Waltham	United States	-71.2597,42.3657
shaw_prize-000053	Rockefeller University		Q270272	New York	United States	-73.9556,40.7625
shaw_prize-000054	Stanford University		Q41506	Stanford	United States	-122.1700,37.4275
shaw_prize-000055	Harvard University		Q13371	Cambridge	United States	-71.1169,42.3744
shaw_prize-000056	University of Edinburgh		Q160302	Edinburgh	United Kingdom	-3.1872,55.9474
shaw_prize-000057	Durham University		Q458393	Durham	United Kingdom	-1.5750,54.7750
shaw_prize-000058	Kyoto University		Q336264	Kyoto	Japan	135.7808,35.0262
shaw_prize-000059	University of California, San Francisco		Q1061104	San Francisco	United States	-122.4581,37.7628
shaw_prize-000060	Massachusetts Institute of Technology		Q49108	Cambridge	United States	-71.0919,42.3597
shaw_prize-000061	NASA Ames Research Center			Moffett Field	United States	
shaw_prize-000062	Princeton University		Q21578	Princeton	United States	-74.6561,40.3453
shaw_prize-000063	University of Washington		Q219563	Seattle	United States	-122.3081,47.6542
shaw_prize-000064	Max Planck Society	Max Planck Institute for Mathematics	Q158085	Bonn	Germany	7.0983,50.7344
shaw_prize-000065	Rutgers University		Q499451	New Brunswick	United States	-74.4481,40.5017
shaw_prize-000066	California Institute of Technology		Q161562	Pasadena	United States	-118.1244,34.1385
shaw_prize-000067	Massachusetts Institute of Technology		Q49108	Cambridge	United States	-71.0919,42.3597
shaw_prize-000068	California Institute of Technology		Q161562	Pasadena	United States	-118.1244,34.1385
shaw_prize-000069	University of Edinburgh		Q160302	Edinburgh	United Kingdom	-3.1872,55.9474
shaw_prize-000070	Baylor College of Medicine		Q2892284	Houston	United States	-95.3965,29.7105
shaw_prize-000071	University of Oxford		Q34433	Oxford	United Kingdom	-1.2550,51.7550
shaw_prize-000072	Max Planck Society	Max Planck Institute for Astrophysics	Q158085	Garching	Germany	11.6717,48.2611
shaw_prize-000073	University of California, Berkeley		Q168756	Berkeley	United States	-122.2583,37.8719
shaw_prize-000074	University of California, San Francisco		Q1061104	San Francisco	United States	-122.4581,37.7628
shaw_prize-000075	Collège de France		Q202660	Paris	France	2.3456,48.8492
shaw_prize-000076	Princeton University		Q21578	Princeton	United States	-74.6561,40.3453
shaw_prize-000077	Institut d'Astrophysique Spatiale		Q3151917	Orsay	France	2.1747,48.6989
shaw_prize-000078	University of Washington		Q219563	Seattle	United States	-122.3081,47.6542
shaw_prize-000079	University of Texas at Austin		Q49213	Austin	United States	-97.7394,30.2861
shaw_prize-000080	California Institute of Technology		Q161562	Pasadena	United States	-118.1244,34.1385
shaw_prize-000081	Memorial Sloan Kettering Cancer Center; Weill Cornell Graduate School of Medical Sciences, Cornell University			New York	United States	
shaw_prize-000082	French National Centre for Scientific Research (CNRS)		Q280413	Paris	France	2.2640,48.8477
shaw_prize-000083	Stanford University		Q41506	Stanford	United States	-122.1700,37.4275
shaw_prize-000084	University of Würzburg		Q161976	Würzburg	Germany	9.9353,49.7881
shaw_prize-000085	University of Oxford		Q34433	Oxford	United Kingdom	-1.2550,51.7550
shaw_prize-000086	Humboldt University of Berlin		Q152087	Berlin	Germany	13.3933,52.5181
shaw_prize-000087	University of Chicago		Q131252	Chicago	United States	-87.5997,41.7897
shaw_prize-000088	Hebrew University of Jerusalem		Q174158	Jerusalem	Israel	35.2000,31.7758
shaw_prize-000089	George Washington University		Q432637	Washington	United States	-77.0508,38.9008
shaw_prize-000090	McGill University		Q201492	Montreal	Canada	-73.5775,45.5050
shaw_prize-000091	Cornell University		Q49115	Ithaca	United States	-76.4839,42.4492
shaw_prize-000092	Université Paris-Saclay			Gif-sur-Yvette	France	
shaw_prize-000093	New York University			New York	United States	-73.9950,40.7300
shaw_prize-000094	Lund University		Q218506	Lund	Sweden	13.1933,55.7058
shaw_prize-000095	University College Dublin		Q1068258	Dublin	Ireland	-6.2198,53.3076
shaw_prize-000096	University of Iowa			Iowa City	United States	-91.5364,41.6617
shaw_prize-000097	Vertex Pharmaceuticals			San Diego	United States	
shaw_prize-000098	University of Oxford		Q34433	Oxford	United Kingdom	-1.2550,51.7550
shaw_prize-000099	Princeton University		Q21578	Princeton	United States	-74.6561,40.3453
shaw_prize-000100	West Virginia University		Q115376	Morgantown	United States	-79.9545,39.6358
shaw_prize-000101	Australian Research Council Centre of Excellence for Gravitational Wave Discovery			Melbourne	Australia	
shaw_prize-000102	West Virginia University		Q115376	Morgantown	United States	-79.9545,39.6358
shaw_prize-000103	University of California, Berkeley		Q168756	Berkeley	United States	-122.2583,37.8719
shaw_prize-000104	Max Planck Society	Max Planck Institute for Multidisciplinary Sciences	Q158085	Göttingen	Germany	
shaw_prize-000105	Tsinghua University			Beijing	China	116.3267,40.0000
shaw_prize-000106	University of Chicago		Q131252	Chicago	United States	-87.5997,41.7897
shaw_prize-000107	California Institute of Technology		Q161562	Pasadena	United States	-118.1244,34.1385
shaw_prize-000108	Harvard University	Harvard Medical School	Q13371	Boston	United States	-71.1039,42.3369
shaw_prize-000109	National Heart, Lung, and Blood Institute, National Institutes of Health			Bethesda	United States	
shaw_prize-000110	Institute for Advanced Study		Q635642	Princeton	United States	-74.6678,40.3317
shaw_prize-000111	University of Cambridge		Q35794	Cambridge	United Kingdom	0.1132,52.2054
shaw_prize-000112	University of Toronto	Canadian Institute for Theoretical Astrophysics	Q180865	Toronto	Canada	-79.3957,43.6629
shaw_prize-000113	Max Planck Society	Max Planck Institute of Biochemistry	Q158085	Martinsried	Germany	11.4606,48.1050
shaw_prize-000114	Beijing Institute of Mathematical Sciences and Applications		Q129077719	Beijing	China	116.6864,40.4338
shaw_prize-000115	Kavli Institute for the Physics and Mathematics of the Universe, University of Tokyo			Kashiwa	Japan	
shaw_prize-000116	University of California, Santa Cruz			Santa Cruz	United States	-122.0608,36.9914
shaw_prize-000117	Institut Pasteur		Q391083	Paris	France	2.3111,48.8403
shaw_prize-000118	Shanghai Jiao Tong University	Ruijin Hospital, School of Medicine	Q7378746	Shanghai	China	121.4619,31.2142
shaw_prize-000119	Collège de France		Q202660	Paris	France	2.3456,48.8492
shaw_prize-000120	Institute for Advanced Study		Q635642	Princeton	United States	-74.6678,40.3317
shaw_prize-000121	Stanford University		Q41506	Stanford	United States	-122.1700,37.4275
turing_award-000001	Carnegie Mellon University		Q190080	Pittsburgh	United States	-79.9433,40.4425
turing_award-000002	University of Cambridge		Q35794	Cambridge	United Kingdom	0.1132,52.2054
turing_award-000003	Nokia Bell Labs		Q217365	Murray Hill	United States	-74.4003,40.6833
turing_award-000004	Massachusetts Institute of Technology		Q49108	Cambridge	United States	-71.0919,42.3597
turing_award-000005	National Physical Laboratory		Q1967606	Teddington	United Kingdom	-0.3436,51.4264
turing_award-000006	Stanford University		Q41506	Stanford	United States	-122.1700,37.4275
turing_award-000007	Eindhoven University of Technology		Q280824	Eindhoven	Netherlands	5.4897,51.4481
turing_award-000008	Honeywell Information Systems			Lexington	United States	
turing_award-000009	Stanford University		Q41506	Stanford	United States	-122.1700,37.4275
turing_award-000010	Carnegie Mellon University		Q190080	Pittsburgh	United States	-79.9433,40.4425
turing_award-000011	Carnegie Mellon University		Q190080	Pittsburgh	United States	-79.9433,40.4425
turing_award-000012	Hebrew University of Jerusalem		Q174158	Jerusalem	Israel	35.2000,31.7758
turing_award-000013	University of Oxford		Q34433	Oxford	United Kingdom	-1.2550,51.7550
turing_award-000014	IBM Research	IBM Thomas J. Watson Research Center	Q476208	Yorktown Heights	United States	-73.8030,41.2102
turing_award-000015	Stanford University		Q41506	Stanford	United States	-122.1700,37.4275
turing_award-000016	IBM Research	IBM Thomas J. Watson Research Center	Q476208	Yorktown Heights	United States	-73.8030,41.2102
turing_award-000017	University of Oxford		Q34433	Oxford	United Kingdom	-1.2550,51.7550
turing_award-000018	IBM Research	IBM Thomas J. Watson Research Center	Q476208	Yorktown Heights	United States	-73.8030,41.2102
turing_award-000019	University of Toronto		Q180865	Toronto	Canada	-79.3957,43.6629
turing_award-000020	Nokia Bell Labs		Q217365	Murray Hill	United States	-74.4003,40.6833
turing_award-000021	Nokia Bell Labs		Q217365	Murray Hill	United States	-74.4003,40.6833
turing_award-000022	ETH Zurich		Q11942	Zurich	Switzerland	8.5479,47.3764
turing_award-000023	University of California, Berkeley		Q168756	Berkeley	United States	-122.2583,37.8719
turing_award-000024	Cornell University		Q49115	Ithaca	United States	-76.4839,42.4492
turing_award-000025	Princeton University		Q21578	Princeton	United States	-74.6561,40.3453
turing_award-000026	IBM Research	IBM Thomas J. Watson Research Center	Q476208	Yorktown Heights	United States	-73.8030,41.2102
turing_award-000027	Sun Microsystems			Mountain View	United States	
turing_award-000028	University of California, Berkeley		Q168756	Berkeley	United States	-122.2583,37.8719
turing_award-000029	Massachusetts Institute of Technology		Q49108	Cambridge	United States	-71.0919,42.3597
turing_award-000030	University of Edinburgh		Q160302	Edinburgh	United Kingdom	-3.1872,55.9474
turing_award-000031	Digital Equipment Corporation		Q690079	Maynard	United States	
turing_award-000032	Cornell University		Q49115	Ithaca	United States	-76.4839,42.4492
turing_award-000033	University at Albany (SUNY)			Albany	United States	
turing_award-000034	Stanford University		Q41506	Stanford	United States	-122.1700,37.4275
turing_award-000035	Carnegie Mellon University		Q190080	Pittsburgh	United States	-79.9433,40.4425
turing_award-000036	University of California, Berkeley		Q168756	Berkeley	United States	-122.2583,37.8719
turing_award-000037	Weizmann Institute of Science		Q4182	Rehovot	Israel	34.8092,31.9075
turing_award-000038	Bootstrap Institute			Menlo Park	United States	
turing_award-000039	Microsoft Research		Q1144725	Redmond	United States	-122.1420,47.6421
turing_award-000040	University of North Carolina at Chapel Hill		Q192334	Chapel Hill	United States	-79.0492,35.9086
turing_award-000041	Princeton University		Q21578	Princeton	United States	-74.6561,40.3453
turing_award-000042	University of Oslo		Q486156	Oslo	Norway	10.7221,59.9399
turing_award-000043	University of Oslo		Q486156	Oslo	Norway	10.7221,59.9399
turing_award-000044	University of Southern California			Los Angeles	United States	-118.2853,34.0217
turing_award-000045	Massachusetts Institute of Technology		Q49108	Cambridge	United States	-71.0919,42.3597
turing_award-000046	Weizmann Institute of Science		Q4182	Rehovot	Israel	34.8092,31.9075
turing_award-000047	Viewpoints Research Institute			Glendale	United States	
turing_award-000048	MCI			Washington	United States	
turing_award-000049	Corporation for National Research Initiatives		Q3350649	Reston	United States	
turing_award-000050	University of Copenhagen		Q186285	Copenhagen	Denmark	12.5725,55.6797
turing_award-000051	IBM Research	IBM Thomas J. Watson Research Center	Q476208	Yorktown Heights	United States	-73.8030,41.2102
turing_award-000052	Carnegie Mellon University		Q190080	Pittsburgh	United States	-79.9433,40.4425
turing_award-000053	University of Texas at Austin		Q49213	Austin	United States	-97.7394,30.2861
turing_award-000054	CNRS (VERIMAG)		Q280413	Grenoble	France	2.2640,48.8477
turing_award-000055	Massachusetts Institute of Technology		Q49108	Cambridge	United States	-71.0919,42.3597
turing_award-000056	Microsoft Research		Q1144725	Redmond	United States	-122.1420,47.6421
turing_award-000057	Harvard University		Q13371	Cambridge	United States	-71.1169,42.3744
turing_award-000058	University of California, Los Angeles		Q174710	Los Angeles	United States	-118.4428,34.0722
turing_award-000059	Massachusetts Institute of Technology		Q49108	Cambridge	United States	-71.0919,42.3597
turing_award-000060	Massachusetts Institute of Technology		Q49108	Cambridge	United States	-71.0919,42.3597
turing_award-000061	Microsoft Research		Q1144725	Redmond	United States	-122.1420,47.6421
turing_award-000062	Massachusetts Institute of Technology		Q49108	Cambridge	United States	-71.0919,42.3597
turing_award-000063	Stanford University		Q41506	Stanford	United States	-122.1700,37.4275
turing_award-000064	Stanford University		Q41506	Stanford	United States	-122.1700,37.4275
turing_award-000065	Massachusetts Institute of Technology		Q49108	Cambridge	United States	-71.0919,42.3597
turing_award-000066	Stanford University		Q41506	Stanford	United States	-122.1700,37.4275
turing_award-000067	University of California, Berkeley		Q168756	Berkeley	United States	-122.2583,37.8719
turing_award-000068	Université de Montréal		Q392189	Montreal	Canada	-73.6143,45.5041
turing_award-000069	University of Toronto		Q180865	Toronto	Canada	-79.3957,43.6629
turing_award-000070	New York University			New York	United States	-73.9950,40.7300
turing_award-000071	Pixar Animation Studios			Emeryville	United States	
turing_award-000072	Stanford University		Q41506	Stanford	United States	-122.1700,37.4275
turing_award-000073	Columbia University		Q49088	New York	United States	-73.9619,40.8075
turing_award-000074	Stanford University		Q41506	Stanford	United States	-122.1700,37.4275
turing_award-000075	University of Tennessee		Q1150105	Knoxville	United States	-83.9300,35.9517
turing_award-000076	Massachusetts Institute of Technology		Q49108	Cambridge	United States	-71.0919,42.3597
turing_award-000077	Institute for Advanced Study		Q635642	Princeton	United States	-74.6678,40.3317
turing_award-000078	University of Massachusetts Amherst		Q15142	Amherst	United States	-72.5278,42.3889
turing_award-000079	University of Alberta		Q640694	Edmonton	Canada	-113.5244,53.5244
turing_award-000080	IBM Research	IBM Thomas J. Watson Research Center	Q476208	Yorktown Heights	United States	-73.8030,41.2102
turing_award-000081	Université de Montréal		Q392189	Montreal	Canada	-73.6143,45.5041
wolf_prize-000001	University of Illinois Urbana-Champaign		Q457281	Urbana	United States	-88.2284,40.1105
wolf_prize-000002	University of Wisconsin				United States	
wolf_prize-000003	Stanford University		Q41506		United States	-122.1700,37.4275
wolf_prize-000004	University of Göttingen		Q152838		Germany	9.9379,51.5340
wolf_prize-000005	Moscow State University		Q13164	Moscow	Russia	37.5306,55.7025
wolf_prize-000006	Jackson Laboratory		Q1677355		United States	-68.1965,44.3655
wolf_prize-000007	Saint Louis Hospital Paris				France	
wolf_prize-000008	University of Leiden		Q156598		Netherlands	4.4853,52.1569
wolf_prize-000009	Columbia University		Q49088	New York	United States	-73.9619,40.8075
wolf_prize-000010	Iowa State University		Q1136919		United States	-93.6484,42.0262
wolf_prize-000011	Rowett Research Institute		Q3041197		United Kingdom	-2.1928,57.1850
wolf_prize-000012	Institute of Physical Chemistry of Ukrainian S.S.R. Academy of Sciences				Ukraine	
wolf_prize-000013	Institute for Advanced Study		Q635642	Princeton	United States	-74.6678,40.3317
wolf_prize-000014	Collège de France		Q202660	Paris	France	2.3456,48.8492
wolf_prize-000015	University of Gothenburg		Q371522		Sweden	11.9717,57.6983
wolf_prize-000016	University of Vienna		Q165980		Austria	16.3597,48.2131
wolf_prize-000017	California Institute of Technology		Q161562	Pasadena	United States	-118.1244,34.1385
wolf_prize-000018	Rockefeller University		Q270272	New York	United States	-73.9556,40.7625
wolf_prize-000019	University of Milan		Q46210	Milan	Italy	9.1947,45.4601
wolf_prize-000020	Rutgers University		Q499451		United States	-74.4481,40.5017
wolf_prize-000021	University of Utah		Q168515		United States	-111.8464,40.7642
wolf_prize-000022	Moscow State University		Q13164	Moscow	Russia	37.5306,55.7025
wolf_prize-000023	Universite de Paris				France	
wolf_prize-000024	Medical Research Council		Q746879		United Kingdom	-1.7847,51.5667
wolf_prize-000025	Medical Research Council		Q746879		United Kingdom	-1.7847,51.5667
wolf_prize-000026	Weizmann Institute of Science		Q4182	Rehovot	Israel	34.8092,31.9075
wolf_prize-000027	Cornell University		Q49115	Ithaca	United States	-76.4839,42.4492
wolf_prize-000028	University of Chicago		Q131252	Chicago	United States	-87.5997,41.7897
wolf_prize-000029	University of Maryland		Q503415	College Park	United States	-76.9425,38.9881
wolf_prize-000030	University of Illinois Urbana-Champaign		Q457281	Urbana	United States	-88.2284,40.1105
wolf_prize-000031	University of Wisconsin				United States	
wolf_prize-000032	Pennsylvania State University		Q739627		United States	-77.8628,40.7961
wolf_prize-000033	University of Gothenburg		Q371522		Sweden	11.9717,57.6983
wolf_prize-000034						
wolf_prize-000035	University of Sussex		Q1161297		United Kingdom	-0.0856,50.8653
wolf_prize-000036	Harvard University		Q13371	Cambridge	United States	-71.1169,42.3744
wolf_prize-000037	Harvard University		Q13371	Cambridge	United States	-71.1169,42.3744
wolf_prize-000038	Cold Spring Harbor Laboratory	Carnegie Institution of Washington, Department of Genetics	Q609768	Cold Spring Harbor	United States	-73.4672,40.8619
wolf_prize-000039	Stanford University	School of Medicine	Q41506		United States	-122.1700,37.4275
wolf_prize-000040	Institute for Advanced Study		Q635642	Princeton	United States	-74.6678,40.3317
wolf_prize-000041	Utrecht University		Q221653	Utrecht	Netherlands	5.1750,52.0853
wolf_prize-000042	Massachusetts Institute of Technology		Q49108	Cambridge	United States	-71.0919,42.3597
wolf_prize-000043	New York State Agricultural Experiment Station, College of Agriculture				United States	
wolf_prize-000044						
wolf_prize-000045						
wolf_prize-000046						
wolf_prize-000047	University of California	University of California, Berkeley	Q184478	Berkeley	United States	-122.2583,37.8719
wolf_prize-000048	University of Toronto		Q180865		Canada	-79.3957,43.6629
wolf_prize-000049	Institute for Advanced Study		Q635642	Princeton	United States	-74.6678,40.3317
wolf_prize-000050	Institute of Physical Chemistry of Ukrainian S.S.R. Academy of Sciences				Ukraine	
wolf_prize-000051	Wellcome Research Laboratories		Q20714098		United Kingdom	-0.0214,51.3943
wolf_prize-000052	Institut Pasteur		Q391083		France	2.3111,48.8403
wolf_prize-000053	Johns Hopkins University	School of Medicine	Q193727		United States	-76.5942,39.2989
wolf_prize-000054	Fermi National Accelerator Laboratory		Q337641	Batavia	United States	-88.2572,41.8319
wolf_prize-000055	Stanford University		Q41506	Stanford	United States	-122.1700,37.4275
wolf_prize-000056	Agricultural University		Q1804769		Netherlands	19.9247,50.0647
wolf_prize-000057	Iowa State University		Q1136919		United States	-93.6484,42.0262
wolf_prize-000058						
wolf_prize-000059	Stanford University		Q41506	Stanford	United States	-122.1700,37.4275
wolf_prize-000060	University of Illinois Urbana-Champaign		Q457281	Urbana	United States	-88.2284,40.1105
wolf_prize-000061	Massachusetts Institute of Technology		Q49108	Cambridge	United States	-71.0919,42.3597
wolf_prize-000062	Hungarian Academy of Sciences		Q265058		Hungary	19.0464,47.5011
wolf_prize-000063	University of California, Berkeley		Q168756	Berkeley	United States	-122.2583,37.8719
wolf_prize-000064	College of Agriculture		Q111722916		United States	
wolf_prize-000065						
wolf_prize-000066	Noyes Laboratory of Chemical Physics, California Institute of Technology				United States	
wolf_prize-000067	University of California, Berkeley		Q168756	Berkeley	United States	-122.2583,37.8719
wolf_prize-000068	The University of Tokyo		Q7842	Tokyo	Japan	139.7623,35.7134
wolf_prize-000069	University of Chicago Medical Center		Q7895258		United States	-87.6053,41.7917
wolf_prize-000070	University of California, Berkeley		Q168756	Berkeley	United States	-122.2583,37.8719
wolf_prize-000071	University of Oxford		Q34433	Oxford	United Kingdom	-1.2550,51.7550
wolf_prize-000072	Maiman Associates				United States	
wolf_prize-000073	Stanford University		Q41506	Stanford	United States	-122.1700,37.4275
wolf_prize-000074	Institut Laue–Langevin		Q1536754	Grenoble	France	5.6928,45.2062
wolf_prize-000075	University of Missouri		Q579968		United States	-92.3288,38.9453
wolf_prize-000076	Agricultural				United Kingdom	
wolf_prize-000077						
wolf_prize-000078	Swiss Federal Institute of Technology (ETH)		Q11942		Switzerland	8.5479,47.3764
wolf_prize-000079	Harvard University		Q13371	Cambridge	United States	-71.1169,42.3744
wolf_prize-000080	Institute for Advanced Study		Q635642	Princeton	United States	-74.6678,40.3317
wolf_prize-000081	Columbia University		Q49088	New York	United States	-73.9619,40.8075
wolf_prize-000082	Osaka Medical College		Q11440085		Japan	135.6256,34.8519
wolf_prize-000083	University of Chicago		Q131252		United States	-87.5997,41.7897
wolf_prize-000084	Cornell University		Q49115		United States	-76.4839,42.4492
wolf_prize-000085	Plant Protection Institute, Agricultural Research Service				United States	
wolf_prize-000086						
wolf_prize-000087						
wolf_prize-000088	University of Minnesota		Q238101		United States	-93.2353,44.9750
wolf_prize-000089	Imperial College of Science		Q189022		United Kingdom	-0.1769,51.4983
wolf_prize-000090	Kyoto University		Q336264	Kyoto	Japan	135.7808,35.0262
wolf_prize-000091	Courant Institute of Mathematical Sciences		Q946028	New York	United States	-73.9955,40.7286
wolf_prize-000092	Weizmann Institute of Science		Q4182		Israel	34.8092,31.9075
wolf_prize-000093	Glaxo Inc.				United States	
wolf_prize-000094	Massachusetts Institute of Technology		Q49108	Cambridge	United States	-71.0919,42.3597
wolf_prize-000095	Naval Research Laboratory		Q1499258	Washington, D.C.	United States	-77.0250,38.8225
wolf_prize-000096	Space Telescope Science Institute		Q1540619		United States	-76.6233,39.3328
wolf_prize-000097	University of Paris VI		Q1144549		France	2.3564,48.8472
wolf_prize-000098	Animal Biotechnology Cambridge Ltd.				United Kingdom	
wolf_prize-000099	The University of Tokyo		Q7842	Tokyo	Japan	139.7623,35.7134
wolf_prize-000100						
wolf_prize-000101	Tel Aviv University		Q319239	Tel Aviv	Israel	34.8050,32.1125
wolf_prize-000102	Hebrew University of Jerusalem		Q174158		Israel	35.2000,31.7758
wolf_prize-000103	University of Bonn		Q152171	Bonn	Germany	7.1022,50.7339
wolf_prize-000104	Lund University		Q218506	Lund	Sweden	13.1933,55.7058
wolf_prize-000105	UCLA School of Medicine		Q842165		United States	-118.4431,34.0662
wolf_prize-000106	Technion – Israel Institute of Technology		Q333705		Israel	35.0217,32.7775
wolf_prize-000107	University of Oxford		Q34433	Oxford	United Kingdom	-1.2550,51.7550
wolf_prize-000108	University of Cambridge		Q35794	Cambridge	United Kingdom	0.1132,52.2054
wolf_prize-000109	Agricultural				United Kingdom	
wolf_prize-000110	Agricultural				United Kingdom	
wolf_prize-000111						
wolf_prize-000112	University of Cambridge		Q35794		United Kingdom	0.1132,52.2054
wolf_prize-000113	Swiss Federal Institute of Technology (ETH)		Q11942		Switzerland	8.5479,47.3764
wolf_prize-000114	University of Chicago		Q131252	Chicago	United States	-87.5997,41.7897
wolf_prize-000115	Institute for Advanced Study		Q635642	Princeton	United States	-74.6678,40.3317
wolf_prize-000116	California Institute of Technology		Q161562	Pasadena	United States	-118.1244,34.1385
wolf_prize-000117	University of Cambridge		Q35794		United Kingdom	0.1132,52.2054
wolf_prize-000118	Max Planck Society	Max Planck Institute for Plant Breeding Research	Q158085	Cologne	Germany	6.8594,50.9584
wolf_prize-000119						
wolf_prize-000120	Scuola Normale Superiore di Pisa			Pisa	Italy	
wolf_prize-000121	Tel Aviv University		Q319239	Tel Aviv	Israel	34.8050,32.1125
wolf_prize-000122	Rockefeller University		Q270272		United States	-73.9556,40.7625
wolf_prize-000123	University of Washington		Q219563	Seattle	United States	-122.3081,47.6542
wolf_prize-000124	Collège de France		Q202660	Paris	France	2.3456,48.8492
wolf_prize-000125	University of California	University of California, Davis	Q184478	Davis	United States	-121.7500,38.5400
wolf_prize-000126						
wolf_prize-000127						
wolf_prize-000128	University of California	University of California, Berkeley	Q184478	Berkeley	United States	-122.2583,37.8719
wolf_prize-000129	Swiss Federal Institute of Technology (ETH)		Q11942		Switzerland	8.5479,47.3764
wolf_prize-000130	California Institute of Technology		Q161562	Pasadena	United States	-118.1244,34.1385
wolf_prize-000131	Brookhaven National Laboratory		Q585777	Upton	United States	-72.8721,40.8733
wolf_prize-000132	Swiss Federal Institute of Technology (ETH)		Q11942		Switzerland	8.5479,47.3764
wolf_prize-000133						
wolf_prize-000134						
wolf_prize-000135						
wolf_prize-000136	Carnegie-Mellon University		Q190080		United States	-79.9433,40.4425
wolf_prize-000137	University of Cambridge		Q35794	Cambridge	United Kingdom	0.1132,52.2054
wolf_prize-000138	Royal Institute of Technology		Q854280	Stockholm	Sweden	18.0728,59.3472
wolf_prize-000139	Harvard University	Harvard Medical School	Q13371		United States	-71.1039,42.3369
wolf_prize-000140	Princeton University		Q21578	Princeton	United States	-74.6561,40.3453
wolf_prize-000141	University of California	University of California, Berkeley	Q184478	Berkeley	United States	-122.2583,37.8719
wolf_prize-000142						
wolf_prize-000143	California Institute of Technology		Q161562	Pasadena	United States	-118.1244,34.1385
wolf_prize-000144	Collège de France		Q202660	Paris	France	2.3456,48.8492
wolf_prize-000145	Institut des Hautes Études Scientifiques		Q1156553	Bures-sur-Yvette	France	2.1691,48.6950
wolf_prize-000146	IBM Thomas J. Watson Research Center		Q476208		United States	-73.8030,41.2102
wolf_prize-000147	University of California	University of California, Berkeley	Q184478	Berkeley	United States	-122.2583,37.8719
wolf_prize-000148	Texas A&M University		Q49212		United States	-96.3441,30.6104
wolf_prize-000149						
wolf_prize-000150	University of California	University of California, Berkeley	Q184478	Berkeley	United States	-122.2583,37.8719
wolf_prize-000151	Scripps Research Institute		Q793867		United States	-117.2425,32.8961
wolf_prize-000152	ETH Zurich		Q11942	Zurich	Switzerland	8.5479,47.3764
wolf_prize-000153	University of Cambridge		Q35794		United Kingdom	0.1132,52.2054
wolf_prize-000154	Kobe University	School of Medicine	Q1192597		Japan	135.2347,34.7281
wolf_prize-000155	Lebedev Physical Institute		Q1810862	Moscow	Russia	37.5653,55.6978
wolf_prize-000156	University of Chicago		Q131252	Chicago	United States	-87.5997,41.7897
wolf_prize-000157	University of Illinois Urbana-Champaign		Q457281	Urbana	United States	-88.2284,40.1105
wolf_prize-000158	Centre for land		Q17007257		Canada	
wolf_prize-000159						
wolf_prize-000160						
wolf_prize-000161	Columbia University		Q49088	New York	United States	-73.9619,40.8075
wolf_prize-000162	Memorial Sloan-Kettering Cancer Center		Q1808012		United States	-73.9568,40.7641
wolf_prize-000163	Princeton University		Q21578	Princeton	United States	-74.6561,40.3453
wolf_prize-000164	Institute for Advanced Study		Q635642	Princeton	United States	-74.6678,40.3317
wolf_prize-000165	University of California	University of California, San Francisco	Q184478	San Francisco	United States	-122.4581,37.7628
wolf_prize-000166	University of Wisconsin				United States	
wolf_prize-000167						
wolf_prize-000168	Texas A&M University		Q49212		United States	-96.3441,30.6104
wolf_prize-000169	Stanford University		Q41506	Stanford	United States	-122.1700,37.4275
wolf_prize-000170	Princeton University		Q21578	Princeton	United States	-74.6561,40.3453
wolf_prize-000171	Princeton University		Q21578	Princeton	United States	-74.6561,40.3453
wolf_prize-000172	Medical Research Council, Mammalian Genetics Unit				United Kingdom	
wolf_prize-000173	University of Manitoba		Q1191833		Canada	-97.1328,49.8094
wolf_prize-000174	Hebrew University of Jerusalem		Q174158	Jerusalem	Israel	35.2000,31.7758
wolf_prize-000175						
wolf_prize-000176	University of California	University of California, Berkeley	Q184478	Berkeley	United States	-122.2583,37.8719
wolf_prize-000177	Max Planck Society	Fritz Haber Institute	Q158085		Germany	13.2830,52.4485
wolf_prize-000178	Weizmann Institute of Science		Q4182		Israel	34.8092,31.9075
wolf_prize-000179	Weizmann Institute of Science		Q4182		Israel	34.8092,31.9075
wolf_prize-000180	University of Bristol		Q459506	Bristol	United Kingdom	-2.6044,51.4564
wolf_prize-000181	Tel Aviv University		Q319239	Tel Aviv	Israel	34.8050,32.1125
wolf_prize-000182	University of Alberta		Q640694		Canada	-113.5244,53.5244
wolf_prize-000183	Princeton University		Q21578	Princeton	United States	-74.6561,40.3453
wolf_prize-000184	Yale University		Q49112	New Haven	United States	-72.9267,41.3111
wolf_prize-000185	Columbia University		Q49088	New York	United States	-73.9619,40.8075
wolf_prize-000186	Technion – Israel Institute of Technology		Q333705	Haifa	Israel	35.0217,32.7775
wolf_prize-000187	International Rice Research Institute		Q1204921		Philippines	121.2616,14.1417
wolf_prize-000188						
wolf_prize-000189						
wolf_prize-000190	Texas A&M University		Q49212		United States	-96.3441,30.6104
wolf_prize-000191	Collège de France		Q202660	Paris	France	2.3456,48.8492
wolf_prize-000192	Harvard University		Q13371	Cambridge	United States	-71.1169,42.3744
wolf_prize-000193	The University of Tokyo		Q7842	Tokyo	Japan	139.7623,35.7134
wolf_prize-000194	University of Pennsylvania		Q49117	Philadelphia	United States	-75.1936,39.9519
wolf_prize-000195	Texas A&M University		Q49212		United States	-96.3441,30.6104
wolf_prize-000196	Danforth Plant Science Center				United States	
wolf_prize-000197						
wolf_prize-000198	Université Paris-Sud		Q1480643	Orsay	France	2.1706,48.7006
wolf_prize-000199	Scripps Research Institute		Q793867		United States	-117.2425,32.8961
wolf_prize-000200	Nagoya University		Q1191132		Japan	136.9686,35.1525
wolf_prize-000201	Hebrew University of Jerusalem		Q174158	Jerusalem	Israel	35.2000,31.7758
wolf_prize-000202	Steklov Mathematical Institute		Q611420		Russia	37.5644,55.6947
wolf_prize-000203	California Institute of Technology		Q161562	Pasadena	United States	-118.1244,34.1385
wolf_prize-000204	Technion – Israel Institute of Technology		Q333705		Israel	35.0217,32.7775
wolf_prize-000205	Texas A&M University		Q49212		United States	-96.3441,30.6104
wolf_prize-000206	University of Missouri		Q579968		United States	-92.3288,38.9453
wolf_prize-000207						
wolf_prize-000208	University of Texas at Austin		Q49213	Austin	United States	-97.7394,30.2861
wolf_prize-000209	Kyoto University		Q336264	Kyoto	Japan	135.7808,35.0262
wolf_prize-000210	University of Utah		Q168515		United States	-111.8464,40.7642
wolf_prize-000211	University of North Carolina		Q192334		United States	-79.0492,35.9086
wolf_prize-000212	University of Pennsylvania		Q49117		United States	-75.1936,39.9519
wolf_prize-000213	University of Illinois Urbana-Champaign		Q457281	Urbana	United States	-88.2284,40.1105
wolf_prize-000214	Harvard University		Q13371	Cambridge	United States	-71.1169,42.3744
wolf_prize-000215	Cornell University		Q49115		United States	-76.4839,42.4492
wolf_prize-000216	China National Hybrid Rice Research				China	
wolf_prize-000217						
wolf_prize-000218						
wolf_prize-000219	California Institute of Technology		Q161562	Pasadena	United States	-118.1244,34.1385
wolf_prize-000220	Whitehead Institute for Biomedical Research, Massachusetts Institute of Technology (MIT)				United States	
wolf_prize-000221	University of California San Diego		Q622664		United States	-117.2361,32.8789
wolf_prize-000222	Université libre de Bruxelles		Q574606	Brussels	Belgium	4.3811,50.8117
wolf_prize-000223	University of Edinburgh		Q160302	Edinburgh	United Kingdom	-3.1872,55.9474
wolf_prize-000224	Université libre de Bruxelles		Q574606	Brussels	Belgium	4.3811,50.8117
wolf_prize-000225						
wolf_prize-000226	Stanford University		Q41506		United States	-122.1700,37.4275
wolf_prize-000227	Yale University		Q49112	New Haven	United States	-72.9267,41.3111
wolf_prize-000228	University of Maryland		Q503415		United States	-76.9425,38.9881
wolf_prize-000229	Hebrew University of Jerusalem		Q174158	Jerusalem	Israel	35.2000,31.7758
wolf_prize-000230	The Samuel Lunenfeld Research Institute of Mount Sinai Hospital				Canada	
wolf_prize-000231	Salk Institute for Biological Studies		Q1351061	La Jolla	United States	-117.2464,32.8875
wolf_prize-000232	Massachusetts Institute of Technology		Q49108	Cambridge	United States	-71.0919,42.3597
wolf_prize-000233	University of Liège		Q1334582		Belgium	5.5747,50.6408
wolf_prize-000234	University of Minnesota		Q238101		United States	-93.2353,44.9750
wolf_prize-000235						
wolf_prize-000236	Weizmann Institute of Science		Q4182		Israel	34.8092,31.9075
wolf_prize-000237	University of California, San Diego		Q622664		United States	-117.2361,32.8789
wolf_prize-000238	Hebrew University of Jerusalem		Q174158	Jerusalem	Israel	35.2000,31.7758
wolf_prize-000239	University of California, Berkeley		Q168756		United States	-122.2583,37.8719
wolf_prize-000240	Université Paris-Sud		Q1480643	Orsay	France	2.1706,48.7006
wolf_prize-000241	Forschungszentrum Jülich		Q697111	Jülich	Germany	6.4119,50.9050
wolf_prize-000242	Pennsylvania State University		Q739627		United States	-77.8628,40.7961
wolf_prize-000243	Rothamsted Research		Q1326711		United Kingdom	-0.3553,51.8092
wolf_prize-000244	Agricultural Research Service, US Department of Agriculture				United States	
wolf_prize-000245						
wolf_prize-000246						
wolf_prize-000247	University of Texas				United States	
wolf_prize-000248	Stanford University		Q41506		United States	-122.1700,37.4275
wolf_prize-000249	Brown University		Q49114	Providence	United States	-71.4031,41.8261
wolf_prize-000250	Institute for Advanced Study		Q635642	Princeton	United States	-74.6678,40.3317
wolf_prize-000251	Institute for Advanced Study		Q635642	Princeton	United States	-74.6678,40.3317
wolf_prize-000252	Hebrew University of Jerusalem		Q174158	Jerusalem	Israel	35.2000,31.7758
wolf_prize-000253	Hebrew University of Jerusalem		Q174158	Jerusalem	Israel	35.2000,31.7758
wolf_prize-000254	University of Cambridge		Q35794		United Kingdom	0.1132,52.2054
wolf_prize-000255						
wolf_prize-000256						
wolf_prize-000257	Stony Brook University			Stony Brook	United States	-73.1246,40.9173
wolf_prize-000258	Harvard University		Q13371	Cambridge	United States	-71.1169,42.3744
wolf_prize-000259	Max Planck Society	Max Planck Institute of Biochemistry	Q158085		Germany	11.4606,48.1050
wolf_prize-000260	Institut d'Optique		Q898448	Palaiseau	France	2.2033,48.7144
wolf_prize-000261	University of Vienna		Q165980	Vienna	Austria	16.3597,48.2131
wolf_prize-000262	J.F. Clauser & Assoc.				United States	
wolf_prize-000263	Institute for Genomic Biology, University of Illinois				United States	
wolf_prize-000264	Washington State University		Q597236		United States	-117.1596,46.7252
wolf_prize-000265						
wolf_prize-000266	University of Rochester		Q149990		United States	-77.6283,43.1283
wolf_prize-000267	Carnegie Mellon University		Q190080	Pittsburgh	United States	-79.9433,40.4425
wolf_prize-000268	University of Chicago		Q131252		United States	-87.5997,41.7897
wolf_prize-000269	Whitehead Institute		Q825987		United States	-71.0895,42.3631
wolf_prize-000270	The J. David Gladstone Institutes				United States	
wolf_prize-000271	Technical University of Darmstadt		Q310695	Darmstadt	Germany	8.6564,49.8750
wolf_prize-000272	Forschungszentrum Jülich		Q697111	Jülich	Germany	6.4119,50.9050
wolf_prize-000273	Karlsruhe Institute of Technology		Q309988		Germany	8.4319,49.0996
wolf_prize-000274						
wolf_prize-000275						
wolf_prize-000276	Lawrence Berkeley National Laboratory		Q1133630	Berkeley	United States	-122.2486,37.8758
wolf_prize-000277	Harvard University		Q13371	Cambridge	United States	-71.1169,42.3744
wolf_prize-000278	University of Texas at Austin		Q49213	Austin	United States	-97.7394,30.2861
wolf_prize-000279	California Institute of Technology		Q161562	Pasadena	United States	-118.1244,34.1385
wolf_prize-000280	Salk Institute for Biological Studies		Q1351061	La Jolla	United States	-117.2464,32.8875
wolf_prize-000281	Hebrew University of Jerusalem		Q174158	Jerusalem	Israel	35.2000,31.7758
wolf_prize-000282	UCLA		Q174710		United States	-118.4428,34.0722
wolf_prize-000283	Rutgers University		Q499451		United States	-74.4481,40.5017
wolf_prize-000284						
wolf_prize-000285	Massachusetts Institute of Technology		Q49108	Cambridge	United States	-71.0919,42.3597
wolf_prize-000286	Yale University		Q49112	New Haven	United States	-72.9267,41.3111
wolf_prize-000287	Massachusetts Institute of Technology		Q49108	Cambridge	United States	-71.0919,42.3597
wolf_prize-000288	Max Planck Society	Max Planck Institute of Quantum Optics	Q158085	Garching	Germany	11.6667,48.2594
wolf_prize-000289	University of Innsbruck		Q875788	Innsbruck	Austria	11.3839,47.2631
wolf_prize-000290	University of California Davis				United States	
wolf_prize-000291	Uppsala University		Q185246		Sweden	17.6289,59.8575
wolf_prize-000292						
wolf_prize-000293	From Academia Sinica				Taiwan	
wolf_prize-000294	Princeton University		Q21578	Princeton	United States	-74.6561,40.3453
wolf_prize-000295	Massachusetts General Hospital		Q126412		United States	-71.0689,42.3628
wolf_prize-000296	McGill University		Q201492		Canada	-73.5775,45.5050
wolf_prize-000297	The University of Massachusetts Medical School				United States	
wolf_prize-000298	The Ohio State University		Q309331		United States	-83.0278,40.0058
wolf_prize-000299						
wolf_prize-000300						
wolf_prize-000301	University of Toronto		Q180865	Toronto	Canada	-79.3957,43.6629
wolf_prize-000302	Rockefeller University, New York				United States	
wolf_prize-000303	National Jewish Health, Denver, Colorado		Q6973875		United States	-104.9420,39.7391
wolf_prize-000304	National Jewish Health, Denver, Colorado		Q6973875		United States	-104.9420,39.7391
wolf_prize-000305	Stanford University		Q41506	Stanford	United States	-122.1700,37.4275
wolf_prize-000306	Harvard University		Q13371	Cambridge	United States	-71.1169,42.3744
wolf_prize-000307	North Carolina State University, NC				United States	
wolf_prize-000308						
wolf_prize-000309	Rice University, Houston, TX				United States	
wolf_prize-000310	Harvard University		Q13371	Cambridge	United States	-71.1169,42.3744
wolf_prize-000311	Harvard University	Harvard Medical School	Q13371		United States	-71.1039,42.3369
wolf_prize-000312	Weill Cornell Medical College in New York				United States	
wolf_prize-000313	Weizmann Institute of Science		Q4182	Rehovot	Israel	34.8092,31.9075
wolf_prize-000314						
wolf_prize-000315						
wolf_prize-000316	University of California, Berkeley		Q168756		United States	-122.2583,37.8719
wolf_prize-000317	Princeton University		Q21578	Princeton	United States	-74.6561,40.3453
wolf_prize-000318	University of California, Irvine		Q868421	Irvine	United States	-117.8426,33.6454
wolf_prize-000319	University of Texas MD Anderson Cancer Center				United States	
wolf_prize-000320	University of Geneva		Q503473	Geneva	Switzerland	6.1445,46.1990
wolf_prize-000321	University of Geneva		Q503473	Geneva	Switzerland	6.1445,46.1990
wolf_prize-000322	University of Illinois Urbana-Champaign		Q457281	Urbana	United States	-88.2284,40.1105
wolf_prize-000323						
wolf_prize-000324						
wolf_prize-000325	The University of Tokyo		Q7842	Tokyo	Japan	139.7623,35.7134
wolf_prize-000326	University of California, Berkeley		Q168756		United States	-122.2583,37.8719
wolf_prize-000327	University of Chicago		Q131252	Chicago	United States	-87.5997,41.7897
wolf_prize-000328	University of Chicago		Q131252	Chicago	United States	-87.5997,41.7897
wolf_prize-000329	IBM Thomas J. Watson Research Center		Q476208	Yorktown Heights	United States	-73.8030,41.2102
wolf_prize-000330	Université de Montréal		Q392189	Montreal	Canada	-73.6143,45.5041
wolf_prize-000331	University of California, Berkeley		Q168756		United States	-122.2583,37.8719
wolf_prize-000332						
wolf_prize-000333	University of California, Berkeley		Q168756		United States	-122.2583,37.8719
wolf_prize-000334	Massachusetts Institute of Technology		Q49108	Cambridge	United States	-71.0919,42.3597
wolf_prize-000335	University of Chicago		Q131252	Chicago	United States	-87.5997,41.7897
wolf_prize-000336	Université Paris-Saclay			Orsay	France	
wolf_prize-000337	Rockefeller University		Q270272		United States	-73.9556,40.7625
wolf_prize-000338	John Innes Centre		Q365105		United Kingdom	1.2214,52.6223
wolf_prize-000339						
wolf_prize-000340	Imperial College London		Q189022	London	United Kingdom	-0.1769,51.4983
wolf_prize-000341	Stanford University		Q41506	Stanford	United States	-122.1700,37.4275
wolf_prize-000342	Max Planck Society	Max Planck Unit for the Science of Pathogens	Q158085	Berlin	Germany	13.3744,52.5256
wolf_prize-000343	University of California, Berkeley		Q168756		United States	-122.2583,37.8719
wolf_prize-000344	University of Texas at Austin		Q49213	Austin	United States	-97.7394,30.2861
wolf_prize-000345	Massachusetts Institute of Technology		Q49108	Cambridge	United States	-71.0919,42.3597
wolf_prize-000346	Applied Materials		Q621610		Israel	
wolf_prize-000347						
wolf_prize-000348						
wolf_prize-000349	Weizmann Institute of Science		Q4182		Israel	34.8092,31.9075
wolf_prize-000350	Weizmann Institute of Science		Q4182		Israel	34.8092,31.9075
wolf_prize-000351	Cold Spring Harbor Laboratory		Q609768		United States	-73.4672,40.8619
wolf_prize-000352	Yale University		Q49112		United States	-72.9267,41.3111
wolf_prize-000353	University of Rochester		Q149990		United States	-77.6283,43.1283
wolf_prize-000354	Sapienza University of Rome		Q209344	Rome	Italy	12.5158,41.9033
wolf_prize-000355	University of California, Davis		Q129421		United States	-121.7500,38.5400
wolf_prize-000356						
wolf_prize-000357						
wolf_prize-000358						
wolf_prize-000359	Scripps Research Institute		Q793867		United States	-117.2425,32.8961
wolf_prize-000360	Princeton University		Q21578		United States	-74.6561,40.3453
wolf_prize-000361	Stanford University		Q41506		United States	-122.1700,37.4275
wolf_prize-000362	Massachusetts Institute of Technology		Q49108	Cambridge	United States	-71.0919,42.3597
wolf_prize-000363	Lund University		Q218506	Lund	Sweden	13.1933,55.7058
wolf_prize-000364	Max Planck Society	Max Planck Institute of Quantum Optics	Q158085	Garching	Germany	11.6667,48.2594
wolf_prize-000365	University of Ottawa		Q627969	Ottawa	Canada	-75.6824,45.4222
wolf_prize-000366	The Federal University of Rio de Janeiro				Brazil	
wolf_prize-000367						
wolf_prize-000368						
wolf_prize-000369	The University of Chicago				United States	
wolf_prize-000370	The University of Tokyo		Q7842	Tokyo	Japan	139.7623,35.7134
wolf_prize-000371	Scripps Research Institute		Q793867		United States	-117.2425,32.8961
wolf_prize-000372	Duke University		Q168751	Durham	United States	-78.9389,36.0011
wolf_prize-000373	University of Toronto		Q180865		Canada	-79.3957,43.6629
wolf_prize-000374	California Institute of Technology		Q161562	Pasadena	United States	-118.1244,34.1385
wolf_prize-000375	Salk Institute for Biological Studies		Q1351061	La Jolla	United States	-117.2464,32.8875
wolf_prize-000376	University of California, Davis		Q129421		United States	-121.7500,38.5400
wolf_prize-000377						
wolf_prize-000378	Weizmann Institute of Science		Q4182	Rehovot	Israel	34.8092,31.9075
wolf_prize-000379	Tel Aviv University		Q319239	Tel Aviv	Israel	34.8050,32.1125
wolf_prize-000380	Institute of Molecular		Q11087599		Switzerland	
wolf_prize-000381	University of Pittsburgh	School of Medicine	Q7896139		United States	-79.9613,40.4431
wolf_prize-000382	University of Cambridge		Q35794	Cambridge	United Kingdom	0.1132,52.2054
wolf_prize-000383	University of California, Berkeley		Q168756		United States	-122.2583,37.8719
wolf_prize-000384	University of North Carolina at Chapel Hill		Q192334		United States	-79.0492,35.9086
wolf_prize-000385	The Sainsbury Laboratory		Q7400528		United Kingdom	1.2229,52.6222
wolf_prize-000386						
wolf_prize-000387	Technische Universität Berlin		Q51985		Germany	13.3264,52.5119
wolf_prize-000388	California Institute of Technology		Q161562	Pasadena	United States	-118.1244,34.1385
wolf_prize-000389	Pennsylvania State University			University Park	United States	-77.8628,40.7961
wolf_prize-000390	California Institute of Technology		Q161562	Pasadena	United States	-118.1244,34.1385
wolf_prize-000391	Weizmann Institute of Science		Q4182	Rehovot	Israel	34.8092,31.9075
